tree
version=v4
num_class=1
num_tree_per_iteration=1
label_index=0
max_feature_idx=13
objective=binary sigmoid:1
feature_names=name_jw name_sort_ratio name_set_ratio name_partial_ratio name_len_diff first_word_match is_addr_empty_s1 is_addr_empty_c addr_token_sort addr_jaccard num_common num_exact_first blocking_hits source_is_s3
feature_infos=[0:1] [0:100] [0:100] [0:100] [0:1] [0:1] none [0:1] [0:100] [0:1] [0:10] [0:1] [1:16] [0:1]
tree_sizes=3377 3458 3463 3457 3467 3443 3480 3455 3458 3480 3469 3463 3469 3476 3444 3449 3453 3477 3476 3468 3451 3469 3446 3464 3467 3466 3465 3467 3487 3446 3452 3467 3470 3459 3452 3454 3500 3458 3446 3488 3473 3487 3493 3466 3480 3479 3484 3482 3475 3493 3485 3477 3479 3495 3476 3465 3468 3464 3496 3472 3476 3491 3470 3483 3470 3462 3493 3478 3484 3460 3478 3493 3496 3502 3494 3504 3492 3487 3488 3482 3476 3503 3477 3470 3485 3499 3476 3497 3494 3473 3475 3477 3491 3493 3478 3500 3501 3476 3505 3465 3484 3475 3484 3488 3488 3515 3479 3474 3480 3454 3488 3507 3478 3491 3483 3474 3491 3475 3489 3472 3512 3512 3495 3488 3497 3500 3498 3504 3520 3496 3481 3499 3486 3475 3494 3490 3478 3493 3480 3485 3495 3497 3479 3463 3473 3502 3498 3474 3476 3480 3472 3496 3470 3496 3494 3472 3472 3494 3484 3461 3471 3478 3474 3485 3486 3473 3473 3444 3496 3443 3463 3467 3465 3490 3488 3452 3471 3488 3463 3488 3481 3476 3486 3447 3488 3447 3488 3446 3468 3469 3472 3457 3447 3478 3503 3455 3431 3448 3474 3474 3457 3471 3436 3484 3456 3474 3454 3466 3438 3460 3444 3498 3484 3466 3485 3474 3476 3478 3450 3467 3470 3474 3458 3492 3483 3484 3465 3445 3479 3450 3457 3458 3419 3442 3483 3473 3454 3448 3450 3455 3459 3467 3433 3467 3482 3443 3488 3460 3476 3446

Tree=0
num_leaves=31
num_cat=0
split_feature=9 7 9 2 2 3 2 8 12 13 12 9 12 3 4 12 1 9 2 13 8 12 12 8 9 13 1 13 9 13
split_gain=99776.8 5829.08 2002.32 3090.41 1739.29 1580.05 1811.74 846.816 805.092 424.105 338.148 215.961 457.317 172.076 162.332 100.584 93.7233 93.5521 195.344 193.558 82.524 79.348 72.1092 66.1867 59.2004 55.8118 48.9607 45.8106 44.9327 158.324
threshold=0.2639319002628327 1.0000000180025095e-35 0.16064515709877017 80.322582244873061 81.120250701904311 57.93287658691407 17.519181251525882 82.674114227294936 1.5000000000000002 1.0000000180025095e-35 1.5000000000000002 0.45643940567970281 1.5000000000000002 89.512962341308608 0.98275861144065868 4.5000000000000009 69.614067077636733 0.11651583760976793 89.725547790527358 1.0000000180025095e-35 62.173519134521491 1.5000000000000002 1.5000000000000002 92.340286254882827 0.45643940567970281 1.0000000180025095e-35 71.33072662353517 1.0000000180025095e-35 0.31698563694953924 1.0000000180025095e-35
decision_type=2 2 2 2 2 2 2 2 2 2 2 2 2 2 2 2 2 2 2 2 2 2 2 2 2 2 2 2 2 2
left_child=1 2 17 8 16 6 11 10 14 -5 -8 12 -2 -10 -4 25 -3 20 21 -20 -1 -19 -9 -24 -12 26 -6 -14 29 -7
right_child=5 4 3 9 15 28 7 22 13 -11 24 -13 27 -15 -16 -17 -18 18 19 -21 -22 -23 23 -25 -26 -27 -28 -29 -30 -31
leaf_value=0.061235460196301897 0.26131166824776536 0.077030208506839559 0.14654862986763592 0.11912843963657199 0.1433747723493812 0.16669242557807015 0.23621358852733365 0.25807894524202712 0.064111887480541765 0.25279471784995 0.069283060032755972 0.25786671555065865 0.11096341976236215 0.22612659429038082 0.2555749337491644 0.2414941731171914 0.15569377798819206 0.11791659832235685 0.063735160545000669 0.19264190423484051 0.20919412471347171 0.062023352087797856 0.16579567782945887 0.22007889691937363 0.12171310487500872 0.22266862202946344 0.19985376154454476 0.17861254955034406 0.2606066321908298 0.25741059404495947
leaf_weight=11730.766011193395 167.53627695143223 307.2739420235157 78.679999694228172 70.241135373711586 44.179936736822128 57.582838892936707 38.471293225884438 60.561261594295502 1133.0416359752417 382.47911523282528 269.79545636475086 1002.2392390072346 79.672807261347771 16.629526749253273 60.313059702515602 299.33148148655891 43.18712916970253 71.730346724390984 50.384984031319618 69.000125914812088 9.4316718876361829 553.2420167773962 98.53615103662014 130.55419507622719 67.262712672352791 279.47533014416695 291.88542473316193 36.485678091645241 14465.454454824328 291.88542473316193
leaf_count=47263 675 1238 317 283 178 232 155 244 4565 1541 1087 4038 321 67 243 1206 174 289 203 278 38 2229 397 526 271 1126 1176 147 58281 1176
internal_value=0.170081 0.0785972 0.06945 0.119677 0.181438 0.254608 0.212312 0.145322 0.0801968 0.232056 0.0957753 0.246965 0.208452 0.0664554 0.193858 0.21772 0.0867239 0.0624442 0.0796334 0.138238 0.0613543 0.0684384 0.209558 0.196731 0.0797459 0.206159 0.192429 0.132212 0.260179 0.242463
internal_weight=32257.3 15491.3 14225.9 1741.38 1265.33 16766 1951.12 665.181 1288.66 452.72 375.529 1285.93 283.695 1149.67 138.993 914.872 350.461 12484.6 744.357 119.385 11740.2 624.972 289.652 229.09 337.058 615.541 336.065 116.158 14814.9 349.468
internal_count=129964 62414 57316 7016 5098 67550 7861 2680 5192 1824 1513 5181 1143 4632 560 3686 1412 50300 2999 481 47301 2518 1167 923 1358 2480 1354 468 59689 1408
is_linear=0
shrinkage=1


Tree=1
num_leaves=31
num_cat=0
split_feature=9 7 9 2 2 2 4 8 12 12 13 4 1 9 12 1 8 8 12 1 9 2 12 13 13 8 9 2 13 13
split_gain=90507.1 5268.82 1710.85 2729.85 1577.89 1380.44 1463.54 1011.65 700.097 350.506 336.093 143.128 130.125 126.908 248.091 107.095 91.8501 89.2932 88.2252 79.2803 77.8748 179.032 67.263 49.1641 44.6601 41.9021 38.7873 152.927 166.029 31.5443
threshold=0.2639319002628327 1.0000000180025095e-35 0.16064515709877017 83.795948028564467 84.680576324462905 45.867485046386726 0.83484846353530895 78.41568756103517 1.5000000000000002 1.5000000000000002 1.0000000180025095e-35 0.98275861144065868 76.50690078735353 0.37797619402408605 1.5000000000000002 58.017766952514656 65.176864624023452 89.19553375244142 4.5000000000000009 46.065429687500007 0.11651583760976793 89.725547790527358 1.5000000000000002 1.0000000180025095e-35 1.0000000180025095e-35 65.176864624023452 0.33974359929561621 78.867622375488295 1.0000000180025095e-35 1.0000000180025095e-35
decision_type=2 2 2 2 2 2 2 2 2 2 2 2 2 2 2 2 2 2 2 2 2 2 2 2 2 2 2 2 2 2
left_child=1 2 16 8 12 6 7 9 11 -2 25 -4 23 14 -8 -10 20 22 24 -11 -1 -22 -9 -3 -6 -5 27 28 -7 -16
right_child=5 4 3 10 18 26 13 17 15 19 -12 -13 -14 -15 29 -17 -18 -19 -20 -21 21 -23 -24 -25 -26 -27 -28 -29 -30 -31
leaf_value=-0.1026779958009878 0.070525754686886877 -0.091804549648704131 -0.020669924329818058 -0.060423348220014488 0.023548064791037691 -0.069817873263086166 0.08652272609615691 0.077451856392300664 -0.10099312528923188 -0.089223616292672447 0.079613207828460347 0.080871393879367412 0.033492117020791926 0.083483445915768423 -0.058535730000005948 -0.041825742166237585 0.050654091744307399 0.059139456063543851 0.069601721473278852 0.082089980215644495 -0.096800122102088423 -0.030060395682688375 -0.0050714447295426134 -0.043253363564500921 0.051008963702303338 0.058965199897970166 0.087097534051220393 0.084399184494589108 0.06939053061631055 0.016955244712043096
leaf_weight=11840.119677141309 40.150749057531357 284.94828177988529 87.982634291052818 55.552672728896141 319.96998937427998 35.657900169491768 101.01592060923576 30.992615759372711 1104.81604988873 331.2145172059536 363.41301111876965 57.309057787060738 25.779423728585243 1062.7667738497257 48.600220426917076 82.167330175638199 9.9008405506610853 284.03562791645527 297.39294581115246 6.8939528763294211 616.48815584182739 120.05305126309395 121.46911226212978 63.820498257875443 275.57007533311844 8.4699142277240735 13944.486912712455 544.13759243488312 53.637198984622955 19.346452474594116
leaf_count=47405 163 1142 354 223 1292 144 411 126 4424 1328 1477 233 104 4321 195 330 40 1152 1207 28 2469 483 490 256 1116 34 56729 2212 218 78
internal_value=-4.13139e-05 -0.0864875 -0.0951207 -0.0489423 0.0112299 0.0811495 0.0426948 -0.00929412 -0.0842164 -0.0691446 0.0610039 0.0193822 -0.0749078 0.0770841 0.0368327 -0.0968973 -0.101577 0.042571 0.0473611 -0.0857306 -0.101697 -0.0859218 0.011704 -0.0829203 0.0362549 -0.0446288 0.0865478 0.0744469 0.0138009 -0.0370412
internal_weight=32238.2 15613.8 14346.3 1759.71 1267.48 16624.4 2046.49 814.757 1332.28 378.259 427.436 145.292 374.548 1231.73 168.963 1186.98 12586.6 436.497 892.933 338.108 12576.7 736.541 152.462 348.769 595.54 64.0226 14577.9 633.433 89.2951 67.9467
internal_count=130184 62589 57472 7075 5117 67595 8292 3287 5341 1519 1734 587 1502 5005 684 4754 50397 1768 3615 1356 50357 2952 616 1398 2408 257 59303 2574 362 273
is_linear=0
shrinkage=0.05


Tree=2
num_leaves=31
num_cat=0
split_feature=9 7 9 3 2 3 3 8 13 4 1 11 11 9 13 8 9 2 11 9 1 8 11 8 8 3 1 10 2 1
split_gain=82064.6 4807.43 1668.4 2549.19 1457.32 1296.55 1564.52 756.062 422.188 254.336 236.375 189.219 160.856 104.771 81.7823 81.4001 70.6412 142.263 67.4664 66.0566 54.5078 50.6066 38.1263 35.9052 32.4035 32.0177 31.9806 31.7456 30.8479 37.6791
threshold=0.26794873178005224 1.0000000180025095e-35 0.16064515709877017 83.795948028564467 81.302967071533217 57.93287658691407 24.121212005615238 82.385261535644545 1.0000000180025095e-35 0.98275861144065868 73.765182495117202 1.0000000180025095e-35 1.0000000180025095e-35 0.45643940567970281 1.0000000180025095e-35 66.079193115234389 0.12060606107115747 89.725547790527358 1.0000000180025095e-35 0.47493734955787664 85.89511871337892 89.294017791748061 1.0000000180025095e-35 53.368236541748054 67.873523712158217 96.922348022460952 70.064933776855483 1.0000000180025095e-35 88.998897552490249 75.905715942382827
decision_type=2 2 2 2 2 2 2 2 2 2 2 2 2 2 2 2 2 2 2 2 2 2 2 2 2 2 2 2 2 2
left_child=1 2 15 9 14 6 13 12 24 10 -4 -11 -8 18 -3 16 -1 -18 -2 -14 28 22 -9 -20 -5 -22 -16 -7 29 -6
right_child=5 4 3 8 20 27 7 21 -10 11 -12 -13 19 -15 26 -17 17 -19 23 -21 25 -23 -24 -25 -26 -27 -28 -29 -30 -31
leaf_value=-0.097406361863013338 0.083468668527370671 -0.086677605837025481 -0.092568372424196521 -0.062814753810145646 -0.066062545088432165 0.078773221796145612 0.053061611756851305 0.074075319741537846 0.074987139702681838 0.078692615519439374 0.053000967808017475 -0.050673743518837591 -0.085443218836756374 0.08215165563098982 -0.044105762385280946 0.059416405611782012 -0.090598877122698915 -0.026454152019883451 0.05449081499895192 -0.032060578760161718 0.079435873593570641 0.050255436316877788 -0.0087342181639818179 0.0074545969902718072 0.058639924495452647 0.048015570805384482 0.038225065825749756 0.084586658288308456 0.033065421871802607 0.029612149311313299
leaf_weight=11940.58699426055 79.104251712560654 284.89695625007153 1129.039637118578 70.404958963394165 18.852801457047462 2949.5355681777 26.390704199671745 17.021330386400223 398.88185651600361 35.72510527074337 28.593209952116013 135.37703686952591 290.41915534436703 940.81390863656998 50.230377167463303 8.3732579797506315 549.09607285261154 102.58834148943424 70.365298181772232 72.396367207169533 94.973420664668083 227.75375689566135 75.789521872997284 95.825718715786934 5.9562531411647788 554.20853680372238 15.414835155010222 11520.852076664567 225.33964110910892 22.659196823835373
leaf_count=47783 326 1140 4519 282 76 12154 108 70 1637 147 116 545 1163 3873 201 34 2197 412 287 291 386 930 306 389 24 2260 62 47484 916 92
internal_value=1.69776e-06 -0.0817775 -0.0899893 -0.0450165 0.0116148 0.0783077 0.0394278 -0.0192884 0.0543676 -0.0805628 -0.0889729 -0.0236628 -0.066122 0.0745638 -0.0750848 -0.0964278 -0.0965315 -0.0805012 0.0454608 -0.0747912 0.0447925 0.0375736 0.00645289 0.0273697 -0.0533412 0.0526123 -0.0247728 0.0834017 0.0257689 -0.0138388
internal_weight=32037.5 15671.2 14404.6 1803.98 1266.58 16366.3 1895.88 709.771 475.243 1328.73 1157.63 171.102 389.206 1186.11 350.542 12600.6 12592.3 651.684 245.295 362.816 916.034 320.565 92.8109 166.191 76.3612 649.182 65.6452 14470.4 266.852 41.512
internal_count=130210 62829 57696 7270 5133 67381 7743 2868 1943 5327 4635 692 1562 4875 1403 50426 50392 2609 1002 1454 3730 1306 376 676 306 2646 263 59638 1084 168
is_linear=0
shrinkage=0.05


Tree=3
num_leaves=31
num_cat=0
split_feature=9 7 9 3 3 1 1 8 12 13 12 3 9 12 4 1 12 12 9 8 9 13 9 13 1 13 9 8 13 8
split_gain=74992.3 4326.49 1359.15 2289.03 1307.32 1446.95 1187.45 736.368 677.195 478.624 278.668 219.259 146.967 331.577 136.192 118.272 76.9628 54.3976 53.2414 52.4597 49.0381 44.1266 35.9865 127.744 98.743 34.4324 32.367 96.0287 30.9385 29.8562
threshold=0.2639319002628327 1.0000000180025095e-35 0.15075758099555972 84.889995574951186 57.93287658691407 14.415584564208986 72.850124359130874 82.940685272216811 1.5000000000000002 1.0000000180025095e-35 1.5000000000000002 91.042778015136733 0.45643940567970281 1.5000000000000002 0.98275861144065868 78.08689117431642 4.5000000000000009 1.5000000000000002 0.8441295623779298 62.173519134521491 0.44097222387790685 1.0000000180025095e-35 0.31698563694953924 1.0000000180025095e-35 78.830558776855483 1.0000000180025095e-35 0.11651583760976793 34.538915634155281 1.0000000180025095e-35 65.176864624023452
decision_type=2 2 2 2 2 2 2 2 2 2 2 2 2 2 2 2 2 2 2 2 2 2 2 2 2 2 2 2 2 2
left_child=1 2 19 8 5 12 11 10 14 29 -7 25 13 -2 -4 -10 28 -9 -19 26 -12 -15 23 24 -6 -3 -1 -28 -8 -5
right_child=4 6 3 9 22 7 16 17 15 -11 20 -13 -14 21 -16 -17 -18 18 -20 -21 -22 -23 -24 -25 -26 -27 27 -29 -30 -31
leaf_value=-0.093005376498506209 0.082180902952817006 -0.083404915605250429 -0.018233561732919078 -0.068326053369237319 -0.062202112468591725 0.061323662001585004 0.023393838494673264 0.079574972493689694 -0.091736684705860647 0.071969621837675982 -0.088605082301887295 0.015754268824380597 0.078884510985841622 -0.053795399910089782 0.078354729449703731 0.064584355805435048 0.066252223552161968 0.005571695677312279 0.053001644775517491 0.014099401069992763 -0.045926731974189235 0.017873286606946284 0.080894476357626255 0.078125511134441938 0.070071082598793313 -0.042195550510906059 -0.013604864276063017 -0.087063178330000615 0.047380714925387979 0.048103676465891199
leaf_weight=11802.523247808218 157.96166667342186 274.31218172609806 87.622988224029541 77.480719819664955 31.901966482400894 39.695617288351059 296.48599192500114 64.166324779391289 1266.5568066984415 388.00596375763416 275.52815997600555 81.191082045435905 947.16718244552612 73.480363890528679 62.547065705060959 12.216735184192656 287.96146848797798 126.84320306777954 110.89705622196198 11.565050482749937 89.06340329349041 30.34757949411869 13919.337296888232 287.07828553020954 25.29743555188179 62.179007187485695 48.586007729172707 527.68404772877693 245.93938960134983 5.9273648411035529
leaf_count=47438 658 1100 352 310 129 163 1207 266 5086 1611 1105 330 3959 295 258 50 1189 516 456 47 357 123 58299 1200 104 249 195 2118 1009 24
internal_value=-5.5286e-05 -0.0785053 -0.0863022 -0.0469289 0.0752915 0.0365031 0.0107712 -0.020361 -0.0784478 0.0486108 -0.0644821 -0.0579952 0.0697194 0.0365597 0.0219963 -0.0902433 0.0453606 0.0387222 0.027696 -0.092341 -0.0781795 -0.0328476 0.0804995 0.0645304 -0.00370198 -0.07579 -0.0924404 -0.0808698 0.0342697 -0.060052
internal_weight=31717.6 15538.8 14290.7 1900.36 16178.8 1915.15 1248.07 706.194 1428.94 471.414 404.287 417.682 1208.96 261.79 150.17 1278.77 830.387 301.907 237.74 12390.4 364.592 103.828 14263.6 344.278 57.1994 336.491 12378.8 576.27 542.425 83.4081
internal_count=130203 62573 57489 7691 67630 7898 5084 2863 5746 1945 1625 1679 5035 1076 610 5136 3405 1238 972 49798 1462 418 59732 1433 233 1349 49751 2313 2216 334
is_linear=0
shrinkage=0.05


Tree=4
num_leaves=31
num_cat=0
split_feature=9 7 9 2 2 3 3 8 13 4 3 11 11 9 2 13 9 8 11 11 2 9 8 13 4 8 13 9 2 13
split_gain=68615.1 3906.56 1279.61 1971.71 1181.14 1139.17 1310.84 706.378 215.626 179.252 190.509 126.182 116.547 103.415 249.728 248.505 94.404 63.1737 60.1092 58.5559 57.4087 54.8537 52.418 48.6871 39.7853 38.6903 38.1269 33.6329 119.958 142.554
threshold=0.2639319002628327 1.0000000180025095e-35 0.17519181966781619 80.322582244873061 78.346122741699233 57.93287658691407 21.637426376342777 81.16794586181642 1.0000000180025095e-35 0.98275861144065868 86.425064086914077 1.0000000180025095e-35 1.0000000180025095e-35 0.11651583760976793 83.935482025146499 1.0000000180025095e-35 0.37797619402408605 92.340286254882827 1.0000000180025095e-35 1.0000000180025095e-35 86.391696929931655 0.47493734955787664 65.176864624023452 1.0000000180025095e-35 0.26365442574024206 30.202253341674808 1.0000000180025095e-35 0.35504202544689184 78.867622375488295 1.0000000180025095e-35
decision_type=2 2 2 2 2 2 2 2 2 2 2 2 2 2 2 2 2 2 2 2 2 2 2 2 2 2 2 2 2 2
left_child=1 2 13 9 23 6 16 12 -5 10 -4 -11 -8 22 25 -16 18 19 -2 -9 24 -14 -1 -3 -6 -15 -22 28 29 -7
right_child=5 4 3 8 20 27 7 17 -10 11 -12 -13 21 14 15 -17 -18 -19 -20 -21 26 -23 -24 -25 -26 -27 -28 -29 -30 -31
leaf_value=-0.089174950189684216 0.07992908786917946 -0.080236705428964702 -0.083912848455616709 -0.032019668927177961 0.011021581405403833 -0.062852389709909459 0.041764483514733261 0.074785933038890487 0.072324730316363939 0.076924054472429435 0.048942118345791888 -0.043457966903135276 -0.078533315478063678 -0.010477768594093724 -0.091089677291853785 0.035122111487006606 0.075522751952495595 0.056845961201146447 0.013760646258354468 -0.0020654197966666768 0.032302746642241885 -0.027508768055824029 0.054718754695831852 -0.029289580974998411 -0.093611252170477263 -0.085349981916909332 0.053423219016205808 0.0784872852698036 0.075761869857252306 0.0644960499170978
leaf_weight=11657.905125811696 49.658015459775925 273.05527365207672 965.15441201627254 58.056739002466202 48.326703041791916 36.518658444285393 25.158595055341721 30.99560010433197 336.36408475041389 27.774385631084442 27.759670630097389 100.65320661664009 298.35321164131165 17.65639939904213 65.085314899682999 97.315067932009697 982.35628047585487 180.95435479283333 111.14017018675804 123.72204591333866 459.15791067481041 63.965839520096779 6.332466632127761 56.61695009469986 11.188362866640089 757.94084213674068 399.68086758255959 13410.985169395804 524.93757735192776 55.180010944604874
leaf_count=47261 212 1101 3904 233 196 148 105 131 1422 118 113 408 1204 71 261 396 4175 753 456 502 1890 257 26 227 45 3065 1659 57233 2233 234
internal_value=0.000242936 -0.0750962 -0.0825919 -0.0391878 0.0096971 0.0730797 0.0363811 -0.0163044 0.0569658 -0.0730089 -0.0801985 -0.0174236 -0.0622992 -0.0878124 -0.0718402 -0.0154599 0.0697095 0.036789 0.0341949 0.0133307 0.0388408 -0.0695252 -0.0890968 -0.0714872 -0.00864857 -0.0836455 0.0421317 0.0779623 0.0665447 0.01378
internal_weight=31259.9 15366 14118 1515.76 1248.03 15893.9 1866.3 723.15 394.421 1121.34 992.914 128.428 387.478 12602.2 937.998 162.4 1143.15 335.672 160.798 154.718 918.354 362.319 11664.2 329.672 59.5151 775.597 858.839 14027.6 616.636 91.6987
internal_count=130039 62396 57278 6198 5118 67643 7795 2952 1655 4543 4017 526 1566 51080 3793 657 4843 1386 668 633 3790 1461 47287 1328 241 3136 3549 59848 2615 382
is_linear=0
shrinkage=0.05


Tree=5
num_leaves=31
num_cat=0
split_feature=9 8 9 3 3 3 1 12 8 13 12 3 1 4 9 12 12 12 9 8 12 9 3 1 0 9 13 1 9 8
split_gain=62844.4 3637.7 1174.51 1912.24 1090.48 1238.96 991.409 622.818 587.644 347.849 240.761 166.218 141.507 112.988 94.8819 244.418 72.4553 70.604 66.1602 56.525 40.4089 39.0005 37.2594 63.5085 35.1211 31.7581 105.66 81.2889 31.6862 88.1055
threshold=0.2639319002628327 1.0000000180025095e-35 0.15075758099555972 86.57657623291017 57.359306335449226 21.637426376342777 72.377109527587905 1.5000000000000002 80.096618652343764 1.0000000180025095e-35 1.5000000000000002 91.042778015136733 78.08689117431642 0.98275861144065868 0.45643940567970281 1.5000000000000002 1.5000000000000002 4.5000000000000009 0.85357144474983226 62.173519134521491 3.5000000000000004 0.44097222387790685 96.922348022460952 83.43881988525392 0.91582748293876659 0.31698563694953924 1.0000000180025095e-35 78.830558776855483 0.11651583760976793 33.076786041259773
decision_type=2 2 2 2 2 2 2 2 2 2 2 2 2 2 2 2 2 2 2 2 2 2 2 2 2 2 2 2 2 2
left_child=1 6 19 7 5 14 11 13 10 -5 -7 -1 -9 -4 15 -2 -10 22 -18 28 -17 -12 23 -8 -24 26 27 -6 -3 -30
right_child=4 2 3 9 25 8 17 12 16 -11 21 -13 -14 -15 -16 20 18 -19 -20 -21 -22 -23 24 -25 -26 -27 -28 -29 29 -31
leaf_value=-0.070399709015537493 0.077804240196670787 -0.085737346708254711 -0.011371074072736242 -0.048963432211112497 -0.055750096760218915 0.060646782725013559 0.0071453059435417415 -0.084506718372729564 0.075038054338589719 0.067921565650230817 -0.081682719074339979 0.011037138446182836 0.055982662248739115 0.075676230702927116 0.075028783497089441 0.0059105174692446263 -0.0016002497687858412 0.060821824495025267 0.048766313983815507 0.025880882216253311 -0.06148232822996319 -0.039183100221440399 0.07011715434677207 0.075199651938229209 0.017649412999918342 0.076015477323624583 0.073205455503283209 0.065093580113146768 0.00069974671340621789 -0.078856842391958046
leaf_weight=323.63867120444775 154.70031441748142 11543.762553483248 92.357928723096848 76.892256751656532 31.308345302939415 37.311521485447884 52.624513626098633 1243.4684672951698 72.526519909501076 369.66106016933918 270.31618115305901 77.70108325779438 18.185992807149887 62.509750932455063 883.19032393395901 46.793399214744568 161.25247938930988 291.18722672760487 109.4594589471817 11.469442516565321 42.39466093480587 67.450512051582336 34.986421003937721 98.350965216755867 360.9680482596159 13385.198182106018 271.07718674838543 25.051432326436043 37.249762311577797 529.3619105219841
leaf_count=1313 666 47375 372 309 126 155 214 5084 310 1583 1100 318 76 263 3835 189 657 1229 460 47 171 271 145 409 1494 58334 1176 106 150 2158
internal_value=0.000111504 -0.0721089 -0.079385 -0.0424245 0.070783 0.0346988 0.0099883 -0.0708659 -0.0166196 0.0477951 -0.0598815 -0.0546332 -0.0824816 0.0237641 0.0674053 0.0397985 0.0306555 0.0409329 0.0187649 -0.0850656 -0.026124 -0.0731957 0.0303439 0.0514784 0.0222854 0.0756391 0.0602546 -0.00203613 -0.0851707 -0.0736267
internal_weight=30782.4 15224.4 13984.9 1863.08 15558 1845.4 1239.46 1416.52 718.317 446.553 375.078 401.34 1261.65 154.868 1127.08 243.888 343.238 838.117 270.712 12121.8 89.1881 337.767 546.93 150.975 395.954 13712.6 327.437 56.3598 12110.4 566.612
internal_count=130095 62539 57417 7687 67556 7814 5122 5795 2953 1892 1526 1631 5160 635 4861 1026 1427 3491 1117 49730 360 1371 2262 623 1639 59742 1408 232 49683 2308
is_linear=0
shrinkage=0.05


Tree=6
num_leaves=31
num_cat=0
split_feature=9 7 9 2 2 3 2 12 8 12 13 9 12 3 13 9 2 13 12 12 8 12 9 13 1 3 9 10 2 13
split_gain=57894.7 3278.45 1201.26 1698.45 989.046 967.243 1113.28 559.809 422.893 175.532 159.136 126.787 280.498 101.094 96.8381 90.3471 206.072 202.615 86.5032 79.4646 62.6032 46.5352 45.9475 40.7278 37.7396 71.2437 36.7315 32.7631 29.5485 28.5704
threshold=0.26794873178005224 1.0000000180025095e-35 0.17519181966781619 83.795948028564467 78.346122741699233 57.93287658691407 19.433517456054691 1.5000000000000002 82.940685272216811 1.5000000000000002 1.0000000180025095e-35 0.45643940567970281 1.5000000000000002 89.699382781982436 1.0000000180025095e-35 0.12060606107115747 83.935482025146499 1.0000000180025095e-35 4.5000000000000009 1.5000000000000002 62.173519134521491 1.5000000000000002 0.8441295623779298 1.0000000180025095e-35 84.680576324462905 97.100841522216811 0.44722221791744238 1.0000000180025095e-35 88.998897552490249 1.0000000180025095e-35
decision_type=2 2 2 2 2 2 2 2 2 2 2 2 2 2 2 2 2 2 2 2 2 2 2 2 2 2 2 2 2 2
left_child=1 2 15 7 23 6 11 14 9 -8 -5 12 -2 -9 -4 20 19 -18 24 -17 -1 -10 -23 -3 28 -26 -11 -7 -6 -14
right_child=5 4 3 10 18 27 8 13 21 26 -12 -13 29 -15 -16 16 17 -19 -20 -21 -22 22 -24 -25 25 -27 -28 -29 -30 -31
leaf_value=-0.082739196813397933 0.075757832751822352 -0.074250577146792507 -0.012920713180298872 -0.024360161987164231 -0.022285792200787625 0.068736324593614895 0.052256372301978896 -0.079735888796074628 0.071603912204584286 -0.077727709550249463 0.068988862529436853 0.070682457952528172 -0.045412406170527102 0.042220712697159941 0.071991410716042606 -0.028144831395974512 -0.084154654481410573 0.036887094313329614 0.058983105508174573 -0.083070276698990753 0.053075965420945594 -0.0039598754884676143 0.043968752697756242 -0.029026288295764105 0.074067996981404496 0.023316192524388966 -0.036364879609993787 0.074876962719676185 0.019657521590370007 0.0081945875499739133
leaf_weight=11483.109284326434 153.32445105910301 263.44163981080055 65.090069279074669 52.913881719112396 55.630111575126648 2729.6060964614153 33.218305587768555 1001.8035877346992 49.505841061472893 244.00659616291523 332.80983176827431 952.21554407477379 76.468909278512001 17.285586476325989 69.354689106345177 73.956644788384438 57.386364310979843 86.96920071542263 282.81006674468517 600.88132783770561 8.4910396635532361 111.59067139029503 90.606231525540352 61.383696287870407 89.886390700936317 299.72037889063358 68.809063985943794 10637.073160424829 171.26046393811703 36.824123129248619
leaf_count=47855 674 1082 269 213 226 12143 140 4151 216 1005 1461 4211 308 72 290 301 233 358 1211 2489 35 455 384 247 380 1246 276 47450 708 150
internal_value=5.66025e-05 -0.0693561 -0.0762883 -0.0346445 0.00907697 0.0689707 0.034738 -0.0650158 -0.0211559 -0.0570246 0.0561832 0.0621493 0.0316733 -0.0776673 0.0308821 -0.0814952 -0.0654524 -0.0112312 0.0360876 -0.0770509 -0.0826388 0.0281553 0.0175174 -0.0657043 0.0255846 0.0350252 -0.0686293 0.073623 0.00937366 -0.0279883
internal_weight=30257.4 15074.2 13850.1 1539.26 1224.13 15183.2 1816.57 1153.53 597.737 346.034 385.724 1218.83 266.617 1019.09 134.445 12310.8 819.194 144.356 899.307 674.838 11491.6 251.703 202.197 324.825 616.497 389.607 312.816 13366.7 226.891 113.293
internal_count=130239 62827 57727 6456 5100 67412 7819 4782 2476 1421 1674 5343 1132 4223 559 51271 3381 591 3771 2790 47890 1055 839 1329 2560 1626 1281 59593 934 458
is_linear=0
shrinkage=0.05


Tree=7
num_leaves=31
num_cat=0
split_feature=8 7 10 2 2 12 3 1 2 8 13 4 8 13 8 3 8 12 12 12 12 1 3 2 8 10 8 2 5 13
split_gain=50769.3 2737.55 1207.87 2594.27 898.252 660.129 580.911 792.432 558.723 317.921 317.077 316.465 252.316 205.687 124.787 114.208 97.683 155.607 88.1229 84.7489 46.3435 42.3698 54.017 38.2417 37.3086 36.4626 50.7561 91.343 51.2599 34.9214
threshold=61.128803253173835 1.0000000180025095e-35 1.0000000180025095e-35 77.058032989501967 77.058032989501967 1.5000000000000002 56.33012771606446 21.244359016418461 27.36185455322266 52.788888931274421 1.0000000180025095e-35 0.98275861144065868 82.940685272216811 1.0000000180025095e-35 49.886877059936531 87.226108551025405 80.565547943115249 1.5000000000000002 1.5000000000000002 4.5000000000000009 1.5000000000000002 72.850124359130874 99.425289154052749 88.998897552490249 92.193038940429702 1.0000000180025095e-35 68.898223876953139 81.302967071533217 1.0000000180025095e-35 1.0000000180025095e-35
decision_type=2 2 2 2 2 2 2 2 2 2 2 2 2 2 2 2 2 2 2 2 2 2 2 2 2 2 2 2 2 2
left_child=1 2 8 5 29 11 7 16 -1 -10 -11 -4 18 14 -5 -7 17 -2 -9 21 -14 23 -23 -6 -22 26 27 28 -8 -3
right_child=6 4 3 13 19 15 25 12 9 10 -12 -13 20 -15 -16 -17 -18 -19 -20 -21 24 22 -24 -25 -26 -27 -28 -29 -30 -31
leaf_value=0.08091333424036086 0.072799865288760784 -0.072623093994716878 -0.042579185039878779 -0.051652332618458453 -0.052080322337565536 -0.076519823680839275 0.055461559643987357 0.039633371491770479 -0.079056037889980488 -0.066987912969250149 0.040330235642440017 0.06002637189190542 0.069918778787369684 0.059215693559430307 0.049029923249915952 0.025545634459807877 0.070671708915515302 -0.0053139296491653155 -0.066115153331630649 0.056333763495574118 -0.018244774927573822 0.056437868172730533 0.01982516847071791 0.013980750216432445 0.029762601811716638 0.073043346895139485 0.068302932841875982 0.060466193859895906 -0.063405060369895308 -0.029107243367326747
leaf_weight=55.838722944259644 132.06198823451996 254.14839178323746 167.09338921308517 76.699861988425255 31.029901325702667 2117.3684936612844 13.467557743191717 21.846455216407776 10689.122579365969 181.01203678548336 111.05305862426758 136.57105821371078 39.347231283783913 540.26829360425472 51.398613184690475 27.767633438110352 788.66910649836063 123.26095183193684 200.5709961950779 284.55364282429218 69.854707881808281 135.7643405944109 390.5138443261385 74.514448091387749 96.20708803832531 10052.04146233201 2505.6237297654152 134.51508112251759 27.775202959775925 56.320602789521217
leaf_count=248 598 1058 704 325 126 8929 59 93 45360 763 491 598 175 2412 230 121 3561 527 829 1238 283 575 1630 307 409 45983 11403 605 118 227
internal_value=6.94284e-05 -0.062875 -0.0690852 -0.0416011 0.00877337 -0.0654313 0.0682239 0.0384835 -0.0768475 -0.0776498 -0.0261819 0.00356698 -0.0188276 0.0457095 -0.0112543 -0.0751986 0.0619695 0.0350893 -0.0557282 0.0336761 0.0211286 0.0234717 0.0292702 -0.00544112 0.00956806 0.0716615 0.066481 0.0405072 -0.0245899 -0.0647291
internal_weight=29586.3 15381 14154.2 3117.17 1226.85 2448.8 14205.2 1471.82 11037 10981.2 292.065 303.664 427.826 668.367 128.098 2145.14 1043.99 255.323 222.417 916.376 205.409 631.823 526.278 105.544 166.062 12733.4 2681.38 175.758 41.2428 310.469
internal_count=129985 65342 60181 13319 5161 10352 64643 6475 46862 46614 1254 1302 1789 2967 555 9050 4686 1125 922 3876 867 2638 2205 433 692 58168 12185 782 177 1285
is_linear=0
shrinkage=0.05


Tree=8
num_leaves=31
num_cat=0
split_feature=9 7 9 3 3 3 2 12 9 13 12 1 9 2 13 12 12 9 4 9 12 1 12 3 13 13 10 0 12 3
split_gain=49197.3 2844.05 1001.43 1451.3 906.212 996.933 842.753 468.744 422.957 231.85 149.794 93.0059 81.1041 208.387 127.776 77.9454 77.5569 80.3468 76.8071 69.5648 125.618 61.8118 51.1618 56.0318 38.1555 34.8869 30.2956 26.9293 25.9713 24.1079
threshold=0.26794873178005224 1.0000000180025095e-35 0.17519181966781619 83.795948028564467 57.359306335449226 21.637426376342777 85.89511871337892 1.5000000000000002 0.47493734955787664 1.0000000180025095e-35 1.5000000000000002 76.50690078735353 0.13188406080007556 85.89511871337892 1.0000000180025095e-35 1.5000000000000002 1.5000000000000002 0.81101191043853771 0.98275861144065868 0.33974359929561621 1.5000000000000002 73.765182495117202 4.5000000000000009 99.425289154052749 1.0000000180025095e-35 1.0000000180025095e-35 1.0000000180025095e-35 0.85333719849586498 1.5000000000000002 81.165538787841811
decision_type=2 2 2 2 2 2 2 2 2 2 2 2 2 2 2 2 2 2 2 2 2 2 2 2 2 2 2 2 2 2
left_child=1 2 12 7 5 19 11 18 10 -5 -7 24 -1 15 -15 -14 -10 -18 -4 20 -2 -9 23 27 -3 -25 29 -8 -26 -6
right_child=4 6 3 9 26 8 22 21 16 -11 -12 -13 13 14 -16 -17 17 -19 -20 -21 -22 -23 -24 25 28 -27 -28 -29 -30 -31
leaf_value=-0.077581201038731326 0.071043619304444652 -0.070332300761483127 -0.0066810770102459453 -0.038879328823592844 0.048902031621119467 0.051815790902153096 -0.036137566096698305 -0.076254477314235458 0.067634463580527215 0.064778728211637493 -0.06881191982160699 0.026387133605257292 -0.012747171161222119 -0.075159400124400588 0.043776802907494 -0.077996766481076354 -0.010835646903153572 0.041325694391978349 0.072333848569096554 0.066861315340865091 -0.03944823694193568 0.036358790511591112 0.054024099758497202 0.0067182946909138883 0.014097281699586867 0.034763172619570293 0.071297803891676947 0.065505537340128747 -0.052306650755599808 0.066662417882442704
leaf_weight=11160.005539134145 60.378122419118881 272.92748920619488 69.713353246450424 64.221825554966927 207.66380345821381 28.28984609246254 6.945110857486724 953.12699070572853 71.053860917687416 337.06160932779312 285.08739107847214 32.446692764759064 50.544932961463928 33.245198518037796 70.40384803712368 484.4283899217844 187.47177042067051 121.78525075316429 55.035656616091728 932.49596038460732 44.818031594157219 12.342991948127745 275.82262206077576 238.72731558978558 23.789689540863037 207.08185264468193 10078.755443990231 105.57275100052357 38.642585352063179 2391.2877555340528
leaf_count=48301 278 1151 282 261 958 122 29 4089 322 1526 1204 134 207 138 294 2079 765 528 244 4313 180 52 1221 989 96 876 47356 458 156 11148
internal_value=-1.65292e-07 -0.0650484 -0.0717096 -0.0331067 0.0654228 0.0314922 0.00860515 -0.0630298 -0.0149121 0.0481892 -0.0579224 -0.0544453 -0.0765895 -0.05926 0.00562828 -0.0718319 0.0205284 0.00970546 0.028178 0.0625131 0.0239694 -0.0748148 0.0364064 0.0277029 -0.062266 0.0197454 0.0700566 0.0592317 -0.0270036 0.0652433
internal_weight=28901.2 14492.1 13290.1 1491.5 14409.1 1731.38 1201.96 1090.22 693.688 401.283 313.377 367.806 11798.6 638.622 103.649 534.973 380.311 309.257 124.749 1037.69 105.196 965.47 834.15 558.327 335.36 445.809 12677.7 112.518 62.4323 2598.95
internal_count=129757 62583 57473 6454 67174 7712 5110 4667 2941 1787 1326 1537 51019 2718 432 2286 1615 1293 526 4771 458 4141 3573 2352 1403 1865 59462 487 252 12106
is_linear=0
shrinkage=0.05


Tree=9
num_leaves=31
num_cat=0
split_feature=9 7 9 2 3 3 2 8 13 8 11 9 8 1 11 1 8 11 8 13 9 2 9 13 2 9 13 3 13 13
split_gain=45610.5 2695.93 889.57 1420.08 884.176 848.45 811.895 508.174 207.378 162.19 105.685 80.6238 69.8499 69.4396 56.5642 49.2069 45.9116 39.2016 42.2755 36.8372 32.9206 31.7289 29.4115 70.2284 28.6039 26.4599 102.629 125.314 25.2207 22.6029
threshold=0.2639319002628327 1.0000000180025095e-35 0.15075758099555972 83.795948028564467 62.145593643188484 21.637426376342777 79.205974578857436 76.325832366943374 1.0000000180025095e-35 36.930006027221687 1.0000000180025095e-35 0.3717105239629746 88.473194122314467 44.575162887573249 1.0000000180025095e-35 73.20508193969728 66.862743377685561 1.0000000180025095e-35 55.329477310180671 1.0000000180025095e-35 0.21240601688623431 88.998897552490249 0.11651583760976793 1.0000000180025095e-35 51.89995193481446 0.35504202544689184 1.0000000180025095e-35 85.880397796630874 1.0000000180025095e-35 1.0000000180025095e-35
decision_type=2 2 2 2 2 2 2 2 2 2 2 2 2 2 2 2 2 2 2 2 2 2 2 2 2 2 2 2 2 2
left_child=1 2 16 9 5 11 19 14 20 29 -11 17 13 -9 -7 21 22 -2 -19 -3 -5 -8 -1 -24 -16 26 27 -6 -17 -4
right_child=4 6 3 8 25 7 15 12 -10 10 -12 -13 -14 -15 24 28 -18 18 -20 -21 -22 -23 23 -25 -26 -27 -28 -29 -30 -31
leaf_value=-0.075698893964920022 0.068104151218652181 -0.067921999645404171 -0.018193927701849927 -0.064050517481929484 -0.074504348908158199 0.023909544472463226 -0.049033732499450394 -0.015414220125466628 0.061675052813240788 -0.032070616301025541 -0.071728795419040162 0.065833568477751903 0.042715592375036582 0.071549910737631048 -0.063303114487067866 0.02947425451389718 0.053806763080564229 0.036226652130810236 -0.027823966885410639 -0.023829492202140187 0.0056765855034429779 0.01657930416372946 -0.076006871486076405 -0.036746930559558848 0.030875477797891921 0.069090853439553401 0.06753104132755465 0.050446934200028527 0.047562474170272165 0.03834448434896677
leaf_weight=10659.213473498821 39.885925725102425 258.89159381389618 33.001758962869644 38.772021472454071 29.911964848637581 21.030272036790848 24.469523534178734 126.08584280312061 335.51730920374393 199.15751394629478 1073.4984690696001 898.65286509692669 266.08989989757538 28.063512220978737 304.12309966981411 418.98904420435429 6.9085168689489356 62.896164610981941 43.634863317012787 57.977506846189499 30.046122327446938 74.593588620424271 360.37830604612827 166.55114735662937 8.2818800359964353 11778.137122616172 453.76801887154579 60.959129691123962 356.83252270519733 38.068898990750313
leaf_count=47219 193 1112 143 160 124 93 100 526 1549 851 4703 4269 1177 127 1301 1800 29 272 182 235 122 310 1568 707 36 56869 2161 279 1567 164
internal_value=0.000259942 -0.0632417 -0.0698687 -0.0366968 0.0638126 0.0310659 0.00872 -0.00937115 0.0454579 -0.0614177 -0.0655227 0.0602279 0.0272003 0.000417951 -0.0554633 0.0335565 -0.0750493 0.0258223 0.00999167 -0.0598544 -0.0336075 0.000372265 -0.0751289 -0.0635976 -0.0608064 0.0685926 0.0578182 0.00931682 0.0377938 0.0120908
internal_weight=28254.4 14132.9 12941.1 1748.06 14121.5 1798.74 1191.75 753.675 404.335 1343.73 1272.66 1045.07 420.239 154.149 333.435 874.885 11193.1 146.417 106.531 316.869 68.8181 99.0631 11186.1 526.929 312.405 12322.8 544.639 90.8711 775.822 71.0707
internal_count=129948 62339 57215 7692 67609 8176 5124 3260 1831 5861 5554 4916 1830 653 1430 3777 49523 647 454 1347 282 410 49494 2275 1337 59433 2564 403 3367 307
is_linear=0
shrinkage=0.05


Tree=10
num_leaves=31
num_cat=0
split_feature=9 7 9 2 2 4 2 12 8 12 13 13 12 9 12 8 0 13 12 8 0 0 12 12 9 10 9 8 2 8
split_gain=42378.5 2428.73 882.042 1356.11 799.575 754.604 691.255 493.878 468.843 184.272 177.303 112.802 68.4971 57.8645 155.188 52.1909 48.3229 47.2631 46.7923 47.0398 46.1291 40.3824 37.6222 33.3662 32.5267 31.9546 31.7834 73.8529 29.8892 108.128
threshold=0.26794873178005224 1.0000000180025095e-35 0.15075758099555972 83.795948028564467 46.709957122802741 0.85912698507308971 81.120250701904311 1.5000000000000002 80.096618652343764 1.5000000000000002 1.0000000180025095e-35 1.0000000180025095e-35 4.5000000000000009 0.45643940567970281 3.5000000000000004 62.173519134521491 0.87940722703933727 1.0000000180025095e-35 1.5000000000000002 90.632698059082045 0.6839854121208192 0.82140633463859569 1.5000000000000002 1.5000000000000002 0.21240601688623431 1.0000000180025095e-35 0.11651583760976793 33.076786041259773 79.205974578857436 72.982837677001967
decision_type=2 2 2 2 2 2 2 2 2 2 2 2 2 2 2 2 2 2 2 2 2 2 2 2 2 2 2 2 2 2
left_child=1 2 15 7 5 8 16 11 9 -2 24 -4 17 14 22 26 -3 -8 -10 -20 -11 -9 -7 -18 -5 28 -1 -28 29 -6
right_child=4 6 3 10 25 13 12 21 18 20 -12 -13 -14 -15 -16 -17 23 -19 19 -21 -22 -23 -24 -25 -26 -27 27 -29 -30 -31
leaf_value=-0.073831157363774533 0.053651900606520753 -0.063277235120645689 -0.016767793307054187 -0.059009986468589987 -0.019249299569108671 0.069623685906677418 0.0084645982042693014 -0.073229348755236623 0.06579760612838681 -0.063088109365595502 0.059808321702696968 0.067543655463300059 0.052054416119995534 0.065921833044166364 -0.052110922595941536 0.03336630360638098 0.055977001476420644 0.036870643299677285 -0.00063617041265559169 0.038559500175091389 0.040034151247511258 -0.043995964102935423 0.015768874642738236 -0.03392026057882909 0.0099455263408551233 0.068491697663369253 0.0056914970977302304 -0.066476428417995934 0.063901512212053674 0.062796173501093733
leaf_weight=10412.741400495172 40.408588573336601 271.72224803268909 82.450443029403687 38.100027710199356 51.042677417397499 136.09634555876255 322.20787896215916 1068.1286648958921 78.915762484073639 315.11151270568371 338.71996682882309 76.463600307703018 262.90834584832191 787.67534498870373 40.045582592487335 11.495417729020117 13.493688836693762 268.42358700931072 128.0871921479702 190.23463523387909 11.2310334444046 132.82390579581261 42.573650524020195 43.909711703658104 31.030257999897003 9465.1815515905619 38.256032586097717 483.35108532011509 2208.2475751638412 188.31047150492668
leaf_count=47291 181 1177 344 159 229 659 1356 4787 376 1364 1601 327 1199 3868 162 48 56 1167 542 859 53 575 173 184 126 47123 158 2134 10876 925
internal_value=5.49046e-05 -0.0614479 -0.0678233 -0.0350516 0.0625154 0.0311624 0.00708732 -0.0590352 -0.00630354 -0.0470678 0.044915 0.0237998 0.0308244 0.0596041 0.0368518 -0.0731159 -0.0544714 0.0213743 0.0313322 0.0227878 -0.0595392 -0.0699962 0.0567911 -0.0127883 -0.0280582 0.0671748 -0.0732278 -0.0611834 0.0620824 0.0452998
internal_weight=27579.4 13896.2 12713.6 1767.72 13683.2 1770.38 1182.67 1359.87 763.989 366.751 407.85 158.914 853.54 1006.39 218.716 10945.8 329.126 590.631 397.238 318.322 326.343 1200.95 178.67 57.4034 69.1303 11912.8 10934.3 521.607 2447.6 239.353
internal_count=130079 62689 57550 7919 67390 8237 5139 6033 3375 1598 1886 671 3722 4862 994 49631 1417 2523 1777 1401 1417 5362 832 240 285 59153 49583 2292 12030 1154
is_linear=0
shrinkage=0.05


Tree=11
num_leaves=31
num_cat=0
split_feature=9 7 9 3 3 4 2 8 12 13 12 4 2 2 12 1 9 8 13 9 12 1 8 1 13 1 12 13 12 11
split_gain=39431.5 2275.8 838.547 1215.2 762.44 653.706 640.932 493.942 411.028 227.589 163.873 81.6593 75.1687 93.3923 75.0755 57.2872 53.4565 116.304 75.2737 51.683 142.973 36.674 36.2627 34.1171 31.9523 32.5666 30.4268 29.8811 25.0196 24.7176
threshold=0.26794873178005224 1.0000000180025095e-35 0.16064515709877017 83.795948028564467 65.058139801025405 0.98275861144065868 77.058032989501967 76.325832366943374 1.5000000000000002 1.0000000180025095e-35 1.5000000000000002 0.98275861144065868 45.222154617309577 24.316333770751957 4.5000000000000009 78.319625854492202 0.11651583760976793 35.776086807250984 1.0000000180025095e-35 0.53589746356010448 3.5000000000000004 51.89995193481446 62.173519134521491 78.830558776855483 1.0000000180025095e-35 72.850124359130874 1.5000000000000002 1.0000000180025095e-35 1.5000000000000002 1.0000000180025095e-35
decision_type=2 2 2 2 2 2 2 2 2 2 2 2 2 2 2 2 2 2 2 2 2 2 2 2 2 2 2 2 2 2
left_child=1 2 16 8 5 7 -3 10 11 -5 -2 -4 13 -9 24 -10 22 18 -18 20 26 -12 -1 -19 25 -8 -7 -22 -26 -6
right_child=4 6 3 9 29 19 14 12 15 -11 21 -13 -14 -15 -16 -17 17 23 -20 -21 27 -23 -24 -25 28 -27 -28 -29 -30 -31
leaf_value=-0.072063755656153125 0.051859519373063927 -0.056986919351719172 -0.0096791402684584544 -0.036828826812136999 0.062346106822301829 0.067946018470125644 -0.024407594579606031 0.048010742796225511 -0.070540566069915767 0.059030135664040688 -0.06484788509984904 0.067793946442023176 0.065407925077516374 -0.0034495991493400848 0.050954880359846411 0.059962438091925752 -0.064399163470876805 -0.069201914217909444 0.039593992127568825 0.065919187247834271 -0.063122327444135151 0.024576707006468697 0.030452005428779311 -0.031746812280858204 0.066803428766594425 0.016016837799740488 0.022820156923370062 0.019550562615729405 0.025209249294002423 0.067442123082075603
leaf_weight=10170.257526725531 35.876413583755493 292.19772407412529 84.349705025553703 75.783624053001404 3355.5608847588301 164.59227757155895 60.503171503543854 156.55256332457066 1005.9251678735018 338.45646503567696 285.67508806288242 56.995661899447441 115.52947291731834 201.83690536022186 262.50433196127415 8.4801310747861844 27.509339809417725 517.20562589168549 47.355764806270599 687.75166518986225 33.725233241915703 11.944656804203985 8.6335166841745359 68.89701135456562 43.254612356424332 282.22706989943981 48.321456611156464 16.170234531164169 220.23392367362976 8180.3639828711748
leaf_count=47438 161 1284 343 314 17044 824 251 704 4610 1631 1262 258 566 880 1219 37 120 2352 197 3480 140 55 36 293 190 1193 203 70 965 42034
internal_value=8.18003e-05 -0.0598731 -0.0661357 -0.0319839 0.0612854 0.0306117 0.0070716 -0.00247065 -0.0583193 0.0414931 -0.04909 0.0215609 0.0303353 0.0190294 0.0286179 -0.0694496 -0.0710821 -0.057303 0.00138149 0.0587121 0.0398518 -0.0612589 -0.0719768 -0.064799 0.0189455 0.00888059 0.0577046 -0.0363295 0.0320374 0.0659598
internal_weight=26864.7 13570.8 12409.8 1569.99 13293.9 1757.98 1160.92 807.415 1155.75 414.24 333.496 141.345 473.919 358.389 868.723 1014.41 10839.9 660.968 74.8651 950.561 262.809 297.62 10178.9 586.103 606.219 342.73 212.914 49.8955 263.489 11535.9
internal_count=130154 62731 57629 7193 67423 8345 5102 3628 5248 1945 1478 601 2150 1584 3818 4647 50436 2962 317 4717 1237 1317 47474 2645 2599 1444 1027 210 1155 59078
is_linear=0
shrinkage=0.05


Tree=12
num_leaves=31
num_cat=0
split_feature=9 7 9 3 3 4 1 12 9 13 12 13 3 1 9 12 12 12 1 1 12 10 9 13 3 13 12 9 9 13
split_gain=36626.7 2157.07 785.932 1149.46 723.081 672.473 560.121 426.143 361.354 244.815 186.484 85.4895 81.0445 57.5806 56.394 131.42 50.1671 42.4609 45.3891 37.5113 30.8274 30.4112 28.3745 70.7296 104.647 25.5254 28.0385 23.8008 22.1835 48.644
threshold=0.26794873178005224 1.0000000180025095e-35 0.15075758099555972 84.680576324462905 61.651582717895515 0.98275861144065868 69.614067077636733 1.5000000000000002 0.56385868787765514 1.0000000180025095e-35 1.5000000000000002 1.0000000180025095e-35 91.042778015136733 78.08689117431642 0.47493734955787664 1.5000000000000002 4.5000000000000009 1.5000000000000002 48.52813911437989 56.294013977050788 3.5000000000000004 1.0000000180025095e-35 0.11651583760976793 1.0000000180025095e-35 81.892700195312514 1.0000000180025095e-35 3.5000000000000004 0.21583850681781772 0.41885964572429663 1.0000000180025095e-35
decision_type=2 2 2 2 2 2 2 2 2 2 2 2 2 2 2 2 2 2 2 2 2 2 2 2 2 2 2 2 2 2
left_child=1 2 22 7 5 8 12 11 10 27 -2 -4 -3 -9 15 -7 25 -10 -19 -12 -17 28 -1 -24 -25 -8 -27 -5 29 -6
right_child=4 6 3 9 21 14 16 13 17 -11 19 -13 -14 -15 -16 20 -18 18 -20 -21 -22 -23 23 24 -26 26 -28 -29 -30 -31
leaf_value=-0.070388437822019354 0.049300575768833788 -0.057464251033412163 -0.012929323951464311 -0.061328796637580445 0.018460831233851099 0.066501185845000713 0.011668808971051077 -0.068948862502725375 0.064677981636613355 0.056282824108933038 -0.057801283806219565 0.062686709300641671 0.0058212020755505339 0.046088077435329181 0.064176630623065375 0.01602368999331703 0.048072210555666628 0.013016695771775263 0.071391668064568078 0.062478847063442436 -0.043897836008314012 0.065922577643252669 -0.070988604752263249 -0.060830577511741139 0.023750401531710274 0.046126833247472215 0.010878568716742105 -0.0063835453279560868 0.061631937407992443 0.05926348072406068
leaf_weight=9881.6686268746853 49.11719898879528 285.09152890741825 81.208453416824341 49.856552615761757 99.85024106502533 131.60743834078312 306.64216069877148 1095.904925853014 67.696480393409729 345.39815962314606 314.12687891721725 69.256108596920967 61.502454876899719 10.986868575215338 713.68219211697578 44.323943570256233 255.69658240675926 252.57540374994278 38.356407299637794 6.6186488866806021 41.617318272590637 8898.3949215114117 343.50004202127457 102.63121394813061 56.813566297292709 155.50681741535664 88.541185647249222 32.594538435339928 1954.7182892411947 272.09949460625648
leaf_count=47411 230 1275 342 212 486 678 1300 5155 334 1698 1399 303 258 49 3721 183 1212 1102 185 30 171 47218 1600 468 233 693 390 133 10219 1404
internal_value=4.31152e-05 -0.0584174 -0.064659 -0.0329867 0.0600372 0.0292336 0.0069227 -0.057075 -0.00675013 0.0378037 -0.0414259 0.0218754 -0.0462344 -0.067807 0.0573833 0.0350973 0.0297702 0.0290119 0.0207128 -0.0553193 -0.0129935 0.0645918 -0.0697988 -0.0582139 -0.0306926 0.0212722 0.0333387 -0.0396079 0.0595022 0.04831
internal_weight=26107.6 13222.8 12069.8 1685.21 12884.8 1659.72 1152.98 1257.36 728.491 427.849 369.863 150.465 346.594 1106.89 931.231 217.549 806.387 358.628 290.932 320.746 85.9413 11225.1 10384.6 502.945 159.445 550.69 244.048 82.4511 2326.67 371.95
internal_count=130092 62732 57604 7892 67360 8033 5128 5849 3280 2043 1659 645 1533 5204 4753 1032 3595 1621 1287 1429 354 59327 49712 2301 701 2383 1083 345 12109 1890
is_linear=0
shrinkage=0.05


Tree=13
num_leaves=31
num_cat=0
split_feature=9 7 2 9 2 4 2 12 9 13 12 13 9 12 12 9 12 1 0 13 10 2 9 13 10 1 9 2 13 1
split_gain=34107.6 2011.07 722.512 690.632 1029.82 612.613 526.754 378.583 355.847 151.719 144.606 100.981 67.2806 117.784 60.7743 62.1189 56.1475 52.5152 40.4755 36.736 36.5062 30.8539 85.7071 52.8307 29.3586 28.4996 27.9836 61.466 83.3358 27.3032
threshold=0.2639319002628327 1.0000000180025095e-35 47.140522003173835 0.15075758099555972 84.29276275634767 0.85912698507308971 81.302967071533217 1.5000000000000002 0.47493734955787664 1.0000000180025095e-35 1.5000000000000002 1.0000000180025095e-35 0.33974359929561621 1.5000000000000002 1.5000000000000002 0.78759399056434642 4.5000000000000009 58.898942947387702 0.86286100745201122 1.0000000180025095e-35 1.0000000180025095e-35 79.205974578857436 0.3717105239629746 1.0000000180025095e-35 1.0000000180025095e-35 74.543037414550795 0.11651583760976793 78.867622375488295 1.0000000180025095e-35 47.690120697021491
decision_type=2 2 2 2 2 2 2 2 2 2 2 2 2 2 2 2 2 2 2 2 2 2 2 2 2 2 2 2 2 2
left_child=1 3 5 26 7 8 18 11 10 24 -2 -5 13 -7 -10 -16 19 -9 -3 25 21 22 23 -4 -6 -8 -1 -28 -29 -12
right_child=2 6 20 4 9 12 16 17 14 -11 29 -13 -14 -15 15 -17 -18 -19 -20 -21 -22 -23 -24 -25 -26 -27 27 28 -30 -31
leaf_value=-0.068907262012840378 0.050091382098449981 -0.060482714249620151 -0.076037364980321709 -0.020991584405004711 -0.043591929140669894 0.065668148347699934 -0.026199510896552775 -0.068043898074352807 0.06209952745405143 0.056075382379771534 -0.060834180591613045 0.060102464009229452 0.059851638668273394 -0.04054754478612882 -0.0038324614508747448 0.038157367775383214 0.046661415987163501 -0.024808776641175357 -0.018853279413210272 0.032342289249195487 0.064872763207592207 0.059653636000376632 0.053907103397633355 0.04773602939642696 0.042881732782607603 0.013694311793531115 -0.065511639943894098 -0.071178350892329406 0.021134173091914555 0.069564012519621507
leaf_weight=9604.7298865765333 34.246323391795158 228.35000538825989 23.017043203115463 78.237858906388283 53.780235037207603 57.478417530655861 53.697270527482033 1013.8703914731741 82.08480104804039 298.38411563634872 269.56951387226582 75.369968801736832 834.50145515799522 47.811547920107841 202.79400084912777 155.70850586891174 249.52799938619137 75.462261125445366 78.44831794500351 258.87546207010746 8583.4062640666962 2040.8701090812683 184.08195848762989 13.784369468688963 12.006720826029776 269.21718913316727 394.42030088603497 45.28632552921772 53.132765740156174 4.0749861598014823
leaf_count=47470 162 1044 96 328 228 302 221 4915 416 1516 1246 332 4436 195 878 736 1206 337 340 1161 47074 10970 980 69 50 1147 1881 209 216 21
internal_value=-3.11283e-05 -0.0572959 0.0586471 -0.0634656 -0.0330218 0.0282204 0.00615545 -0.0546866 -0.00552918 0.0409217 -0.0467702 0.0187984 0.0550996 0.0174362 0.0232909 0.014405 0.0268199 -0.0650488 -0.0498381 0.0183099 0.0633836 0.0577324 0.0399812 -0.0296767 -0.0278097 0.00706039 -0.068311 -0.0566911 -0.0213423 -0.0588924
internal_weight=25376.2 12842.8 12533.4 11704.7 1607.11 1688.27 1138.12 1242.94 748.478 364.171 307.891 153.608 939.791 105.29 440.587 358.503 831.318 1089.33 306.798 581.79 10845.2 2261.75 220.883 36.8014 65.787 322.914 10097.6 492.839 98.4191 273.645
internal_count=130182 62601 67581 57482 7706 8392 5119 5912 3459 1794 1429 660 4933 497 2030 1614 3735 5252 1384 2529 59189 12115 1145 165 278 1368 49776 2306 425 1267
is_linear=0
shrinkage=0.05


Tree=14
num_leaves=31
num_cat=0
split_feature=9 7 9 2 3 3 2 12 8 12 4 1 1 9 12 3 12 8 9 8 1 3 12 2 11 9 8 1 0 9
split_gain=31652.5 2033.17 698.487 968.829 688.106 562.964 510.248 379.58 347.56 122.073 83.8284 72.4014 82.933 67.2245 149.144 61.8678 55.9506 41.94 39.6258 49.4817 32.3115 39.2921 31.8146 29.8035 28.1807 27.0225 71.2033 26.7661 20.9549 18.9541
threshold=0.26794873178005224 1.0000000180025095e-35 0.15075758099555972 83.795948028564467 64.932434082031264 24.121212005615238 76.277057647705092 1.5000000000000002 76.325832366943374 1.5000000000000002 0.98275861144065868 45.035211563110359 27.953488349914554 0.53589746356010448 1.5000000000000002 90.070423126220717 4.5000000000000009 62.173519134521491 0.19756097346544269 41.688949584960945 72.850124359130874 96.922348022460952 3.5000000000000004 88.998897552490249 1.0000000180025095e-35 0.11651583760976793 34.687978744506843 51.471860885620124 0.85554790496826183 0.39565217494964605
decision_type=2 2 2 2 2 2 2 2 2 2 2 2 2 2 2 2 2 2 2 2 2 2 2 2 2 2 2 2 2 2
left_child=1 2 17 7 5 13 28 10 9 -7 -4 12 -10 14 -2 -9 20 25 19 -5 23 -22 -16 -8 29 -1 -27 -11 -3 -6
right_child=4 6 3 18 24 8 16 15 11 27 -12 -13 -14 -15 22 -17 -18 -19 -20 -21 21 -23 -24 -25 -26 26 -28 -29 -30 -31
leaf_value=-0.067706398285919012 0.064499124048191442 -0.059991078814470668 -0.008883780250524536 0.052633317228689559 0.048066942484737592 0.045568780091744476 -0.045417026697321346 -0.064855099322763163 0.03571505011113265 -0.060530832203601947 0.066785528845322559 0.061335439045253959 -0.015232953934181774 0.062375434174376188 0.014598955558669316 0.033144371907524547 0.047079524786419094 0.026520214428134938 0.048785689519211695 -0.016798758907213107 0.048405134389459238 0.016152032143403182 -0.039200064567994512 0.012223820223742883 0.064161499451479628 0.0019871141748777363 -0.061985439136808262 0.014845635277270284 -0.028282309262350883 0.059947161224463655
leaf_weight=9290.0695385336876 151.71099546551704 197.27360808849335 94.144455671310425 44.537615180015564 383.74964129924774 32.424958467483521 33.198202013969421 1063.1450936198235 175.78307458758354 258.28887441754341 59.881085380911827 99.627244338393211 146.39838536083698 650.52204911410809 55.619025483727455 16.35259722173214 254.784683406353 11.975228503346441 271.7949410378933 60.541612237691879 126.74316868185997 370.36183141171932 54.316500350832939 69.110643312335014 7393.8305185288191 48.364427596330643 432.13897715508938 12.340216115117071 70.80401174724102 2683.2415402382612
leaf_count=47369 834 925 389 219 2063 153 143 5269 800 1213 280 527 649 3602 238 70 1254 50 1391 288 574 1612 232 291 42008 207 2096 58 317 15003
internal_value=0.000102015 -0.0556455 -0.0619707 -0.0314573 0.0577728 0.027629 0.00856486 -0.0528937 -0.00526303 -0.0461095 0.0205345 0.0240837 0.0125644 0.053767 0.0323643 -0.0633706 0.0274518 -0.0669938 0.0387048 0.0126299 0.0191089 0.0243754 -0.0119818 -0.00648006 0.0624901 -0.0671084 -0.0555464 -0.0570938 -0.0516162 0.0584607
internal_weight=24613.1 12515.2 11392.9 1610.4 12097.9 1637.03 1122.28 1233.52 724.863 303.054 154.026 421.809 322.181 912.169 261.647 1079.5 854.199 9782.55 376.874 105.079 599.414 497.105 109.936 102.309 10460.8 9770.57 480.503 270.629 268.078 3066.99
internal_count=130124 62744 57628 7906 67380 8306 5116 6008 3400 1424 669 1976 1449 4906 1304 5339 3874 49722 1898 507 2620 2186 470 434 59074 49672 2303 1271 1242 17066
is_linear=0
shrinkage=0.05


Tree=15
num_leaves=31
num_cat=0
split_feature=9 7 2 9 2 1 2 12 8 12 9 12 4 1 0 12 0 0 12 10 8 10 9 8 2 8 2 8 12 1
split_gain=29656.7 1823.37 663.998 631.826 916.769 531.418 454.569 309.889 225.778 110.867 109.611 190.857 74.0813 57.2313 56.9442 47.5673 46.0365 44.6061 44.5797 37.4119 37.7324 35.7001 31.4957 65.7559 38.9291 31.5103 30.0851 104.188 56.9924 26.0931
threshold=0.2639319002628327 1.0000000180025095e-35 46.709957122802741 0.15075758099555972 84.29276275634767 20.144927978515629 81.302967071533217 1.5000000000000002 82.385261535644545 1.5000000000000002 0.45643940567970281 1.5000000000000002 0.98275861144065868 58.017766952514656 0.6839854121208192 4.5000000000000009 0.89099425077438366 0.67684677243232738 1.5000000000000002 1.0000000180025095e-35 64.208858489990249 1.0000000180025095e-35 0.11651583760976793 33.076786041259773 78.867622375488295 62.173519134521491 77.485187530517592 72.982837677001967 1.5000000000000002 70.396453857421889
decision_type=2 2 2 2 2 2 2 2 2 2 2 2 2 2 2 2 2 2 2 2 2 2 2 2 2 2 2 2 2 2
left_child=1 3 5 22 7 10 16 12 9 -7 11 -2 -5 -9 -11 -8 -3 18 -10 20 -6 26 25 24 -24 -1 27 28 -4 -25
right_child=2 6 21 4 19 8 15 13 17 14 -12 -13 -14 -15 -16 -17 -18 -19 -20 -21 -22 -23 23 29 -26 -27 -28 -29 -30 -31
leaf_value=-0.066439755374712348 0.063729249578877531 -0.053398177120199813 0.036521704808403901 -0.010904950147661142 0.0082742854325732196 0.043880823541458711 0.017828131304188116 -0.065447103615860314 0.059950867705782833 -0.056290794522695878 0.057921408994845096 -0.024695839635458204 0.062805546615282329 -0.02194841271356545 0.050688471666824719 0.0442431502851095 0.0055369843738630846 0.064863801263528198 0.0018652495713814441 0.057242226154368893 0.055770512917920324 0.062877176756623784 -0.033819861801010785 -0.064173997603377705 0.068333693472079723 0.031347437202116808 0.057499091001530646 0.0572413213854992 -0.075255570080107914 -0.031150277321027004
leaf_weight=9011.5843296349049 121.81985880434513 264.9593118429184 19.702248275279999 96.388142079114914 122.2277784049511 34.495934903621674 567.26488971710205 945.36835734546185 40.247606724500656 261.98378357291222 764.06103909015656 122.27541357278824 52.737312793731689 82.191652029752731 13.059188961982725 243.62553292512894 37.871664524078369 49.157881930470467 184.25847470760345 164.92398297786713 63.560015276074409 8057.7718439549208 21.773315474390984 355.87399896979332 16.314209192991257 8.2456711679697019 1934.0756631940603 150.75323610007763 27.075033202767372 71.900431782007217
leaf_count=47459 684 1254 99 399 588 169 2498 4862 211 1242 4288 520 252 376 68 1226 161 271 815 871 337 47373 94 1798 67 34 11059 856 122 322
internal_value=0.000163512 -0.0547244 0.0566638 -0.0608899 -0.0310448 0.0266268 0.00624338 -0.0521928 -0.0113622 -0.040614 0.0486029 0.0194342 0.0151623 -0.0619678 -0.0512114 0.0257643 -0.0460278 0.0217242 0.0122784 0.0399095 0.0245233 0.061355 -0.0656956 -0.0530181 0.00993605 -0.0663504 0.0556008 0.0370137 -0.0281758 -0.0586234
internal_weight=23907.5 12126.8 11780.7 11013.1 1527.4 1591.36 1113.72 1176.69 583.203 309.539 1008.16 244.095 149.125 1027.56 275.043 810.89 302.831 273.664 224.506 350.712 185.788 10189.4 9485.69 465.862 38.0875 9019.83 2131.61 197.531 46.7773 427.774
internal_count=130375 62598 67777 57459 7685 8268 5139 5889 2776 1479 5492 1204 651 5238 1310 3724 1415 1297 1026 1796 925 59509 49774 2281 161 47493 12136 1077 221 2120
is_linear=0
shrinkage=0.05


Tree=16
num_leaves=31
num_cat=0
split_feature=9 7 3 9 2 4 2 12 9 13 12 13 3 12 1 0 9 12 12 3 5 9 11 12 3 12 9 0 13 12
split_gain=27639.9 1748.53 664.709 595.567 894.76 546.806 442.52 299.797 278.161 181.192 124.913 90.5257 70.2518 59.1869 56.7023 55.8568 55.8062 123.001 45.058 53.5654 41.8595 36.0251 31.7276 27.0854 24.7527 50.282 24.6076 23.6069 19.0661 24.4875
threshold=0.2639319002628327 1.0000000180025095e-35 62.145593643188484 0.14087302237749103 80.322582244873061 0.98275861144065868 86.526824951171889 1.5000000000000002 0.47493734955787664 1.0000000180025095e-35 1.5000000000000002 1.0000000180025095e-35 89.417694091796889 1.5000000000000002 48.52813911437989 0.89099425077438366 0.53589746356010448 1.5000000000000002 4.5000000000000009 96.922348022460952 1.0000000180025095e-35 0.21240601688623431 1.0000000180025095e-35 3.5000000000000004 79.277816772460952 3.5000000000000004 0.28869047760963445 0.84765011072158825 1.0000000180025095e-35 1.5000000000000002
decision_type=2 2 2 2 2 2 2 2 2 2 2 2 2 2 2 2 2 2 2 2 2 2 2 2 2 2 2 2 2 2
left_child=1 3 5 -1 7 8 15 11 10 21 -2 -5 -9 -10 -15 28 17 -7 19 27 -21 -6 24 -19 25 26 -4 -8 -3 -30
right_child=2 6 22 4 9 16 18 12 13 -11 -12 -13 -14 14 -16 -17 -18 23 -20 20 -22 -23 -24 -25 -26 -27 -28 -29 29 -31
leaf_value=-0.064889932192730787 0.041697718055806181 -0.057281946746089052 -0.039294943534769936 -0.022356865773356049 -0.05988401700085684 0.062862734264273967 -0.049005994557227164 -0.063245996932212542 0.059230462577024447 0.050742512607650961 -0.055735688672114071 0.056093476794436652 0.043253850278807571 0.0029121306079659386 0.066249229795228654 0.002410107387996538 0.060932178503280879 0.016271449666971353 0.045017442880637248 0.06827690268833593 0.0073188863094042454 0.0069561608031130304 0.062254144024375249 -0.03559111406293957 0.057199809598225064 -0.07075835663687878 0.048867006715536745 0.05946327428736934 0.015383955136827266 -0.053255060491544985
leaf_weight=9008.0840140134096 37.586041644215584 225.16410721838474 8.3352267146110517 79.275512635707855 48.837065517902374 138.58002083003521 5.3188496679067603 1097.6326347440481 77.02061964571476 312.75471819937229 263.57958693802357 68.58680371940136 15.706151455640791 291.84064884483814 40.204615160822868 59.603643462061882 589.86972235143185 50.17556519806385 241.44503974914551 30.270045295357704 404.50620844960213 34.32965213060379 6948.4863083213568 50.525276049971581 2724.8290151208639 10.051595389842985 156.96884965896606 88.125761464238167 22.656889379024506 30.467467725276947
leaf_count=48907 187 1107 38 342 217 816 23 5788 418 1668 1292 312 67 1290 215 256 3503 216 1241 135 1765 140 42399 218 16197 50 912 418 97 132
internal_value=0.00010875 -0.0536126 0.0556449 -0.0598222 -0.0322743 0.0250903 0.00618291 -0.0528596 -0.00710778 0.0333 -0.0435758 0.0140328 -0.0617436 0.019741 0.0105811 -0.0415167 0.0526705 0.0323039 0.0271236 0.0189445 0.0115629 -0.0322937 0.0604207 -0.00974989 0.056028 0.0378193 0.0444216 0.0532892 -0.050925 -0.0239814
internal_weight=23160.8 11772.8 11388.1 10665.2 1657.12 1539.38 1107.56 1261.2 710.232 395.921 301.166 147.862 1113.34 409.066 332.045 337.892 829.151 239.281 769.666 528.221 434.776 83.1667 9848.67 100.701 2900.18 175.356 165.304 93.4446 278.288 53.1244
internal_count=130366 62615 67751 57441 8534 8155 5174 6509 3402 2025 1479 654 5855 1923 1505 1592 4753 1250 3582 2341 1900 357 59596 434 17197 1000 950 441 1336 229
is_linear=0
shrinkage=0.05


Tree=17
num_leaves=31
num_cat=0
split_feature=9 7 3 9 2 3 2 12 9 13 12 4 3 12 9 12 12 2 13 10 2 13 9 13 2 13 12 12 9 2
split_gain=25794 1669.08 597.379 593.947 826.68 505.593 404.392 290.56 237.006 203.312 145.872 74.8321 70.0928 49.5428 47.9884 113.587 40.5723 42.1167 37.1125 34.8245 33.6023 31.3515 29.352 60.3812 67.4185 27.2729 26.8983 24.2017 23.7212 64.2318
threshold=0.26794873178005224 1.0000000180025095e-35 62.622549057006843 0.15075758099555972 77.058032989501967 21.637426376342777 76.533164978027358 1.5000000000000002 0.56385868787765514 1.0000000180025095e-35 1.5000000000000002 0.98275861144065868 90.070423126220717 4.5000000000000009 0.60434782505035411 3.5000000000000004 1.5000000000000002 48.714567184448249 1.0000000180025095e-35 1.0000000180025095e-35 52.545297622680671 1.0000000180025095e-35 0.11651583760976793 1.0000000180025095e-35 77.485187530517592 1.0000000180025095e-35 1.5000000000000002 1.5000000000000002 0.41885964572429663 82.446311950683608
decision_type=2 2 2 2 2 2 2 2 2 2 2 2 2 2 2 2 2 2 2 2 2 2 2 2 2 2 2 2 2 2
left_child=1 3 5 22 7 14 25 11 10 -6 -7 -5 -9 18 15 26 -10 -18 -8 28 -12 -17 -1 -24 -25 -3 -2 -20 29 -4
right_child=2 6 19 4 9 8 13 12 16 -11 20 -13 -14 -15 -16 21 17 -19 27 -21 -22 -23 23 24 -26 -27 -28 -29 -30 -31
leaf_value=-0.064197864322538309 0.061815106098260776 -0.056468389666778113 -0.0094439154350105543 -0.013506227342379828 -0.034922708703868988 0.046282463754153944 0.0047502514052144215 -0.062812251992546697 0.061726058142469745 0.052603474775292342 -0.051742407863514361 0.062236858281264823 0.051391851757625368 0.042595281898629295 0.060757784607615523 -0.052761896103618644 0.0075606348814189544 0.062764015307264887 0.064144379133093399 0.061228638619863676 0.043367373152812388 0.022762576095615439 -0.063935690743616561 -0.050552368489129564 0.019651579631183334 -0.014979400729683576 0.022869856287421927 0.023070550212991082 0.056171711641941714 0.051200866732561773
leaf_weight=8388.3744979947805 168.23789012432098 206.72381028532982 52.183852925896645 80.975333914160728 84.977985665202141 46.905687436461449 337.88023009896278 947.85495626926422 57.706206515431404 302.63226948678493 285.27447193861008 54.595259219408035 13.628555804491041 238.86560454964638 538.88159649074078 38.512858346104622 236.20135700702667 40.471301257610321 43.123206332325935 7471.0951963067055 9.599130302667616 21.363511577248573 299.58115686476231 93.372964948415756 53.960588738322258 48.99874284863472 60.200599417090416 213.03865267336369 1662.7342466264963 267.36353130638599
leaf_count=47252 1030 1048 263 335 367 244 1462 5172 325 1670 1393 271 59 1251 3311 172 1051 229 203 47276 47 103 1604 481 223 212 271 977 10185 1588
internal_value=0.000217732 -0.0524041 0.0550097 -0.0586156 -0.0293538 0.0257333 0.00647902 -0.051531 -0.00633822 0.0334146 -0.0356183 0.0169961 -0.0611935 0.0233646 0.0519489 0.0354845 0.0235899 0.0156357 0.015632 0.0596655 -0.0486463 -0.0258152 -0.0635327 -0.0510472 -0.0248403 -0.0485187 0.0515518 0.0299851 0.0537739 0.0412972
internal_weight=22365.3 11408.6 10956.7 10320 1484.66 1503.35 1088.63 1097.05 676.158 387.61 341.779 135.571 961.484 832.908 827.196 288.315 334.379 276.673 594.042 9453.38 294.874 59.8764 8835.29 446.915 147.334 255.723 228.438 256.162 1982.28 319.547
internal_count=130075 62587 67488 57434 7874 8176 5153 5837 3289 2037 1684 606 5231 3893 4887 1576 1605 1280 2642 59312 1440 275 49560 2308 704 1260 1301 1180 12036 1851
is_linear=0
shrinkage=0.05


Tree=18
num_leaves=31
num_cat=0
split_feature=9 7 3 9 1 4 1 8 12 13 12 9 3 13 12 4 9 12 12 9 8 13 12 12 10 13 8 1 13 9
split_gain=24114.6 1581.81 595.54 591.435 665.371 474.203 344.152 272.56 215.134 175.813 101.821 87.1871 163.58 120.867 82.7118 53.7433 50.2014 103.26 49.4724 39.5841 38.3681 34.4117 34.1364 33.7236 33.5417 31.1345 30.3436 30.2456 28.8709 23.561
threshold=0.26794873178005224 1.0000000180025095e-35 61.651582717895515 0.18350168317556384 58.898942947387702 0.98275861144065868 63.028589248657234 82.940685272216811 1.5000000000000002 1.0000000180025095e-35 1.5000000000000002 0.11651583760976793 88.067794799804702 1.0000000180025095e-35 1.5000000000000002 0.98275861144065868 0.53589746356010448 1.5000000000000002 4.5000000000000009 0.44097222387790685 62.173519134521491 1.0000000180025095e-35 1.5000000000000002 1.5000000000000002 1.0000000180025095e-35 1.0000000180025095e-35 34.384952545166023 43.288288116455085 1.0000000180025095e-35 0.41885964572429663
decision_type=2 2 2 2 2 2 2 2 2 2 2 2 2 2 2 2 2 2 2 2 2 2 2 2 2 2 2 2 2 2
left_child=1 3 5 11 8 7 25 10 15 -6 -2 20 14 -14 -13 -5 17 -7 21 -12 -1 -8 -9 -23 29 -3 -10 -24 -19 -4
right_child=2 6 24 4 9 16 18 22 26 -11 19 12 13 -15 -16 -17 -18 28 -20 -21 -22 23 27 -25 -26 -27 -28 -29 -30 -31
leaf_value=-0.063331832281725883 0.037986721136712566 -0.055397800147551995 0.040623304584450064 -0.012636418184091523 -0.031667640046465072 0.060649819657752804 0.0037272354452897688 0.060786593988405073 0.031012600570680168 0.055907547535754415 -0.05754548236615821 -0.0097025538998780133 -0.058475063984954882 0.028889143061853414 -0.063406709131905103 0.06602690313361656 0.059360399400988674 -0.026199456665711385 0.041261229170254647 -0.01884182254218017 0.047528381736237878 0.071058064935080364 0.011890361040658048 0.020281826624382465 0.060487335197575424 -0.012677445438075353 -0.061930770778953537 0.058534245770621232 0.034171456534994163 0.055515830874485778
leaf_weight=8130.0400231182575 40.818737164139748 190.2602055221796 317.85724866390228 47.261260136961937 73.544691354036331 127.0129811912775 345.22146226465702 61.342082232236862 8.9159980863332731 259.61232855916023 220.44659107923508 80.959695935249329 62.124989971518517 109.13913275301456 626.54505176842213 40.166475102305412 547.30804933607578 66.749884694814682 230.72964996099472 94.331978917121887 7.8122407793998709 38.499923393130302 218.33580358326435 217.0812168866396 7178.939170062542 54.972136974334717 582.30261316895485 41.33413191139698 28.157472103834152 1614.8084905296564
leaf_count=47456 212 974 1887 201 323 807 1519 360 48 1464 1141 375 307 514 3504 211 3490 285 1234 409 32 185 982 1004 47164 242 3286 225 124 10228
internal_value=7.76864e-05 -0.0513588 0.0541828 -0.0575422 -0.0212944 0.0243713 0.00623028 -0.00616041 -0.0497035 0.0365753 -0.0363122 -0.0616097 -0.0466476 -0.00280168 -0.0572613 0.0235035 0.0512268 0.0311674 0.0215812 -0.0459469 -0.0632254 0.0140233 0.0272399 0.0279306 0.0589133 -0.0458215 -0.0605291 0.0193151 -0.00828839 0.0530665
internal_weight=21662.6 11105.2 10557.4 10028.4 1011.8 1445.84 1076.76 676.609 678.646 333.157 355.597 9016.62 878.769 171.264 707.505 87.4277 769.228 221.92 831.532 314.779 8137.85 600.803 321.012 255.581 9111.6 245.232 591.219 259.67 94.9074 1932.67
internal_count=130193 62879 67314 57721 5533 8035 5158 3329 3746 1787 1762 52188 4700 821 3879 412 4706 1216 3942 1550 47488 2708 1567 1189 59279 1216 3334 1207 409 12115
is_linear=0
shrinkage=0.05


Tree=19
num_leaves=31
num_cat=0
split_feature=9 7 9 1 2 1 2 13 12 8 1 12 9 12 1 8 0 9 13 2 8 12 13 2 5 13 12 0 5 8
split_gain=22636.1 1472.78 577.89 735.663 539.459 394.119 324.384 283.246 263.648 219.731 96.399 81.5462 61.8117 117.889 55.7944 53.6171 45.9581 37.3287 111.053 96.4717 35.2656 34.5062 32.6141 31.6657 33.6213 25.9869 29.0776 21.8542 21.453 21.2232
threshold=0.26794873178005224 1.0000000180025095e-35 0.14087302237749103 58.898942947387702 46.709957122802741 14.415584564208986 86.526824951171889 1.0000000180025095e-35 1.5000000000000002 73.721538543701186 1.0000000180025095e-35 1.5000000000000002 0.50757575035095226 1.5000000000000002 76.50690078735353 89.294017791748061 0.6839854121208192 0.33974359929561621 1.0000000180025095e-35 80.322582244873061 66.862743377685561 4.5000000000000009 1.0000000180025095e-35 99.397590637207045 1.0000000180025095e-35 1.0000000180025095e-35 1.5000000000000002 0.87027400732040416 1.0000000180025095e-35 34.538915634155281
decision_type=2 2 2 2 2 2 2 2 2 2 2 2 2 2 2 2 2 2 2 2 2 2 2 2 2 2 2 2 2 2
left_child=1 2 20 8 5 12 14 -5 10 11 -4 -7 13 -2 25 16 -11 18 19 28 -1 23 -15 27 -25 -3 -27 -8 -6 -10
right_child=4 6 3 7 17 9 21 -9 29 15 -12 -13 -14 22 -16 -17 -18 -19 -20 -21 -22 -23 -24 24 -26 26 -28 -29 -30 -31
leaf_value=-0.062030768582846812 0.059986681849017932 -0.052596102813363958 0.063316400221102076 -0.040787837553768663 -0.0050315198694124144 0.046999732841840412 -0.052987208310828371 0.048856294474922159 -0.012200207549177861 -0.013273146753823788 -0.021821282703086101 -0.052939333600710528 0.057038956622078765 -0.031001012411564267 0.024281716568984438 0.034087456031892331 0.061919650539143757 0.058782888362416089 0.055909656986953139 0.034501504886420294 0.059219473546876927 0.039917372546011021 0.02832348892148262 0.064656291377888572 0.0079506715979094332 0.026782712790868177 -0.042861165285023588 0.054643672652478693 -0.10559498977444247 -0.061272423421213799
leaf_weight=8117.6491999328136 121.1747505068779 217.08067484200001 57.724845558404922 119.9362637847662 6.9205472618341473 22.609416112303734 5.0712917149066916 332.1384474337101 22.568079307675362 148.70794130861759 78.411766842007637 209.95825456082821 571.6643832474947 72.672194853425026 33.08776219189167 224.48296284675598 23.537653833627701 8422.2898877412081 313.14029493927956 44.246738314628601 6.0013222247362128 223.80747203528881 34.00934225320816 27.874345004558563 420.07074385881424 24.272053107619286 39.181587904691696 67.372860088944435 22.694185584783554 929.85899922251701
leaf_count=48948 795 1134 299 558 31 117 22 1862 118 674 336 1117 3739 315 144 1157 143 57022 2036 264 25 1226 150 130 1862 103 170 334 96 5429
internal_value=0.000288386 -0.0504858 -0.0566167 -0.0285408 0.0534629 0.0249644 0.00552573 0.0250735 -0.0508065 -0.00463492 0.0142789 -0.0432236 0.0482619 0.0262412 -0.0371258 0.0179863 -0.00299792 0.0580852 0.0429014 -0.0122477 -0.0619412 0.0235001 -0.0120888 0.0164394 0.0114793 -0.0443685 -0.0162212 0.0471092 -0.0820947 -0.0601096
internal_weight=20960.2 10722.1 9664.29 1540.64 10238.1 1428.82 1057.82 452.075 1088.56 629.296 136.137 232.568 799.521 227.856 313.622 396.729 172.246 8809.29 387.002 73.8615 8123.65 744.197 106.682 520.389 447.945 280.534 63.4536 72.4442 29.6147 952.427
internal_count=130356 62700 57575 8602 67656 8207 5125 2420 6182 3208 635 1234 4999 1260 1551 1974 817 59449 2427 391 48973 3574 465 2348 1992 1407 273 356 127 5547
is_linear=0
shrinkage=0.05


Tree=20
num_leaves=31
num_cat=0
split_feature=9 7 3 9 3 1 2 12 8 13 13 1 12 1 1 1 9 12 8 10 12 3 0 9 0 12 0 12 3 8
split_gain=21048 1402.33 561.323 539.662 704.281 400.834 311.921 283.992 242.774 166.041 77.0826 69.7397 69.1373 64.5027 93.1066 50.6657 43.4788 95.7275 42.4213 39.1575 29.0498 46.7842 34.1756 24.3846 23.6505 22.8646 22.5592 40.4351 21.6122 65.431
threshold=0.26794873178005224 1.0000000180025095e-35 65.058139801025405 0.14087302237749103 86.57657623291017 1.0000000180025095e-35 85.89511871337892 1.5000000000000002 73.721538543701186 1.0000000180025095e-35 1.0000000180025095e-35 77.712417602539077 1.5000000000000002 44.033897399902351 27.953488349914554 75.615615844726577 0.53589746356010448 1.5000000000000002 62.173519134521491 1.0000000180025095e-35 4.5000000000000009 96.922348022460952 0.83318904042243969 0.21240601688623431 0.83714976906776439 3.5000000000000004 0.83791977167129528 1.5000000000000002 81.165538787841811 74.310997009277358
decision_type=2 2 2 2 2 2 2 2 2 2 2 2 2 2 2 2 2 2 2 2 2 2 2 2 2 2 2 2 2 2
left_child=1 3 5 18 7 16 15 10 12 23 -5 -9 -7 14 -10 26 17 -2 -1 28 21 24 -23 -6 -8 -19 -3 -28 29 -4
right_child=2 6 19 4 9 8 20 11 13 -11 -12 -13 -14 -15 -16 -17 -18 25 -20 -21 -22 22 -24 -25 -26 -27 27 -29 -30 -31
leaf_value=-0.061215147245712621 0.060031348238474502 -0.057761741549201308 -0.029755800763849555 -0.017146350043992974 -0.055941695025566798 0.032406343341033032 -0.054074266766786928 -0.059609182153326848 0.031499238355273372 0.048538242110513281 0.054113422234636999 0.047770077148726504 -0.051541002692425814 0.056532197792980569 -0.020978781607155203 0.019553766865756859 0.057178861046855989 0.017749008824065455 0.048542839665353638 0.059147059967462425 0.037893732609723375 0.071720677701847382 0.0060035649565658034 0.0010861602083382233 0.054081246451168352 -0.030913688336752745 0.022329205062194515 -0.04464937538688319 0.052346199310953828 0.05171584975727727
leaf_weight=7819.9733145236969 121.66475968062878 147.3521750420332 32.913335636258125 83.260143294930458 47.359405741095543 27.475712403655052 5.3567044734954825 962.70159661769867 197.18049892783165 293.73554821312428 69.734245046973228 15.362242117524145 228.50905947387218 90.006504237651825 147.93202640116215 34.814986363053322 512.55781643092632 48.154796972870827 8.8133543729782087 6616.4983914494514 219.65532962977886 20.792155131697655 407.72444587945938 31.024267628788948 89.609921038150787 48.39989809691906 29.459031239151955 95.848185643553734 1649.4506471157074 98.086663618683815
leaf_count=48918 833 786 174 371 225 143 23 5776 964 1722 338 77 1226 562 684 151 3514 209 37 46932 1229 97 1807 128 449 211 139 475 11134 651
internal_value=-2.5245e-05 -0.0496573 0.0524564 -0.0558229 -0.0283827 0.0234044 0.00510828 -0.0480135 -0.00389425 0.031285 0.0153336 -0.0579226 -0.0425306 0.0188359 0.0090046 -0.0372464 0.0492211 0.0305297 -0.0610916 0.0573759 0.0226326 0.016229 0.00919224 -0.0333701 0.0479806 -0.0066441 -0.044499 -0.0289031 0.0507937 0.0312464
internal_weight=20201.4 10382.6 9818.83 9331.96 1503.18 1421.88 1050.61 1131.06 691.104 372.119 152.994 978.064 255.985 435.119 345.113 307.474 730.777 218.219 7828.79 8396.95 743.139 523.483 428.517 78.3837 94.9666 96.5547 272.659 125.307 1780.45 131
internal_count=129985 62748 67237 57592 8637 8346 5156 6562 3579 2075 709 5853 1369 2210 1648 1551 4767 1253 48955 58891 3605 2376 1904 353 472 420 1400 614 11959 825
is_linear=0
shrinkage=0.05


Tree=21
num_leaves=31
num_cat=0
split_feature=8 7 10 2 3 2 12 2 2 4 8 13 8 13 8 12 3 0 2 10 8 8 2 12 3 0 13 12 12 13
split_gain=18969.2 1200.78 565.382 1035.99 364.068 336.525 298.871 282.435 281.543 148.676 119.734 140.847 87.964 86.8825 77.1395 85.7647 61.8101 52.2677 46.6589 42.7428 41.7765 35.453 52.1221 32.2877 44.8023 30.598 29.364 28.5264 26.6036 26.0534
threshold=61.128803253173835 1.0000000180025095e-35 1.0000000180025095e-35 77.058032989501967 57.93287658691407 23.90476226806641 1.5000000000000002 27.36185455322266 86.526824951171889 0.98275861144065868 52.788888931274421 1.0000000180025095e-35 88.784862518310561 1.0000000180025095e-35 80.565547943115249 1.5000000000000002 87.226108551025405 0.89099425077438366 54.415584564208991 1.0000000180025095e-35 49.886877059936531 68.898223876953139 81.302967071533217 4.5000000000000009 96.922348022460952 0.83318904042243969 1.0000000180025095e-35 1.5000000000000002 1.5000000000000002 1.0000000180025095e-35
decision_type=2 2 2 2 2 2 2 2 2 2 2 2 2 2 2 2 2 2 2 2 2 2 2 2 2 2 2 2 2 2
left_child=1 2 7 6 5 14 9 -1 17 -4 29 -12 18 20 15 -2 -8 -3 27 21 -5 22 28 24 -10 -26 -17 -7 -6 -9
right_child=4 8 3 13 19 12 16 10 23 -11 11 -13 -14 -15 -16 26 -18 -19 -20 -21 -22 -23 -24 -25 25 -27 -28 -29 -30 -31
leaf_value=0.078240721585912498 0.055270487904121396 -0.04487505595339554 -0.029504904350847072 -0.033731184171495808 0.030898630987365325 0.015697691522600216 -0.056478780313752898 -0.061575373851915416 0.048169044453434284 0.051491953228319634 -0.053631916094416088 0.030143599666517112 0.016399713894712911 0.049200351212925125 0.054008437696522943 -0.030525654270602543 0.033113018086860194 0.007164310322622271 0.069336202645077324 0.058577018427769016 0.035595718413545967 0.051745735253832283 0.043650269928447304 0.038659643473396503 0.067631339962133052 0.005802869474495119 0.021162845513867882 -0.047986176366353571 -0.061164119867977519 -0.054259954896490471
leaf_weight=37.782303065061569 87.616902083158493 248.73039482533932 129.05052053928375 53.635352954268456 12.186381518840788 19.537883147597313 1435.3541478216648 5452.553260281682 87.077156126499176 100.99392633140087 132.50557440519333 80.743039488792419 129.35873045027256 362.69080995023251 552.67994672060013 70.353110939264297 19.513139441609383 59.864472642540932 9.9578659087419492 6241.2020469456911 36.531065374612808 1630.3821343928576 94.323363780975342 211.59128418564796 21.041995465755463 408.16199932992458 45.085328683257103 175.87179566919804 22.038229808211327 1566.8480581194162
leaf_count=236 614 1323 722 321 64 103 8864 35409 444 625 754 487 628 2373 3718 360 114 264 51 46028 241 11354 613 1208 101 1812 233 883 110 10093
internal_value=0.000130224 -0.0458354 -0.0514625 -0.0288583 0.0529426 0.0258402 -0.0469034 -0.0581089 0.00524201 0.00605427 -0.0588211 -0.0219117 -0.0158961 0.0382807 0.0443258 0.0179714 -0.0552771 -0.0347799 -0.0362388 0.0566368 -0.00564328 0.0497525 0.0244721 0.02221 0.0154684 0.00883405 -0.0103383 -0.0416188 -0.0283833 -0.0599424
internal_weight=19535.3 10444.7 9408.2 2137.77 9090.59 1090.46 1684.91 7270.43 1036.47 230.044 7232.65 213.249 334.726 452.857 755.735 203.055 1454.87 308.595 205.368 8000.13 90.1664 1758.93 128.548 727.872 516.281 429.204 115.438 195.41 34.2246 7019.4
internal_count=130150 65391 60239 13260 64759 6590 10325 46979 5152 1347 46743 1241 1665 2935 4925 1207 8978 1587 1037 58169 562 12141 787 3565 2357 1913 593 986 174 45502
is_linear=0
shrinkage=0.05


Tree=22
num_leaves=31
num_cat=0
split_feature=9 8 3 9 2 3 2 12 8 13 4 12 3 9 12 1 1 0 10 3 12 0 9 8 12 8 3 12 8 12
split_gain=18567.2 1295.7 528.35 472.207 613.372 340.517 257.265 243.882 203.383 148.268 92.7708 68.8994 64.0179 60.5609 79.6048 51.1494 68.3825 49.8782 40.2349 28.6162 46.0837 30.8807 27.6706 27.3756 25.3436 25.2064 20.9453 47.9398 25.9642 21.8591
threshold=0.2639319002628327 1.0000000180025095e-35 65.058139801025405 0.13188406080007556 78.346122741699233 24.121212005615238 86.391696929931655 1.5000000000000002 76.325832366943374 1.0000000180025095e-35 0.98275861144065868 1.5000000000000002 90.070423126220717 0.3717105239629746 1.5000000000000002 45.035211563110359 26.158231735229496 0.8640614151954652 1.0000000180025095e-35 99.425289154052749 4.5000000000000009 0.83624467253685009 0.21240601688623431 62.173519134521491 1.5000000000000002 54.576482772827156 81.165538787841811 3.5000000000000004 76.325832366943374 1.5000000000000002
decision_type=2 2 2 2 2 2 2 2 2 2 2 2 2 2 2 2 2 2 2 2 2 2 2 2 2 2 2 2 2 2
left_child=1 6 5 23 7 13 17 10 11 22 -5 -7 -9 14 -2 16 -10 -1 26 -8 21 -21 -6 -3 -19 -16 27 29 -29 -4
right_child=2 3 18 4 9 8 19 12 15 -11 -12 -13 -14 -15 25 -17 -18 24 -20 20 -22 -23 -24 -25 -26 -27 -28 28 -30 -31
leaf_value=-0.048320737574483054 0.056704390068518254 -0.059893892753084356 0.055213522829533734 -0.017427637693343261 -0.051550199268087252 0.031851244970750141 0.046389626830522612 -0.058556001322120757 0.035398737905957114 0.043091330663556179 0.066311534169919556 -0.04745088329513969 0.049565009813413261 0.052204719983729886 0.0081395871471566465 0.054590732459017778 -0.012439460938074909 0.037462026476679199 0.057902611643650917 0.066439694229342677 0.036870544122322636 0.0047501781608093058 0.0050633937565868342 0.026198510356909257 -0.019966742834512483 -0.055016589607992765 0.050723542813531697 -0.14041455362510682 0.023605496612281368 0.0090525995833827116
leaf_weight=200.22353132069111 55.957523107528687 7182.2377693802118 71.313222661614418 90.672234356403351 56.418119803071022 31.074503302574158 97.134671211242676 936.40920975804329 139.06492325663567 291.87210395932198 52.067123994231224 230.97464248538017 13.893688544631003 607.57089339196682 29.991921648383141 80.448846891522408 161.40638896822929 25.922603040933609 6137.4221809059381 21.362549602985382 202.09924429655075 402.7056066095829 34.955949187278748 9.2455429434776288 74.199832335114479 33.384154871106148 1554.2720414996147 6.0748657882213575 4.0025102943181992 40.049039512872696
leaf_count=1106 403 48433 490 394 286 166 508 6037 689 1753 284 1294 63 4302 128 541 753 117 47101 105 1179 1789 147 39 345 144 11203 28 27 261
internal_value=6.02107e-05 -0.0482129 0.0510059 -0.0544956 -0.0287379 0.0223634 0.00498651 -0.0478218 -0.00414252 0.0256905 0.013118 -0.038047 -0.0569752 0.0458087 0.0132442 0.0191816 0.00970114 -0.0339121 0.0560278 0.0211389 0.0172218 0.0078578 -0.0298922 -0.0597832 -0.00509792 -0.0251287 0.049161 0.0291625 -0.0752694 0.0386127
internal_weight=18874.4 9691.42 9183.01 8667.77 1476.29 1369.87 1023.65 1093.04 642.969 383.246 142.739 262.049 950.303 726.904 119.334 380.92 300.471 300.346 7813.13 723.302 626.167 424.068 91.3741 7191.48 100.122 63.3761 1675.71 121.44 10.0774 111.362
internal_count=130115 62585 67530 57436 8964 8420 5149 6778 3443 2186 678 1460 6100 4977 675 1983 1442 1568 59110 3581 3073 1894 433 48472 462 272 12009 806 55 751
is_linear=0
shrinkage=0.05


Tree=23
num_leaves=31
num_cat=0
split_feature=9 7 2 9 2 4 1 12 8 13 4 12 9 12 10 13 1 13 12 8 8 1 9 12 2 8 13 13 12 9
split_gain=17388.5 1206.37 508.452 449.315 557.079 329.041 243.364 229.959 210.813 92.1605 88.0381 80.2004 48.3498 95.9968 42.7829 42.0287 40.06 35.9102 34.7059 34.0887 33.1557 31.8435 29.4215 29.1596 28.7083 84.3451 48.084 23.0513 21.3028 17.7846
threshold=0.2639319002628327 1.0000000180025095e-35 46.709957122802741 0.13188406080007556 84.29276275634767 0.98275861144065868 69.614067077636733 1.5000000000000002 81.16794586181642 1.0000000180025095e-35 0.98275861144065868 1.5000000000000002 0.61721614003181469 1.5000000000000002 1.0000000180025095e-35 1.0000000180025095e-35 54.653680801391609 1.0000000180025095e-35 1.5000000000000002 62.173519134521491 92.340286254882827 46.065429687500007 0.21240601688623431 4.5000000000000009 78.867622375488295 73.721538543701186 1.0000000180025095e-35 1.0000000180025095e-35 1.5000000000000002 0.19756097346544269
decision_type=2 2 2 2 2 2 2 2 2 2 2 2 2 2 2 2 2 2 2 2 2 2 2 2 2 2 2 2 2 2
left_child=1 3 5 19 7 8 15 10 11 22 -5 -2 13 -7 24 -3 -9 -15 -10 -1 -20 -13 -6 27 25 26 -4 -8 -29 -11
right_child=2 6 14 4 9 12 23 16 18 29 -12 21 -14 17 -16 -17 -18 -19 20 -21 -22 -23 -24 -25 -26 -27 -28 28 -30 -31
leaf_value=-0.059157698520687522 0.035951623480599749 -0.045925597781020643 -0.062621720235350564 -0.014982799679036353 -0.050526178648072462 0.057726211409014183 0.0042387376095676934 -0.058502929335298194 0.057062503268575308 0.024245007623578604 0.06569676142723764 -0.046443743890667112 0.05672652532743111 -0.022876495276088316 0.057249423016984671 -0.0026537895077842991 -0.025291161360638078 0.036484000593145424 -0.0028485420765379547 0.033690865348218184 0.031622602103474055 0.055230941079521145 0.015267661058385765 0.035690222973678014 0.050364349107749035 0.050521581549587385 0.044903585690715564 0.064511540962606848 0.019423569119379255 0.051363382572592514
leaf_weight=6909.1329914033413 36.073825687170029 212.85917018353939 32.181194067001343 105.8864032626152 40.391349673271179 135.14896237105131 292.26861047744751 832.01648166775703 61.705501765012741 93.544874235987663 49.676251292228699 260.99323637783527 414.3703979998827 80.319386556744576 5910.2276687026024 76.203729256987572 101.91826014220715 37.314112111926079 130.02333714067936 9.899703383445738 150.49828667938709 7.9349151253700247 29.33002120256424 206.36599446833134 1452.1613487005234 123.18799042701721 15.35978080332279 30.452112197875977 187.49078744649887 170.93323393166065
leaf_count=48431 203 1190 154 464 209 1034 1299 5598 405 502 278 1455 3173 375 47168 348 565 189 608 42 820 48 121 1227 10844 905 91 160 899 1149
internal_value=2.54777e-05 -0.0475253 0.0502681 -0.0537613 -0.028181 0.0215728 0.0042087 -0.0455035 -0.00382631 0.0282905 0.0107808 -0.0340533 0.0462134 0.0289798 0.0552749 -0.0345181 -0.0548786 -0.00404696 0.0231128 -0.0590249 0.015645 -0.0434438 -0.0228484 0.0198309 0.0480841 0.0286894 -0.0278819 0.0134162 0.0257235 0.0417717
internal_weight=18195.9 9348.37 8847.5 8342.73 1423.7 1314.38 1005.64 1089.5 647.229 334.199 155.563 305.002 667.153 252.782 7533.12 289.063 933.935 117.633 342.227 6919.03 280.522 268.928 69.7214 716.578 1622.89 170.729 47.541 510.212 217.943 264.478
internal_count=129954 62482 67472 57359 8886 8310 5123 6905 3539 1981 742 1706 4771 1598 59162 1538 6163 564 1833 48473 1428 1503 330 3585 11994 1150 245 2358 1059 1651
is_linear=0
shrinkage=0.05


Tree=24
num_leaves=31
num_cat=0
split_feature=9 7 9 1 3 2 2 12 8 13 9 8 3 9 12 1 13 12 3 2 10 8 2 1 13 3 12 8 13 13
split_gain=16257.6 1170.22 539.902 522.377 456.774 310.035 227.124 179.846 126.704 118.395 83.3922 132.979 65.9524 65.9242 116.379 60.4658 52.2452 49.737 43.6474 41.7944 36.4065 33.6036 31.8686 31.647 31.3086 28.2536 27.4063 26.8082 24.3001 22.3385
threshold=0.2788888961076737 1.0000000180025095e-35 0.18350168317556384 58.898942947387702 65.058139801025405 21.164613723754886 76.277057647705092 1.5000000000000002 80.096618652343764 1.0000000180025095e-35 0.11651583760976793 36.07402420043946 49.675325393676765 0.61721614003181469 1.5000000000000002 74.543037414550795 1.0000000180025095e-35 1.5000000000000002 30.094339370727543 30.341388702392582 1.0000000180025095e-35 66.079193115234389 84.29276275634767 85.89511871337892 1.0000000180025095e-35 96.922348022460952 4.5000000000000009 33.854293823242195 1.0000000180025095e-35 1.0000000180025095e-35
decision_type=2 2 2 2 2 2 2 2 2 2 2 2 2 2 2 2 2 2 2 2 2 2 2 2 2 2 2 2 2 2
left_child=1 2 10 7 5 13 24 18 17 22 21 16 19 14 -2 -13 -12 -7 -4 -10 -6 -1 -5 29 -3 -25 -27 -9 -16 -8
right_child=4 6 3 9 20 8 23 27 12 -11 11 15 -14 -15 28 -17 -18 -19 -20 -21 -22 -23 -24 25 -26 26 -28 -29 -30 -31
leaf_value=-0.058832104717766648 0.05751649154255787 -0.049599070011593048 0.058533875653769954 -0.058268028087952756 0.048214776482052926 0.025244484055156037 -0.0087291979304064318 0.038562959224164611 0.01659191384389614 0.051868515496505077 -0.039061745020875782 -0.055619363979694095 0.044186335535195916 0.054112068243225765 -0.02247466783744561 -0.01333831053664899 0.041499358555674042 -0.044280801135993308 -0.011404677212901096 -0.034875452082434227 0.056867195972298924 0.055421739380939042 0.0082387040198893761 0.054525244615237736 -0.0047077723581453353 0.010483463893388747 0.03612939356569949 -0.056465735326095334 0.018886960224874575 0.020615310562624369
leaf_weight=6478.4176953583956 133.82659795880318 171.78240716457367 42.38874489814043 31.673954725265503 1548.9683178812265 29.509177908301353 150.65839914977551 7.5318595319986335 91.385942071676254 246.87631997466087 29.790594831109047 539.04771608114243 113.27999658882618 470.91961725056171 92.550212696194649 100.29097729921341 62.027848839759827 200.52786570042372 47.091386154294014 69.400866597890854 5651.3888708651066 6.4419304728507987 41.761229768395424 70.81921124458313 50.187325179576874 267.10246868431568 170.77777697145939 507.05158315598965 57.616812273859978 113.87461936473846
leaf_count=47374 1051 1032 267 160 11882 169 676 45 435 1655 177 3610 725 3580 444 538 315 1159 206 313 47061 28 187 395 228 1208 1040 3480 287 552
internal_value=0.000201216 -0.046048 -0.052305 -0.0163277 0.0501475 0.0223623 0.00513223 -0.0436982 -0.00800089 0.0352894 -0.0569138 -0.0409061 0.0149646 0.0426378 0.0236111 -0.0489869 0.0153612 -0.0353621 0.0217268 -0.00562309 0.0550059 -0.0587186 -0.0204469 0.0179301 -0.0394492 0.0252245 0.0204856 -0.0550748 -0.00660484 0.00390285
internal_weight=17595 9135.59 8140.39 924.375 8459.37 1259.02 995.202 604.064 504.104 320.312 7216.02 731.157 274.067 754.913 283.994 639.339 91.8184 230.037 89.4801 160.787 7200.36 6484.86 73.4352 773.232 221.97 508.699 437.88 514.583 150.167 264.533
internal_count=130279 63173 58042 6000 67106 8163 5131 3998 2801 2002 52042 4640 1473 5362 1782 4148 492 1328 473 748 58943 47402 347 3871 1260 2643 2248 3525 731 1228
is_linear=0
shrinkage=0.05


Tree=25
num_leaves=31
num_cat=0
split_feature=9 7 1 9 1 4 13 1 12 8 4 12 9 12 10 13 0 13 8 13 9 13 1 12 0 1 12 9 9 1
split_gain=15328.3 1108.56 474.771 428.661 510.675 339.753 213.282 196.046 189.781 148.386 90.6684 78.8492 68.8115 111.814 41.8565 39.55 38.584 33.9 26.1888 22.7171 22.6857 57.4007 45.7544 22.5218 24.7668 21.3429 20.9591 20.7082 17.8757 17.1677
threshold=0.2639319002628327 1.0000000180025095e-35 48.52813911437989 0.13188406080007556 58.898942947387702 0.61602565646171581 1.0000000180025095e-35 63.028589248657234 1.5000000000000002 86.900657653808608 0.98275861144065868 1.5000000000000002 0.56385868787765514 1.5000000000000002 1.0000000180025095e-35 1.0000000180025095e-35 0.86286100745201122 1.0000000180025095e-35 62.173519134521491 1.0000000180025095e-35 0.33974359929561621 1.0000000180025095e-35 78.08689117431642 3.5000000000000004 0.67684677243232738 85.89511871337892 1.5000000000000002 0.21240601688623431 0.19756097346544269 82.097072601318374
decision_type=2 2 2 2 2 2 2 2 2 2 2 2 2 2 2 2 2 2 2 2 2 2 2 2 2 2 2 2 2 2
left_child=1 3 5 18 8 9 27 19 10 11 -5 -2 13 -7 20 -15 -13 25 -1 -3 21 22 -4 -11 -25 -9 -19 -6 -8 -28
right_child=2 7 14 4 6 12 28 17 -10 23 -12 16 -14 15 -16 -17 -18 26 -20 -21 -22 -23 -24 24 -26 -27 29 -29 -30 -31
leaf_value=-0.057966674831873177 0.03608441031283572 -0.046998066305343415 -0.072557587725500527 -0.023656603291847433 -0.051561621466951493 0.056385855791880116 0.025458068012858187 -0.0080656377203184963 -0.056001622966748488 0.046363987525055182 0.063015349441485791 -0.042958350942538581 0.05193508253696371 -0.027019603128023789 0.056488578082148966 0.024185879991385759 0.051355257237628495 0.065837358200910329 0.026956308067342651 -0.0095406924477193442 0.049002660338604009 0.048869432628699583 0.032304124661867765 0.0026442563382253464 0.056892070944422307 0.015146572774739943 0.0023343272909153497 -0.0081816828402860465 0.051551721753492874 0.03068868954054468
leaf_weight=6380.9145406484604 39.612851195037365 163.89648081362247 21.294958099722862 78.794614300131798 78.495454639196396 129.16143718361855 99.714466437697411 153.89643326401711 818.7628483325243 71.569230869412422 48.901049800217152 273.01618049293756 576.12120036035776 93.798744544386864 5336.5805872231722 63.062759727239609 11.292771920561789 33.234045654535294 9.0912389904260618 53.753458932042122 1367.4701040238142 96.864000633358955 20.337159648537636 120.43353341519833 25.49377578496933 277.75898294150829 70.022380277514458 42.355436116456985 192.04001706838608 224.67059731483459
leaf_count=48403 238 988 97 351 441 1047 531 719 5893 452 283 1533 4608 449 46232 334 88 180 39 248 10959 723 136 599 207 1406 331 190 1300 1224
internal_value=9.69253e-05 -0.0460938 0.0489775 -0.0524225 -0.0269229 0.0224876 0.0194972 0.00408961 -0.0471595 -0.0085551 0.00953442 -0.0300041 0.0419821 0.0219343 0.0544112 -0.00643355 -0.0392122 0.0160775 -0.0578459 -0.0377471 0.0470497 0.0277665 -0.021333 0.0233893 0.0121215 0.00687081 0.0281963 -0.036358 0.0426336 0.0239514
internal_weight=16972.4 8726.3 8246.11 7749.07 1359.06 1403.56 412.605 977.232 946.459 541.418 127.696 323.922 862.144 286.023 6842.55 156.862 284.309 759.582 6390.01 217.65 1505.97 138.496 41.6321 217.497 145.927 431.655 327.927 120.851 291.754 294.693
internal_count=130229 62527 67702 57431 8989 9555 2462 5096 6527 3117 634 1859 6438 1830 58147 783 1621 3860 48442 1236 11915 956 233 1258 806 2125 1735 631 1831 1555
is_linear=0
shrinkage=0.05


Tree=26
num_leaves=31
num_cat=0
split_feature=9 7 9 1 1 4 12 1 13 9 13 9 12 12 10 13 1 9 13 8 12 13 12 0 4 9 13 12 13 1
split_gain=14323.6 1048.3 494.322 549.776 401.201 314.26 245.085 188.295 142.859 108.109 87.3886 54.4494 93.9712 50.231 41.9815 41.6267 39.9334 36.6026 35.8226 31.8496 28.6532 27.0667 22.7895 21.2686 20.368 34.4086 40.56 18.6737 16.6789 16.2304
threshold=0.2788888961076737 1.0000000180025095e-35 0.12060606107115747 71.33072662353517 45.308176040649421 0.61602565646171581 1.5000000000000002 69.614067077636733 1.0000000180025095e-35 0.61721614003181469 1.0000000180025095e-35 0.61721614003181469 1.5000000000000002 1.5000000000000002 1.0000000180025095e-35 1.0000000180025095e-35 51.66851997375489 0.21583850681781772 1.0000000180025095e-35 62.173519134521491 1.5000000000000002 1.0000000180025095e-35 4.5000000000000009 0.86785015463829052 0.10102041065692903 0.45643940567970281 1.0000000180025095e-35 1.5000000000000002 1.0000000180025095e-35 85.89511871337892
decision_type=2 2 2 2 2 2 2 2 2 2 2 2 2 2 2 2 2 2 2 2 2 2 2 2 2 2 2 2 2 2
left_child=1 2 19 6 5 9 10 18 17 13 -4 12 -7 -2 24 -14 -8 -5 -3 -1 -11 -22 27 -15 -6 26 -26 28 -9 -29
right_child=4 7 3 8 14 11 16 22 -10 20 -12 -13 15 23 -16 -17 -18 -19 -20 -21 21 -23 -24 -25 25 -27 -28 29 -30 -31
leaf_value=-0.05760638954534917 0.027854003857974891 -0.041803670236379514 -0.020120769643117306 -0.052652022474752813 0.05078322451185479 0.056165280550824703 -0.05660138102422721 0.016810200077055245 0.044483598714475124 0.056791936962599647 0.050993580954350408 0.052096521001240417 -0.022768435913985644 -0.043673345356000481 0.05597384264177438 0.030359094795686287 -0.02633852865616463 0.013833915721961746 -0.0013696422533484493 0.040031293737307738 -0.010455518695028813 0.027913501600038859 0.032183657025160649 0.059307181932095811 -0.017719107867528557 0.04665163524376531 0.036904974063140285 -0.0062306132222729217 0.064744643731505874 0.01470030003131638
leaf_weight=6022.1212056428194 30.048394821584225 202.79966013133526 96.505091100931168 56.127737477421761 928.31847665458918 128.93071705102921 836.79511515051126 48.683470740914345 284.22627644985914 35.555675618350506 78.209338590502739 502.01861696690321 92.927019976079464 208.26065815985203 5135.2356562465429 61.120247714221478 125.3347562327981 32.797356739640236 75.048733234405518 8.363957613706587 96.772684380412102 87.543471723794937 196.92018412053585 5.1374923735857001 51.433667778968811 370.32995103299618 100.16635470092297 136.10829471051693 28.931960597634315 289.85152374207973
leaf_count=47681 183 1206 498 322 7672 1095 6209 227 1895 247 428 4178 453 1201 46354 331 783 148 344 36 507 452 1233 40 340 3085 794 610 165 1371
internal_value=0.000127359 -0.0447471 -0.051065 -0.0254813 0.0489259 0.0229365 -0.0427662 0.00394696 0.027179 -0.00971831 0.0117129 0.0422099 0.0246704 -0.0326716 0.0538523 -0.0016894 -0.0526591 -0.0281307 -0.0308822 -0.057471 0.015696 0.00776837 0.0177618 -0.0411941 0.0463402 0.0384377 0.0183725 0.0121222 0.0346783 0.00801218
internal_weight=16352.6 8518.82 7540.48 1510 7833.8 1248.31 1136.84 978.344 373.151 463.318 174.714 784.997 282.978 243.447 6585.48 154.047 962.13 88.9251 277.848 6030.49 219.872 184.316 700.495 213.398 1450.25 521.93 151.6 503.575 77.6154 425.96
internal_count=130088 63156 58000 10283 66932 8687 7918 5156 2365 2630 926 6057 1879 1424 58245 784 6992 470 1550 47717 1206 959 3606 1241 11891 4219 1134 2373 392 1981
is_linear=0
shrinkage=0.05


Tree=27
num_leaves=31
num_cat=0
split_feature=9 7 9 3 3 4 2 8 12 13 9 13 3 2 2 12 10 0 3 9 12 3 12 0 8 13 9 2 13 12
split_gain=13409.2 1006.18 495.326 428.264 426.249 239.561 194.371 178.04 162.028 116.274 82.9175 119.415 110.468 66.3106 56.8143 47.4888 40.7343 36.4065 35.643 33.0137 71.4511 27.7829 43.5612 27.7803 27.364 23.3916 21.9471 38.0596 28.3494 21.1255
threshold=0.2788888961076737 1.0000000180025095e-35 0.18350168317556384 77.032970428466811 69.028213500976577 0.98275861144065868 85.89511871337892 73.721538543701186 1.5000000000000002 1.0000000180025095e-35 0.11651583760976793 1.0000000180025095e-35 69.631092071533217 47.140522003173835 24.316333770751957 1.5000000000000002 1.0000000180025095e-35 0.86667668819427501 30.094339370727543 0.61721614003181469 3.5000000000000004 99.425289154052749 4.5000000000000009 0.83318904042243969 62.173519134521491 1.0000000180025095e-35 0.41885964572429663 81.120250701904311 1.0000000180025095e-35 1.5000000000000002
decision_type=2 2 2 2 2 2 2 2 2 2 2 2 2 2 2 2 2 2 2 2 2 2 2 2 2 2 2 2 2 2
left_child=1 2 10 8 5 7 17 15 18 -5 24 -12 -13 14 -9 -2 26 -3 -4 20 -7 -8 23 -23 -1 -22 27 28 -6 -19
right_child=4 6 3 9 16 19 21 13 -10 -11 11 12 -14 -15 -16 -17 -18 29 -20 -21 25 22 -24 -25 -26 -27 -28 -29 -30 -31
leaf_value=-0.057191192282594311 0.024923047020558881 -0.04409176441223845 0.054450791634122621 -0.021179131246656397 -0.060965916238361263 0.046469244344630588 0.044372589117126035 0.032878169228698843 -0.053765698483323049 0.049069507337347856 -0.055493819098103019 -0.04293813506944897 0.021658318793785755 0.052510502572919893 -0.0084189908385985061 -0.045376034826397273 0.055672889802876872 0.036807249084229256 -0.0091962227619925199 0.054578840710894888 -0.043996324456004238 0.064902710024815499 0.034474036965034198 0.0024874508971652635 0.03512612023494846 0.024982250693007683 0.048689092351833975 0.040114021483030969 0.033257935613487964 -0.01942651856062183
leaf_weight=5736.3169229850173 27.569733403623104 185.30545322597027 40.895664677023888 78.344476491212845 17.798333451151848 161.5329237729311 89.310617953538895 138.90415236353874 452.06099927425385 237.38439749181271 408.45741189271212 140.10328119248152 125.44525679945946 111.04725790023804 207.98604799062014 186.75197582691908 4916.4525034874678 22.506125926971436 47.599035754799843 357.94530579447746 35.216331318020821 18.680336460471153 186.82934865355492 390.57319386303425 8.0382369607686979 18.879532419145107 1168.8923448547721 186.03980751335621 14.47551269084215 64.754752859473228
leaf_count=47366 167 1144 273 387 83 1237 504 795 3456 1731 2993 1009 657 937 1033 1160 46408 105 204 3198 168 96 1196 1763 35 104 10110 1498 102 315
internal_value=0.000127974 -0.0440067 -0.0503499 -0.0146298 0.0482562 0.0215317 0.00416262 0.0012794 -0.041654 0.0316381 -0.0551153 -0.0385244 -0.0124227 0.0188826 0.0081175 -0.036333 0.0535379 -0.031552 0.0202167 0.0452685 0.0298132 0.0183656 0.014469 0.00533639 -0.057062 -0.0199227 0.0459711 0.0314187 -0.0187045 -0.00492283
internal_weight=15782.1 8232.61 7274.65 856.285 7549.49 1245.83 957.96 672.259 540.556 315.729 6418.36 674.006 265.549 457.937 346.89 214.322 6303.66 272.566 88.4947 573.574 215.629 685.393 596.083 409.254 5744.36 54.0959 1387.21 218.314 32.2738 87.2609
internal_count=130234 63234 58111 6051 67000 8799 5123 4092 3933 2118 52060 4659 1666 2765 1828 1327 58201 1564 477 4707 1509 3559 3055 1859 47401 272 11793 1683 185 420
is_linear=0
shrinkage=0.05


Tree=28
num_leaves=31
num_cat=0
split_feature=8 7 10 2 3 2 2 4 2 3 8 13 13 8 13 10 8 8 2 11 2 13 5 10 13 1 3 8 13 8
split_gain=12202.6 904.02 432.875 731.063 303.892 239.737 237.239 189.845 176.873 84.6052 83.535 86.2289 61.6549 61.2733 48.6394 47.2801 45.9955 32.4794 37.6541 31.9175 26.1035 25.7692 24.847 24.2477 23.2712 21.9604 23.1638 21.5755 16.8881 15.1942
threshold=61.128803253173835 1.0000000180025095e-35 1.0000000180025095e-35 77.058032989501967 56.33012771606446 28.778468132019047 24.316333770751957 0.98275861144065868 76.277057647705092 87.226108551025405 52.788888931274421 1.0000000180025095e-35 1.0000000180025095e-35 80.565547943115249 1.0000000180025095e-35 1.0000000180025095e-35 92.340286254882827 68.898223876953139 81.302967071533217 1.0000000180025095e-35 56.635221481323249 1.0000000180025095e-35 1.0000000180025095e-35 1.0000000180025095e-35 1.0000000180025095e-35 86.319076538085952 96.922348022460952 45.316349029541023 1.0000000180025095e-35 31.264810562133793
decision_type=2 2 2 2 2 2 2 2 2 2 2 2 2 2 2 2 2 2 2 2 2 2 2 2 2 2 2 2 2 2
left_child=1 2 5 7 6 -1 13 9 24 -4 21 -12 27 19 -9 17 20 18 22 -2 23 -7 -6 -8 -3 -10 -27 -5 -21 -14
right_child=4 8 3 12 15 10 16 14 25 -11 11 -13 29 -15 -16 -17 -18 -19 -20 28 -22 -23 -24 -25 -26 26 -28 -29 -30 -31
leaf_value=0.080178290304743466 0.050609653137340796 -0.046210345845734892 -0.053533394609766027 -0.029959496555641459 0.040244792690060767 -0.057654603867497801 0.03713398291845646 -0.016230167911314427 0.0043585072125951873 0.037705151453125745 -0.047751998629993145 0.024163953916165673 0.081671773379078522 0.048882909641957163 0.033810868146297982 0.055114163821489863 0.01609876512700412 0.046861485835369004 0.03774593194926075 -0.012847314480542639 0.070553114982179851 -0.049355575577719024 -0.054581225646520383 -0.036618195746479051 -0.0058356405010665672 0.050449050394941235 0.018180730986859794 0.023399684966076906 0.024850274748433904 0.043614671862869159
leaf_weight=33.160806410014629 43.513384886085987 153.29911132156849 1061.6362493336201 37.767189972102642 9.8581618219614011 4149.3960212096572 11.856963708996771 185.28954321146011 256.7743888348341 26.031616702675819 112.08619110286236 66.357818357646465 29.096870608627796 439.45844046771526 65.805670768022537 4698.8919493108988 78.409879982471466 1289.7328388169408 76.401574328541756 80.7238879352808 6.3824399262666693 1207.5996997058392 23.08461619913578 185.47068095207214 46.519744947552681 64.067888557910919 421.56656055152416 38.011417761445045 47.011457368731499 265.90042120963335
leaf_count=252 398 1020 8395 283 59 35548 71 1309 1211 172 765 474 189 3710 462 46109 404 11391 606 507 38 10100 123 1017 215 388 2256 298 289 2200
internal_value=0.000160794 -0.0411375 -0.0471035 -0.0250958 0.0487229 -0.0538598 0.0214786 -0.0423031 0.00494597 -0.0513497 -0.0546628 -0.0210087 0.0370346 0.0389964 -0.00311568 0.0527118 -0.0164423 0.0446433 0.0184793 0.0136256 -0.0289677 -0.0557838 -0.0262044 -0.0321866 -0.0368107 0.0161848 0.0224378 -0.00319392 0.00102683 0.0473684
internal_weight=15211.2 8220.37 7278.14 1709.54 6990.8 5568.6 892.827 1338.76 942.228 1087.67 5535.44 178.444 370.776 610.707 251.095 6097.97 282.12 1399.08 109.344 171.249 203.71 5357 32.9428 197.328 199.819 742.409 485.634 75.7786 127.735 294.997
internal_count=130259 65537 60447 13308 64722 47139 6434 10338 5090 8567 46887 1239 2970 4904 1771 58288 1530 12179 788 1194 1126 45648 182 1088 1235 3855 2644 581 796 2389
is_linear=0
shrinkage=0.05


Tree=29
num_leaves=31
num_cat=0
split_feature=9 7 9 3 3 4 1 8 1 4 1 2 10 10 9 9 9 8 1 3 0 9 1 5 11 8 9 8 1 4
split_gain=11820.3 934.012 455 478.599 388.418 209.773 150.588 148.442 90.7311 96.7335 59.9907 49.2516 44.9716 44.94 41.9013 27.7626 27.6498 22.5411 21.792 26.3894 19.2642 18.3099 23.4383 32.2636 17.1821 18.0954 16.469 51.8625 15.2357 12.48
threshold=0.2788888961076737 1.0000000180025095e-35 0.13188406080007556 87.026645660400405 69.631092071533217 0.98275861144065868 62.563131332397468 76.325832366943374 77.459678649902358 0.98275861144065868 45.035211563110359 24.316333770751957 1.0000000180025095e-35 1.0000000180025095e-35 0.19756097346544269 0.44097222387790685 0.61721614003181469 67.873523712158217 87.20676422119142 97.100841522216811 0.86286100745201122 0.78759399056434642 87.585617065429702 1.0000000180025095e-35 1.0000000180025095e-35 53.368236541748054 0.10172414034605028 33.854293823242195 46.709957122802741 0.36451049149036413
decision_type=2 2 2 2 2 2 2 2 2 2 2 2 2 2 2 2 2 2 2 2 2 2 2 2 2 2 2 2 2 2
left_child=1 2 17 8 5 7 20 15 9 -4 11 -9 14 21 -5 -2 24 26 29 -20 -3 22 23 -6 -7 -26 -1 -28 -17 -8
right_child=4 6 3 12 13 16 18 10 -10 -11 -12 -13 -14 -15 -16 28 -18 -19 19 -21 -22 -23 -24 -25 25 -27 27 -29 -30 -31
leaf_value=-0.056515050675432756 -0.040733341535638005 -0.043548123426532116 -0.050674750193327379 -0.021882208968150081 0.054125922291965251 0.053687103060037614 -0.0034345944719386297 0.032594552596316988 0.048069830136659074 -0.0052136768102177232 0.052200900800943618 -0.006930374744643821 0.046789498178007205 0.054899376572270391 0.028037194568212815 -0.011787147966048081 0.053337696497915622 0.059845452734718058 0.053089291316209888 0.016538399605092118 -0.0066875414631633601 0.056017880030881179 0.046827245858814863 0.021227584181067707 0.048999346260737223 0.010531323924501927 0.012524367950235569 -0.051566157388617022 0.058275218017094094 0.020397683202464899
leaf_weight=5031.442826770246 170.38541521131992 150.38140201568604 776.28071016073227 64.339756079018116 105.80512998998165 56.158952482044697 197.9890269562602 130.77205634117126 27.675503142178059 137.7828414440155 104.85244686901569 198.38245882093906 161.92194748669863 4504.877051115036 121.267742626369 42.224346242845058 330.78814324736595 4.2203033566474906 56.16784293204546 408.7840990871191 46.377493739128113 264.93832397460938 663.94980918616056 252.08780074119568 42.471183717250824 109.1047904714942 34.706207156181335 348.74830224364996 9.5064918920397741 76.024475201964378
leaf_count=45093 1128 975 6046 358 923 562 984 784 161 987 944 998 1176 46279 816 222 3191 20 353 2204 228 2470 6098 2187 265 681 241 2925 72 348
internal_value=0.000180367 -0.0427848 -0.0493123 -0.0226155 0.047191 0.0212326 0.00401216 0.00225096 -0.0411216 -0.0438221 0.0192646 0.00877275 0.0275325 0.0525454 0.0107329 -0.0309931 0.0443594 -0.0556638 0.0143623 0.0209539 -0.0348598 0.0443045 0.0412676 0.0309534 0.0300628 0.02131 -0.0557538 -0.0457654 0.0010881 0.00317762
internal_weight=14630.4 7644.11 6708.39 1289.27 6986.3 1194.65 935.724 656.123 941.739 914.064 434.007 329.155 347.529 5791.66 185.607 222.116 538.523 5419.12 738.965 464.952 196.759 1286.78 1021.84 357.893 207.735 151.576 5414.9 383.455 51.7308 274.014
internal_count=129719 62915 57823 9544 66804 8847 5092 4148 7194 7033 2726 1782 2350 57957 1174 1422 4699 48279 3889 2557 1203 11678 9208 3110 1508 946 48259 3166 294 1332
is_linear=0
shrinkage=0.05


Tree=30
num_leaves=31
num_cat=0
split_feature=9 7 3 9 3 12 9 12 1 4 10 8 10 2 3 9 4 12 2 9 8 12 9 4 12 2 4 8 1 1
split_gain=11142.4 923.796 428.193 387.252 384.595 227.997 257.225 197.624 127.013 63.3811 58.8964 48.2163 44.5623 43.4383 69.5489 40.0989 26.1106 24.1388 22.9901 17.5437 88.0961 37.1922 17.2364 19.4656 32.6317 15.8617 19.6159 14.692 14.4861 35.7594
threshold=0.26794873178005224 1.0000000180025095e-35 72.281322479248061 0.13188406080007556 81.165538787841811 1.5000000000000002 0.61721614003181469 1.5000000000000002 63.028589248657234 0.98275861144065868 1.0000000180025095e-35 64.208858489990249 1.0000000180025095e-35 19.433517456054691 45.53429031372071 0.43167701363563543 0.98275861144065868 4.5000000000000009 50.31645584106446 0.059714796021580703 30.202253341674808 4.5000000000000009 0.78759399056434642 0.072299651801586165 1.5000000000000002 70.659969329833999 0.10582306981086732 62.173519134521491 88.493064880371108 85.053192138671889
decision_type=2 2 2 2 2 2 2 2 2 2 2 2 2 2 2 2 2 2 2 2 2 2 2 2 2 2 2 2 2 2
left_child=1 3 5 19 7 -2 15 9 25 -5 11 -6 22 -8 -15 16 -7 -10 -17 -1 21 -21 23 -4 -25 -3 -27 -22 29 -19
right_child=2 8 12 4 10 6 13 -9 17 -11 -12 -13 -14 14 -16 18 -18 28 -20 20 27 -23 -24 24 -26 26 -28 -29 -30 -31
leaf_value=-0.056762584669088546 0.052340315544204576 -0.04121785426256877 0.04619408309710149 -0.012678564551607131 -0.01263816480455137 -0.044524222081715498 0.047736081959557634 -0.053008098042178001 0.00830753292397024 0.059295769864128045 0.04131865320687745 0.043730165511971869 0.054533904813864643 -0.011066287490570264 0.041853936977816822 -0.010900430461384971 -0.0079629016167941154 0.027086861925654473 0.044394241488293351 0.0061879352276743528 -0.052797747278719567 0.1522764389327142 0.055405770819030489 0.05379872007147099 0.021671641805537697 0.062327863693794755 -0.021519569301734966 0.016850119553553564 0.035393102753391879 -0.10572246828317965
leaf_weight=4113.2343437597156 372.93441950529814 135.59460300207138 627.19580952823162 83.516692116856575 156.34000879526138 193.14516275376081 212.64144372940063 707.39445694535971 550.97222872078419 48.26392500847578 161.96270228922367 50.092255778610706 4303.2173491641879 117.18105401098728 132.04571725428104 126.20609091222286 65.357203647494316 22.160603985190395 22.088036514818668 32.139952659606934 1061.6162728741765 5.0398993715643874 255.09505999833345 114.94728999584913 253.00612086802721 8.0090093016624433 54.050146922469139 7.6263259649276725 153.57406103610992 6.5713990330696097
leaf_count=38529 3441 924 5935 381 924 1299 1961 6047 2672 304 1145 373 46157 544 1091 650 281 135 198 257 9643 34 2482 1049 2274 41 265 34 1033 43
internal_value=1.93013e-05 -0.0426134 0.046185 -0.0493559 -0.0238395 0.0196399 0.00560096 -0.0425354 0.00393727 0.0136816 0.0187483 0.00104001 0.0521197 0.0311356 0.016972 -0.0233905 -0.0352804 0.0135258 -0.00266443 -0.0552592 -0.0496701 0.0259909 0.0438103 0.0408379 0.031708 -0.0316355 -0.0106987 -0.052301 0.0292968 -0.00328843
internal_weight=14153.2 7358.16 6795.06 6427.23 1207.57 1241.6 868.665 839.175 930.932 131.781 368.395 206.432 5553.46 461.868 249.227 406.796 258.502 733.278 148.294 5219.66 1106.42 37.1799 1250.24 995.149 367.953 197.654 62.0592 1069.24 182.306 28.732
internal_count=130146 62784 67362 57671 9174 9465 6024 6732 5113 685 2442 1297 57897 3596 1635 2428 1580 3883 848 48497 9968 291 11740 9258 3323 1230 306 9677 1211 178
is_linear=0
shrinkage=0.05


Tree=31
num_leaves=31
num_cat=0
split_feature=9 7 9 1 2 4 13 12 2 8 4 12 10 13 13 12 9 8 9 9 1 13 12 12 2 13 9 13 4 8
split_gain=10409.5 873.102 434.827 412.039 364.856 216.793 190.564 184.326 132.792 112.93 79.0302 60.2402 51.4806 40.4457 29.9646 28.1139 50.7564 25.102 23.9434 23.3038 50.265 55.7398 23.1606 20.5002 24.0484 19.8946 19.8887 19.3758 18.5869 16.5328
threshold=0.2788888961076737 1.0000000180025095e-35 0.12060606107115747 58.898942947387702 47.140522003173835 0.98275861144065868 1.0000000180025095e-35 1.5000000000000002 79.205974578857436 88.473194122314467 0.98275861144065868 1.5000000000000002 1.0000000180025095e-35 1.0000000180025095e-35 1.0000000180025095e-35 1.5000000000000002 0.61721614003181469 66.862743377685561 0.21240601688623431 0.45643940567970281 60.922586441040046 1.0000000180025095e-35 3.5000000000000004 1.5000000000000002 56.635221481323249 1.0000000180025095e-35 0.19756097346544269 1.0000000180025095e-35 0.1651515141129494 33.413078308105476
decision_type=2 2 2 2 2 2 2 2 2 2 2 2 2 2 2 2 2 2 2 2 2 2 2 2 2 2 2 2 2 2
left_child=1 2 17 7 5 9 18 10 14 11 -4 -2 19 -13 -3 -7 25 -1 -5 20 21 -6 -11 24 -16 -17 -8 -10 -24 -9
right_child=4 8 3 6 12 15 26 29 27 22 -12 13 -14 -15 23 16 -18 -19 -20 -21 -22 -23 28 -25 -26 -27 -28 -29 -30 -31
leaf_value=-0.05524032540613473 0.032864895659797153 -0.041637362356526313 -0.019342516192111893 -0.050206680128806795 -0.08633876018577144 0.05542239772785279 0.021101844942582361 -0.0064613162421934406 0.0066070004316257924 0.049237225330375563 0.057748969563336999 -0.04620152852702978 0.053795185091270639 -0.0081958429590666838 -0.021545144141875354 -0.010929316162496087 0.048825186616240926 0.071060345615235179 -0.00608971540176724 0.046678150004656471 0.037520162905498859 0.042443863418026445 -0.029003097930541274 -0.024159834906388407 0.086472722098852733 0.0363303177980061 0.047447233419030843 0.023152127583772785 0.021118937043058925 -0.053862942845419974
leaf_weight=4914.1294736787677 44.542095556855202 161.50457088649273 88.583426393568516 82.890143051743507 18.070028282701969 234.46265950798988 112.18627721816301 18.877631463110447 400.86216300725937 67.757081292569637 53.215991608798504 160.87736397981644 4181.3384734168649 123.92775665968657 9.0222907066345233 70.030388630926609 165.93648871034384 3.9371745735406867 48.89741587638855 864.00469519942999 337.33559684455395 15.704326152801512 21.447022795677185 30.168872356414795 12.014008879661558 32.651424363255501 198.19663900136948 316.79874942451715 134.4511716812849 719.51565221697092
leaf_count=47815 310 1119 437 556 99 2440 626 124 2026 478 356 995 46683 734 43 325 1725 19 237 8608 3103 135 112 145 53 180 1600 1781 808 6378
internal_value=-6.55554e-05 -0.0415588 -0.0482954 -0.0228422 0.045904 0.0190195 0.0165362 -0.0426241 0.00362658 -0.00258768 0.0095892 -0.0212074 0.0511459 -0.029664 -0.0310705 0.0427709 0.031728 -0.0551392 -0.0338379 0.042177 0.0316976 -0.0264577 0.0248311 0.00225802 0.0401448 0.00409861 0.0379248 0.0139106 0.0142236 -0.0526511
internal_weight=13643.3 7170.8 6240.43 1322.36 6472.54 1056.08 442.17 880.193 930.371 553.002 141.799 329.347 5416.45 284.805 212.71 503.081 268.618 4918.07 131.788 1235.11 371.11 33.7744 223.655 51.2052 21.0363 102.682 310.383 717.661 155.898 738.393
internal_count=130050 63315 58148 10314 66735 8107 3019 7295 5167 3437 793 2039 58628 1729 1360 4670 2230 47834 793 11945 3337 234 1398 241 96 505 2226 3807 920 6502
is_linear=0
shrinkage=0.05


Tree=32
num_leaves=31
num_cat=0
split_feature=9 7 9 2 3 12 12 9 2 13 13 13 3 3 3 4 5 12 1 13 12 2 13 12 8 12 9 9 13 9
split_gain=9798.3 835.802 471.063 431.544 348.837 222.034 178.475 179.838 126.191 101.632 94.3121 56.666 40.3047 44.6284 37.3803 28.9606 24.7951 24.6539 22.6107 18.3512 22.0204 19.6076 18.1447 20.1354 17.5903 17.1507 15.4906 14.0877 19.1513 19.8491
threshold=0.29520697891712194 1.0000000180025095e-35 0.11651583760976793 83.935482025146499 71.535182952880874 1.5000000000000002 1.5000000000000002 0.61721614003181469 72.850124359130874 1.0000000180025095e-35 1.0000000180025095e-35 1.0000000180025095e-35 24.121212005615238 52.419982910156257 90.070423126220717 0.98275861144065868 1.0000000180025095e-35 4.5000000000000009 48.52813911437989 1.0000000180025095e-35 1.5000000000000002 56.635221481323249 1.0000000180025095e-35 1.5000000000000002 62.173519134521491 5.5000000000000009 0.19756097346544269 0.77525252103805553 1.0000000180025095e-35 0.41885964572429663
decision_type=2 2 2 2 2 2 2 2 2 2 2 2 2 2 2 2 2 2 2 2 2 2 2 2 2 2 2 2 2 2
left_child=1 2 24 5 6 10 -2 11 19 16 -4 15 -9 -14 -7 -8 -5 22 -13 -3 21 -21 -10 -24 -1 27 -11 28 29 -6
right_child=4 8 3 9 25 14 7 12 17 26 -12 18 13 -15 -16 -17 -18 -19 -20 20 -22 -23 23 -25 -26 -27 -28 -29 -30 -31
leaf_value=-0.055016143574268941 0.051583259590283675 -0.04454172761684555 -0.02062126136626307 0.046088714737071497 0.011975876238667018 -0.051078532833875916 -0.050878996927051737 0.047928062068042954 0.00024396267742863984 0.022499022931714404 0.053152728104682238 -0.0042378400425529912 0.0016020342491408109 0.044017401113598156 0.023032585712523632 -0.009713846872657729 -0.032185479857867891 0.029021402387688879 0.051101862149755574 -0.01938496363100398 -0.041612505073496696 0.084428009516719194 0.053869543751792363 0.012365302264961743 0.021190574514545275 0.054057340864906211 0.046685960810246896 0.053828865850739052 0.049957138462615486 0.041559893553281602
leaf_weight=4650.4040122851729 329.46312585473061 126.90212544798851 96.939007572829723 11.580818049609659 63.629715710878372 819.87588436156511 128.32254498451948 172.14544617384672 330.27534800767899 102.48325640708208 78.323257714509964 136.74568648636341 171.52083605527878 97.138122618198395 17.374971255660057 64.051859609782696 80.065008051693439 180.39821594953537 21.337959095835686 8.7302339822053927 19.637729898095131 9.4956502020359022 34.251643367111683 199.01488101482391 7.5846118479967108 2844.8220513537526 186.97075878828764 741.46287813782692 902.42437651753426 520.45696791261435
leaf_count=47316 3293 946 552 62 527 7292 856 1807 1536 574 462 789 839 928 97 301 477 1232 186 42 99 41 201 1004 34 33219 1694 8400 9774 5596
internal_value=0.000159803 -0.0405476 -0.0472617 -0.021758 0.045907 -0.0388279 0.0206614 0.00778621 0.00416508 0.0235935 0.0123477 -0.0189472 0.0290404 0.016938 -0.0495405 -0.0371729 -0.0222944 0.0129338 0.00323185 -0.035427 -0.00487834 0.0347014 0.00778394 0.0184596 -0.0548921 0.0514845 0.0381224 0.0481993 0.0453913 0.038337
internal_weight=13153.8 6960.31 6051.6 1393.61 6193.52 1012.51 1120.73 791.262 908.706 381.1 175.262 350.458 440.804 268.659 837.251 192.374 91.6458 743.94 158.084 164.766 37.8636 18.2259 563.542 233.267 4657.99 5072.8 289.454 2227.97 1486.51 584.087
internal_count=130176 63661 58560 11210 66515 8403 8999 5706 5101 2807 1014 2132 3574 1767 7389 1157 539 3973 975 1128 182 83 2741 1205 47350 57516 2268 24297 15897 6123
is_linear=0
shrinkage=0.05


Tree=33
num_leaves=31
num_cat=0
split_feature=9 8 9 3 3 12 12 9 2 13 13 1 13 10 2 3 1 3 9 7 9 1 3 8 9 1 12 9 13 12
split_gain=9185.03 811.693 404.934 385.917 369.956 195.82 184.75 181.64 115.571 100.944 71.0098 52.8175 52.8066 46.7268 40.7125 65.9072 33.0501 30.7246 26.431 32.771 24.0318 23.0805 21.2476 20.276 18.9136 21.239 42.3805 17.6402 16.0246 18.747
threshold=0.2788888961076737 22.291234970092777 0.11651583760976793 87.226108551025405 72.281322479248061 1.5000000000000002 1.5000000000000002 0.61721614003181469 86.72955703735353 1.0000000180025095e-35 1.0000000180025095e-35 77.459678649902358 1.0000000180025095e-35 1.0000000180025095e-35 23.90476226806641 47.690120697021491 76.50690078735353 24.121212005615238 0.050641026347875602 1.0000000180025095e-35 0.21240601688623431 51.471860885620124 91.734970092773452 62.173519134521491 0.78759399056434642 87.585617065429702 3.5000000000000004 0.19756097346544269 1.0000000180025095e-35 1.5000000000000002
decision_type=2 2 2 2 2 2 2 2 2 2 2 2 2 2 2 2 2 2 2 2 2 2 2 2 2 2 2 2 2 2
left_child=1 8 23 5 6 10 -2 12 16 20 -4 -7 17 24 -9 -16 28 -8 19 -10 -5 -14 -21 -3 25 26 -6 -11 -1 -30
right_child=4 2 3 9 13 11 7 14 18 27 -12 -13 21 -15 15 -17 -18 -19 -20 22 -22 -23 -24 -25 -26 -27 -28 -29 29 -31
leaf_value=-0.039330764831878959 0.050755179538576715 -0.054867394510426409 -0.017386237948958737 -0.045933905753900418 0.039670995683196986 -0.052340922688646131 -0.011543360537806108 0.04287892088006625 -0.053190782697762257 0.020358985960091263 0.050696966161096049 0.039632668033349479 -0.0057639711200020054 0.053445582908040218 -0.01747201086100773 0.038583014050998315 0.021619222443051922 -0.051635825023537599 0.12446208256979568 0.045975043144494937 0.0080879289693754821 0.050438303880540047 0.011746699627608864 0.024069942440522962 0.054743633586409782 0.044197873669490864 -0.0010911533824774959 0.046581248916316986 0.025105671772397555 -0.030688681219640735
leaf_weight=176.73914512246847 325.83645079284906 4420.2198784574866 92.626930221915245 54.173407413065434 223.48289263993502 745.47215676307678 76.203427098691463 223.51180654764175 18.490305230021477 104.72455943375826 65.295924797654152 15.94343990832567 142.6744231954217 3764.3008059114218 98.936637297272682 111.57283802330494 33.28013750910759 128.14122791588306 5.3083988651633254 49.004093036055565 33.205171182751656 20.949732035398483 606.31734257936478 8.1500073522329313 225.81119719147682 581.77374061197042 89.225114293396473 165.48083388805389 23.738974593579769 41.158099710941315
leaf_count=1294 3388 46965 513 367 2200 7019 359 2148 196 585 383 104 832 45972 445 1037 155 882 39 301 150 188 3271 37 2483 6141 869 1472 118 224
internal_value=1.75094e-05 -0.0404309 -0.0475692 -0.0227628 0.044818 -0.0399058 0.0190065 0.00610745 0.00225722 0.0213112 0.0107639 -0.0504151 -0.0197354 0.0507777 0.0280174 0.0122379 -0.0250945 -0.0366847 0.0133296 0.012454 -0.0254048 0.00143193 0.0143063 -0.0547221 0.0418135 0.0385492 0.0280403 0.0364182 -0.0315283 -0.0102794
internal_weight=12671.7 6659.33 5705.29 1276.92 6012.42 919.338 1127.83 801.99 954.036 357.584 157.923 761.416 367.969 4884.59 434.021 210.509 274.916 204.345 679.12 673.812 87.3786 163.624 655.321 4428.37 1120.29 894.482 312.708 270.205 241.636 64.8971
internal_count=130137 63193 57595 10593 66944 8019 9279 5891 5598 2574 896 7123 2261 57665 3630 1482 1791 1241 3807 3768 517 1020 3572 47002 11693 9210 3069 2057 1636 342
is_linear=0
shrinkage=0.05


Tree=34
num_leaves=31
num_cat=0
split_feature=9 8 9 1 3 13 12 12 9 1 3 13 10 3 1 0 9 8 8 1 13 3 12 9 12 1 13 12 3 4
split_gain=8655.55 757.098 459.623 397.531 334.468 215.896 193.028 166.193 156.674 103.435 78.7217 43.7286 41.2091 39.7821 47.6361 30.0302 26.7991 23.4401 22.5641 21.7881 21.1508 19.9178 19.6206 15.8521 16.9829 36.9873 15.0031 20.2021 13.742 15.3547
threshold=0.29520697891712194 1.0000000180025095e-35 0.11651583760976793 58.017766952514656 72.281322479248061 1.0000000180025095e-35 1.5000000000000002 1.5000000000000002 0.61721614003181469 63.028589248657234 30.094339370727543 1.0000000180025095e-35 1.0000000180025095e-35 25.403225898742679 47.140522003173835 0.44306187331676489 0.19756097346544269 62.173519134521491 70.632461547851577 51.022111892700202 1.0000000180025095e-35 89.417694091796889 4.5000000000000009 0.78759399056434642 1.5000000000000002 87.20676422119142 1.0000000180025095e-35 1.5000000000000002 88.493064880371108 0.10102041065692903
decision_type=2 2 2 2 2 2 2 2 2 2 2 2 2 2 2 2 2 2 2 2 2 2 2 2 2 2 2 2 2 2
left_child=1 9 17 6 7 18 10 -2 11 20 -4 15 23 -10 -15 -9 -7 -3 -5 -13 -1 -8 26 24 -6 -26 -11 -28 29 -22
right_child=4 2 3 5 12 16 21 8 13 22 -12 19 -14 14 -16 -17 -18 -19 -20 -21 28 -23 -24 -25 25 -27 27 -29 -30 -31
leaf_value=-0.040695516873951759 0.051215203487515064 -0.054264817113023403 0.054085792427180306 -0.039011618060855742 0.05390643183718577 0.01975532977592602 -0.05316776972792784 -0.011701171413764276 0.046572897453077772 0.000496218666946606 -0.019580823201106837 -0.0051844812797066132 0.05330528393165327 0.0031012783549387033 0.052311959044404346 -0.052056336601120079 0.049576359244210395 0.038814181364571557 0.05317296770893442 0.051619801802780689 0.036412129676833348 0.0012037498141234226 0.02684794738388406 0.054178773984908363 0.016918032899061016 0.042784781772794656 0.057371112110031812 0.011714267668446248 0.040269022082006257 -0.03768256382496616
leaf_weight=131.48785717785358 302.84558575600386 4272.4531601890922 61.588001526892185 137.21019899100065 156.68833160400391 117.4995850622654 683.10764449089766 83.277643755078316 168.37214876711369 317.87321309745312 88.202526114881039 137.11576787382364 3593.7483456805348 196.39513301849365 65.603158995509148 103.2628575861454 209.95924834161997 6.774595007300376 6.9755266755819312 19.251017831265926 9.4280942529439908 17.269567728042603 171.70002663135529 217.01566352695227 190.52397821098566 503.22481838613749 27.758819229900837 190.49832241237164 13.650252014398573 27.061696842312813
leaf_count=973 3289 47399 440 893 1669 668 6740 421 1859 1510 458 798 45886 1072 738 730 1896 31 34 181 45 99 1202 2493 1886 5507 175 977 64 135
internal_value=0.000199222 -0.0393519 -0.046157 -0.0203858 0.0449424 0.0164284 -0.0408091 0.0198172 0.00752047 0.00350088 0.010708 -0.017693 0.0507431 0.0276099 0.0154234 -0.0340405 0.0388759 -0.0541175 -0.0345518 0.00180895 -0.0301591 -0.0518271 0.012138 0.0421169 0.0390389 0.035681 0.00742699 0.0175211 -0.00252841 -0.0185383
internal_weight=12227.8 6490.5 5601.04 1321.81 5737.32 471.645 850.168 1076.12 773.278 889.458 149.791 342.907 4661.2 430.37 261.998 186.541 327.459 4279.23 144.186 156.367 181.628 700.377 707.83 1067.45 850.437 693.749 536.13 218.257 50.14 36.4898
internal_count=130268 63739 58658 11228 66529 3491 7737 9088 5799 5081 898 2130 57441 3669 1810 1151 2564 47430 927 979 1217 6839 3864 11555 9062 7393 2662 1152 244 180
is_linear=0
shrinkage=0.05


Tree=35
num_leaves=31
num_cat=0
split_feature=8 8 13 3 10 3 4 8 2 2 4 2 12 3 10 8 12 12 0 2 12 3 5 4 4 1 12 1 3 0
split_gain=7761.79 640.672 375.016 268.492 237.09 307.1 153.297 149.333 131.06 111.515 106.142 84.0517 84.0072 81.2572 56.7221 52.3843 41.6353 41.1752 31.9819 29.2063 24.1064 31.3956 32.5078 23.0579 19.2358 19.1042 18.8886 41.0901 31.6726 17.7321
threshold=62.173519134521491 22.291234970092777 1.0000000180025095e-35 65.058139801025405 1.0000000180025095e-35 75.93103408813478 0.98275861144065868 49.013114929199226 24.316333770751957 86.72955703735353 0.98275861144065868 32.495286941528327 1.5000000000000002 49.675325393676765 1.0000000180025095e-35 80.565547943115249 1.5000000000000002 6.5000000000000009 0.86667668819427501 32.071428298950202 4.5000000000000009 96.922348022460952 1.0000000180025095e-35 0.72804316878318798 0.32392686605453497 68.042552947998061 1.5000000000000002 87.585617065429702 81.165538787841811 0.83714976906776439
decision_type=2 2 2 2 2 2 2 2 2 2 2 2 2 2 2 2 2 2 2 2 2 2 2 2 2 2 2 2 2 2
left_child=1 9 6 8 7 10 17 11 15 18 -6 -4 -8 19 26 16 -2 -3 23 -10 21 29 -23 -1 -15 -7 -5 28 -28 -11
right_child=3 2 4 14 5 25 12 -9 13 20 -12 -13 -14 24 -16 -17 -18 -19 -20 -21 -22 22 -24 -25 -26 -27 27 -29 -30 -31
leaf_value=-0.041068141956362159 0.046984905267281149 -0.053798653605222117 0.1193457142903762 0.052648829794021204 -0.042801110244004313 0.016264173477835594 0.044652783392731266 0.01922052371515625 -0.0095050970396263843 -0.064748576498824914 0.031444612498300863 -0.046208894133584213 -0.029800240611322727 0.040122596428922679 0.05273530508425165 0.044935932386977517 -0.01003460604163367 0.055585810240115489 -0.0023986000351039626 -0.048143539603912482 0.028672013126029485 0.059112426027038291 -0.0016105044292650727 0.11090256894519031 -0.0022822037807357361 0.04793630794245312 -0.0282597311731238 0.043331740056734097 0.025932296410055067 0.043695920280926753
leaf_weight=167.23256403207779 48.155897803604603 3773.5252657458186 7.735219493508338 221.0317797511816 282.49370900541544 61.250523269176483 56.618652448058128 101.91950681060553 113.35325982421637 3.9930512383580199 58.024989157915115 864.47992117702961 114.51931826025248 79.741552002727985 3413.8896476179361 349.85150552541018 95.516560859978199 8.6229518204927427 93.61389422416687 86.023790001869202 172.39275636523962 23.333031177520752 397.8854664042592 2.5337961167097083 40.238835237920284 213.82123761624098 30.645489007234573 608.07916824519634 224.31903648376465 67.332357734441757
leaf_count=1273 558 42425 63 2444 2746 545 501 872 637 20 475 9564 918 692 45456 3720 563 104 492 497 1241 130 1952 17 242 2209 254 6920 2351 432
internal_value=-5.42048e-06 -0.0367695 -0.0432077 0.044792 -0.0226989 0.00159119 -0.0514549 -0.0380487 0.0183467 0.00167342 -0.0301495 -0.0447407 -0.00516848 -0.00661115 0.0495713 0.0344969 0.0090771 -0.0535493 -0.0258617 -0.0261761 0.01258 0.00694777 0.00175319 -0.0387999 0.0259009 0.0408838 0.0396073 0.0362672 0.0194187 0.0376248
internal_weight=11782.2 6471.33 5543.01 5310.85 1589.73 615.59 3953.29 974.135 812.881 928.317 340.519 872.215 171.138 319.357 4497.97 493.524 143.672 3782.15 263.38 199.377 664.937 492.544 421.218 169.766 119.98 275.072 1084.08 863.044 254.965 71.3254
internal_count=130313 65979 60422 64334 16474 5975 43948 10499 6909 5557 3221 9627 1419 2068 57425 4841 1121 42529 1782 1134 3775 2534 2082 1290 934 2754 11969 9525 2605 452
is_linear=0
shrinkage=0.05


Tree=36
num_leaves=31
num_cat=0
split_feature=9 7 1 4 9 2 12 9 2 13 10 12 9 13 12 9 9 13 1 0 13 13 1 5 13 12 12 13 9 13
split_gain=7638.95 815.056 478.734 262.967 175.644 187.205 110.912 108.321 93.2914 73.84 67.0996 59.1817 90.6668 51.1839 38.0868 34.7805 30.5232 62.1892 58.2794 29.6661 28.7828 26.144 20.8897 18.0902 16.7659 16.224 14.7228 13.8846 13.3577 49.4479
threshold=0.22902098298072818 1.0000000180025095e-35 48.934240341186531 0.61602565646171581 0.11651583760976793 87.026645660400405 1.5000000000000002 0.44097222387790685 68.237251281738295 1.0000000180025095e-35 1.0000000180025095e-35 1.5000000000000002 0.61721614003181469 1.0000000180025095e-35 1.5000000000000002 0.76330533623695385 0.45643940567970281 1.0000000180025095e-35 73.20508193969728 0.6825523078441621 1.0000000180025095e-35 1.0000000180025095e-35 73.401363372802749 1.0000000180025095e-35 1.0000000180025095e-35 1.5000000000000002 4.5000000000000009 1.0000000180025095e-35 0.053342817351222045 1.0000000180025095e-35
decision_type=2 2 2 2 2 2 2 2 2 2 2 2 2 2 2 2 2 2 2 2 2 2 2 2 2 2 2 2 2 2
left_child=1 4 3 7 28 6 9 14 -3 -6 16 -5 20 23 -2 19 17 18 -4 -9 -13 22 -10 -7 -17 -23 -15 -16 -1 -30
right_child=2 8 10 11 5 13 -8 15 21 -11 -12 12 -14 26 27 24 -18 -19 -20 -21 -22 25 -24 -25 -26 -27 -28 -29 29 -31
leaf_value=-0.054892795251321971 0.016402225466726986 -0.037072174028320373 -0.045880987483783262 0.053158935890882178 -0.030753884242375126 0.079064715061309701 -0.050694740003167982 -0.015303463313391167 -0.018794159362768043 0.05067782369945939 0.052131868102701734 -0.018778790043977686 0.043401101454627104 0.016162736419722917 -0.056542342494642628 0.010397257475922796 0.044215399409659115 0.040554816613448091 0.023740499786601699 0.047323483498057983 0.021739562819731283 0.052814447736730913 0.0078809729013189223 -0.037608001770799634 0.047101607194570579 0.017010505736777742 0.048533440247480936 -0.029857179619196608 -0.054644558366795243 -0.025849298071500861
leaf_weight=3118.1003486663103 27.639823541045189 121.64795143902302 47.099775575101376 251.5983304604888 66.394259460270405 3.5657987892627707 554.6489736661315 154.46513376384974 93.388304702937603 47.938620239496231 3379.0855818837881 116.03663748502731 230.88766258209944 98.801011770963669 124.87756726890802 69.695177502930164 709.59195037931204 272.74272214621305 83.078126758337021 21.547193847596645 70.434531480073929 35.639668568968773 342.79710083454847 48.659992635250092 56.200456582009792 281.93320393562317 54.502832889556885 79.955649189651012 618.49223516881466 196.44183385372162
leaf_count=37824 160 945 298 3050 389 18 5823 811 501 265 46564 695 2682 660 1200 493 8439 2890 761 241 456 220 1817 339 375 1630 444 662 7428 2175
internal_value=0.000195819 -0.0408164 0.0411218 0.0131139 -0.0488966 -0.0286288 -0.0414514 -0.0130378 0.0035581 0.00338961 0.0486253 0.0340047 0.0224578 0.0131077 -0.0386917 0.00671598 0.0379746 0.0269839 -0.00144931 -0.00763676 -0.00347406 0.0101154 0.00216977 -0.029642 0.0267823 0.0210286 0.0276712 -0.0461259 -0.0534031 -0.0477034
internal_weight=11377.9 5682.95 5694.94 1203.34 4807.55 874.511 668.982 534.381 875.406 114.333 4491.6 668.957 417.359 205.53 232.473 301.908 1112.51 402.921 130.178 176.012 186.471 753.758 436.185 52.2258 125.896 317.573 153.304 204.833 3933.03 814.934
internal_count=130255 60478 69777 10825 55365 7938 6477 3942 5113 654 58952 6883 3833 1461 2022 1920 12388 3949 1059 1052 1151 4168 2318 357 868 1850 1104 1862 47427 9603
is_linear=0
shrinkage=0.05


Tree=37
num_leaves=31
num_cat=0
split_feature=8 8 13 3 10 3 4 8 12 4 8 2 3 12 10 12 13 2 3 0 2 3 12 0 12 1 8 12 1 3
split_gain=6831.36 623.157 348.555 240.088 214.337 271.183 160.706 149.122 103.285 99.5919 88.8912 82.4839 75.1052 74.5881 56.1076 41.7226 39.3955 30.4185 34.9523 27.1752 29.013 24.1731 21.5192 22.4241 18.7302 40.4362 22.8617 17.2901 16.1019 16.0053
threshold=63.191850662231452 22.291234970092777 1.0000000180025095e-35 71.535182952880874 1.0000000180025095e-35 80.277778625488295 0.98275861144065868 49.886877059936531 1.5000000000000002 0.98275861144065868 88.103561401367202 87.841831207275405 40.370370864868171 1.5000000000000002 1.0000000180025095e-35 6.5000000000000009 1.0000000180025095e-35 19.433517456054691 49.675325393676765 0.87778618931770336 37.248718261718757 91.734970092773452 4.5000000000000009 0.82803469896316539 1.5000000000000002 87.585617065429702 69.789379119873061 1.5000000000000002 60.922586441040046 53.907203674316413
decision_type=2 2 2 2 2 2 2 2 2 2 2 2 2 2 2 2 2 2 2 2 2 2 2 2 2 2 2 2 2 2
left_child=1 11 6 8 7 9 15 12 -2 -6 16 19 -4 -8 24 -3 28 -12 -19 20 -1 -13 23 -23 -5 26 -26 -21 -10 -18
right_child=3 2 4 14 5 -7 13 -9 10 -11 17 21 -14 -15 -16 -17 29 18 -20 27 -22 22 -24 -25 25 -27 -28 -29 -30 -31
leaf_value=0.12782993663440492 0.048174421273394157 -0.053076049792967331 0.1215796675360587 0.053038997447061413 -0.039372430831449867 0.041387913541207313 0.043052734711268789 0.021523346581108448 -0.030635195400285087 0.031730148613849644 0.045612728943842468 0.050899072017597961 -0.045432001148595233 -0.026546058938852691 0.052440558763445527 0.054946329976097212 0.00084698854890112227 -0.0059292226937518074 0.03803606224396177 0.04302471542174488 -0.034562187040226011 0.060579369375997276 0.025116678962646723 0.0018572667094370384 -0.027655275894510691 0.042771489414050498 0.023429981918407252 -0.010502354050357918 0.040901150017315112 0.043145169008258696
leaf_weight=2.7940702363848677 234.96698966622353 3484.458902888 6.7879163585603228 185.11678014695644 286.16000173985958 247.96775449812412 57.453247204422951 96.999591968953609 153.34861768037081 59.486200749874115 136.1361958310008 37.916636973619461 810.9258578568697 116.66121103614569 3041.0576131269336 8.961894325911997 114.35329143702984 97.952826768159866 83.949093781411648 20.215433090925217 176.14145053178072 16.893457978963852 166.48216852545738 431.81113488972187 24.366451218724251 558.65120626986027 216.4145939424634 59.464391186833382 8.2914779409766179 27.801955573260784
leaf_count=18 2799 42548 60 2243 2925 2663 543 861 1033 496 1605 256 9630 961 44342 120 726 472 865 102 1372 97 1230 2177 182 6820 2419 308 84 260
internal_value=-9.14463e-05 -0.0354273 -0.0421413 0.0439667 -0.0219086 0.00148844 -0.0504623 -0.0370924 0.0199333 -0.0271356 0.00926212 0.00268873 -0.0440456 -0.00358027 0.0490819 -0.0527989 -0.0100803 0.0277383 0.0143611 -0.0212107 -0.0320264 0.0121524 0.00976429 0.00406812 0.0387076 0.035389 0.0182603 0.00307791 -0.0269657 0.00911944
internal_weight=10970 6087.58 5175.86 4882.41 1508.33 593.614 3667.54 914.713 856.8 345.646 621.833 911.719 817.714 174.114 4025.61 3493.42 303.795 318.038 181.902 258.615 178.936 653.103 615.187 448.705 984.549 799.432 240.781 79.6798 161.64 142.155
internal_count=130217 66367 60807 63850 16635 6084 44172 10551 7844 3421 5045 5560 9690 1504 56006 42668 2103 2942 1337 1800 1390 3760 3504 2274 11664 9421 2601 410 1117 986
is_linear=0
shrinkage=0.05


Tree=38
num_leaves=31
num_cat=0
split_feature=9 8 3 9 1 12 9 13 12 2 4 10 0 1 0 4 13 8 12 12 3 0 12 9 1 12 1 12 0 8
split_gain=6776.7 673.08 360.554 307.815 262.195 161.232 136.06 125.684 121.269 79.649 61.75 60.8176 48.1382 70.2026 26.7944 24.1336 23.3219 23.1422 22.8999 22.6899 27.2243 29.6832 22.531 21.5833 26.6408 44.615 20.5487 20.5457 20.1722 17.6803
threshold=0.2639319002628327 22.291234970092777 72.281322479248061 0.11651583760976793 58.017766952514656 1.5000000000000002 0.45643940567970281 1.0000000180025095e-35 1.5000000000000002 86.391696929931655 0.98275861144065868 1.0000000180025095e-35 0.42252655327320104 47.690120697021491 0.86286100745201122 0.98275861144065868 1.0000000180025095e-35 62.173519134521491 1.5000000000000002 4.5000000000000009 99.425289154052749 0.82803469896316539 3.5000000000000004 0.78759399056434642 87.20676422119142 1.5000000000000002 24.316333770751957 1.5000000000000002 0.8690762221813203 65.176864624023452
decision_type=2 2 2 2 2 2 2 2 2 2 2 2 2 2 2 2 2 2 2 2 2 2 2 2 2 2 2 2 2 2
left_child=1 9 5 17 8 -2 15 29 10 14 -5 23 -8 -14 26 16 -7 -3 -16 20 28 -22 -17 24 25 -4 -1 -9 -11 -6
right_child=2 3 11 4 7 6 12 27 -10 19 -12 -13 13 -15 18 22 -18 -19 -20 -21 21 -23 -24 -25 -26 -27 -28 -29 -30 -31
leaf_value=0.10626810677318424 0.047887166762748845 -0.053229753709264971 0.050748538871982274 -0.020453304303899165 -0.036353102857301076 -0.053706611789760418 0.036676820437506905 0.063726267006160298 -0.05042852520220107 -0.054759973454683503 0.054647951914677542 0.052024703526722886 -0.0080236288634783614 0.048819107495457856 0.039471411074339754 0.023039539062058557 -0.017551210579895178 0.037194261501745401 -0.016594051920474678 0.026261399819052907 0.065091960674936195 -0.0026523894540275237 -0.031846156104383537 0.05286364770756824 0.040883205977847975 0.0079561720324907593 -0.038279265657533 0.025359206016488629 0.041915686162665194 0.042380943305728419
leaf_weight=2.4993262439966193 282.67533632740378 3567.4918646886945 89.532184526324272 83.470413781702518 108.37789343297482 92.303738042712212 213.39374652504921 41.900800563395023 561.22441383451223 5.8935480862855902 40.724240660667419 3042.0560684204102 227.0252019315958 71.401435546576977 24.50271637737751 40.238244265317917 86.30701569467783 7.0898980498313895 70.952418245375156 164.5761971399188 16.840282507240772 406.12652249634266 34.929958820343018 187.90614547580481 502.150231346488 190.53081156313419 151.22916062176228 208.64940705895424 63.895593591034412 7.6323807016015044
leaf_count=15 3477 46962 1078 445 805 796 2223 288 6533 31 294 46196 1240 903 125 175 625 34 389 1236 100 2012 166 2501 6258 1972 1229 1668 435 33
internal_value=-9.0078e-05 -0.0383347 0.0417264 -0.046054 -0.0222804 0.015616 0.00370085 0.0118533 -0.040535 0.00106218 0.00417289 0.0485484 0.0185432 0.00557654 -0.0230094 -0.0262332 -0.0362359 -0.0530504 -0.00220241 0.0101873 0.00481873 4.48293e-05 -0.00246533 0.0376474 0.0339921 0.0216363 -0.0359292 0.0317755 0.0337516 -0.0311731
internal_weight=10593.5 5533.08 5060.45 4626.56 1051.98 1048.27 765.599 366.56 685.419 906.516 124.195 4012.18 511.82 298.427 249.184 253.779 178.611 3574.58 95.4551 657.332 492.756 422.967 75.1682 970.119 782.213 280.063 153.728 250.55 69.7891 116.01
internal_count=130244 62634 67610 57062 10066 9605 6128 2794 7272 5572 739 58005 4366 2143 1758 1762 1421 46996 514 3814 2578 2112 341 11809 9308 3050 1244 1956 466 838
is_linear=0
shrinkage=0.05


Tree=39
num_leaves=31
num_cat=0
split_feature=8 8 13 3 10 3 4 8 0 4 1 3 10 3 2 10 8 1 3 11 10 4 5 2 4 7 13 8 3 10
split_gain=6017.36 552.802 329.191 214.401 190.304 243.649 152.312 129.492 104.279 92.8201 68.7237 67.5536 62.1876 47.9702 58.8833 29.0352 26.7496 23.377 22.0903 20.9689 20.0166 19.2047 39.8608 25.5411 18.964 17.4355 18.9557 17.2743 16.0298 15.8488
threshold=63.191850662231452 22.291234970092777 1.0000000180025095e-35 65.058139801025405 1.0000000180025095e-35 70.087718963623061 0.98275861144065868 47.466186523437507 0.42252655327320104 0.98275861144065868 60.640108108520515 40.370370864868171 1.0000000180025095e-35 49.675325393676765 28.778468132019047 1.0000000180025095e-35 80.903984069824233 67.006801605224624 42.206478118896491 1.0000000180025095e-35 1.5000000000000002 0.10102041065692903 1.0000000180025095e-35 79.205974578857436 0.31311275064945226 1.0000000180025095e-35 1.0000000180025095e-35 56.797428131103523 88.067794799804702 1.0000000180025095e-35
decision_type=2 2 2 2 2 2 2 2 2 2 2 2 2 2 2 2 2 2 2 2 2 2 2 2 2 2 2 2 2 2
left_child=1 10 6 8 7 9 20 11 16 -6 18 -4 21 14 -10 -8 -2 -7 -1 25 27 -5 -23 -24 -15 -12 -27 -3 -20 -16
right_child=3 2 4 12 5 17 15 -9 13 -11 19 -13 -14 24 29 -17 -18 -19 28 -21 -22 22 23 -25 -26 26 -28 -29 -30 -31
leaf_value=0.12408044055876438 0.015555600065101319 -0.053000806105601296 0.13439979240685163 0.042298677374535514 -0.043605438858512785 0.011595700644275952 0.070148320774853543 0.013448328338305525 0.0092160570855939258 0.028288150402841397 -0.037245059894547565 -0.044800740455621768 0.051584212608957916 0.0416553484138475 0.059183472193588341 -0.0087417876931743192 0.045157248788809862 0.044707554814442566 -0.03796366878639354 0.12802809684323072 -0.0037768277123568818 0.052166705239342276 -0.026921283382491168 0.022277445416271253 -0.00017970641859343036 0.002178275977976082 0.018793518118529862 -0.033104162521801081 0.00095962022734352628 -0.043785261417313745
leaf_weight=2.3654232397675505 106.66236462444067 3059.5144194364548 5.2974084392189971 591.81403692811728 236.56607245653868 72.830582596361637 12.629937522113321 115.55977092683315 130.31249886006117 55.41131554543972 20.918943367898464 726.8381080403924 2839.5787532404065 70.704417318105698 3.8708590716123572 152.38077998906374 268.25956818461418 198.81721343100071 126.754529081285 3.6412548497319213 21.404552083462477 112.56804289668798 30.129759468138218 211.95701052248478 43.912982761859894 413.68117187917233 293.41009771078825 113.12230668589473 33.427145533263683 108.09174524992704
leaf_count=15 950 41145 48 7651 2595 705 128 1057 794 480 248 9387 45139 666 30 1363 3437 2351 1090 24 226 1416 277 2520 285 2236 1772 1073 164 612
internal_value=5.66332e-05 -0.0342699 -0.0410325 0.0430958 -0.020769 0.00174774 -0.0495463 -0.0357402 0.0183211 -0.0299615 0.00180708 -0.0435041 0.0478846 -0.00102395 -0.0136323 -0.00270353 0.0367358 0.03583 -0.0276012 0.00834055 -0.0519663 0.0367851 0.0275847 0.0161542 0.0256272 0.00774191 0.00907283 -0.0522914 -0.0298411 -0.0402253
internal_weight=10182.4 5664.57 4770.37 4517.86 1411.32 563.625 3359.05 847.695 731.814 291.977 894.199 732.136 3786.05 356.893 242.275 165.011 374.922 271.648 162.547 731.651 3194.04 946.469 354.655 242.087 114.617 728.01 707.091 3172.64 160.182 111.963
internal_count=129884 66107 60558 63777 16623 6131 43935 10492 6774 3075 5549 9435 57003 2387 1436 1491 4387 3056 1269 4280 42444 11864 4213 2797 951 4256 4008 42218 1254 642
is_linear=0
shrinkage=0.05


Tree=40
num_leaves=31
num_cat=0
split_feature=9 7 9 3 1 12 12 9 13 1 13 3 10 13 4 1 13 13 9 1 12 2 12 3 9 9 2 4 1 3
split_gain=5972.42 600.431 396.854 300.928 290.219 171 136.485 113.743 66.13 65.6933 62.4154 55.1406 50.0494 36.5484 29.6653 21.0011 19.6653 19.0527 18.1151 19.4984 39.4333 17.8586 17.4878 17.3338 16.86 16.0862 13.5088 15.317 13.4172 19.8287
threshold=0.29520697891712194 1.0000000180025095e-35 0.11651583760976793 72.281322479248061 71.33072662353517 1.5000000000000002 1.5000000000000002 0.73508772253990184 1.0000000180025095e-35 63.028589248657234 1.0000000180025095e-35 89.417694091796889 1.0000000180025095e-35 1.0000000180025095e-35 0.98275861144065868 51.022111892700202 1.0000000180025095e-35 1.0000000180025095e-35 0.78759399056434642 87.585617065429702 2.5000000000000004 12.70161294937134 1.5000000000000002 45.53429031372071 0.16064515709877017 0.19756097346544269 56.635221481323249 0.10102041065692903 85.89511871337892 94.028518676757827
decision_type=2 2 2 2 2 2 2 2 2 2 2 2 2 2 2 2 2 2 2 2 2 2 2 2 2 2 2 2 2 2
left_child=1 2 -1 6 5 8 -2 13 -4 17 24 -7 18 14 -8 -15 28 -3 19 20 -5 -9 -18 -23 -6 -12 -19 -28 -11 -30
right_child=3 9 4 12 10 11 7 21 -10 16 25 -13 -14 15 -16 -17 22 26 -20 -21 -22 23 -24 -25 -26 -27 27 -29 29 -31
leaf_value=-0.052390205486945063 0.048186439170739816 -0.0374228600599062 -0.016671368440725091 0.039622006400949511 -0.054610317920205369 -0.049390398573537893 -0.036308097604003511 0.047293078759488759 0.047897196769639036 -0.0098775869490393842 0.019090358347292138 0.0088252457879272623 0.051460796215944044 -0.0013443102039615857 0.0020476690930713495 0.044555845462989581 0.057832044323863289 -0.047641591685219954 0.052328454163913678 0.040514272784523832 -9.4011410986266644e-05 0.0054844305474948708 0.015071413018117799 0.039753089990244607 -0.001907715018169007 0.0459112930514659 0.084238597424777989 -0.00016709940920667742 0.051878962130008893 0.0043566780740033183
leaf_weight=3322.5597626119852 251.70510781183839 114.97533577680588 88.260239869356155 151.84695433080196 20.985105395317078 595.98202938586473 155.50650471448898 107.47478779405355 72.007317665964365 151.80720818787813 90.612285487353802 43.654837466776371 2758.2555316574872 186.0901553183794 74.591941647231579 28.773500934243202 26.372366473078728 11.111907228827475 171.85950538516045 450.13735132664442 106.21655679494143 83.771138310432434 256.13304701447487 65.953434251248837 54.811733439564705 145.95031472295523 6.6025952994823447 28.905915975570679 24.294321216642857 227.49309056997299
leaf_count=47538 3331 967 571 1820 203 7113 1154 1521 484 758 538 307 45867 1196 424 347 185 62 2470 6026 1164 445 1548 709 305 1636 31 147 157 1264
internal_value=-0.000110977 -0.0363663 -0.0437363 0.0415946 -0.0178851 -0.0338453 0.016597 0.00527309 0.0123389 0.00219031 0.0229864 -0.0454172 0.0481483 -0.0100268 -0.0238742 0.00480242 0.00894541 -0.0264904 0.0377663 0.0342325 0.0232753 0.0317423 0.0190632 0.0205797 -0.016499 0.0356379 0.000471344 0.0155276 0.00186323 0.00894198
internal_weight=9874.7 5282.52 4434.82 4592.18 1112.26 799.904 953.867 702.161 160.268 847.696 312.359 639.637 3638.32 444.962 230.098 214.864 686.1 161.596 880.06 708.201 258.064 257.199 282.505 149.725 75.7968 236.563 46.6204 35.5085 403.595 251.787
internal_count=130288 63814 58695 66474 11157 8475 9127 5796 1055 5119 2682 7420 57347 3121 1578 1543 3912 1207 11480 9010 2984 2675 1733 1154 508 2174 240 178 2179 1421
is_linear=0
shrinkage=0.05


Tree=41
num_leaves=31
num_cat=0
split_feature=9 8 3 4 9 1 9 8 10 1 9 1 12 13 7 12 12 9 9 12 12 8 9 13 9 13 13 8 13 13
split_gain=5621 673.465 441.429 185.999 154.92 144.898 128.967 82.1611 68.9864 60.1418 58.6407 66.1342 52.7698 44.3617 40.6375 34.3393 29.0182 39.5335 28.8851 28.6833 25.4439 25.2186 23.3443 28.5691 30.5701 22.719 20.6971 19.2617 18.4502 13.1732
threshold=0.22902098298072818 24.575783729553226 72.281322479248061 0.98275861144065868 0.11651583760976793 71.33072662353517 0.44097222387790685 36.07402420043946 1.0000000180025095e-35 48.52813911437989 0.042572464793920524 63.028589248657234 1.5000000000000002 1.0000000180025095e-35 1.0000000180025095e-35 1.5000000000000002 1.5000000000000002 0.60434782505035411 0.78759399056434642 3.5000000000000004 1.5000000000000002 43.108610153198249 0.78759399056434642 1.0000000180025095e-35 0.28869047760963445 1.0000000180025095e-35 1.0000000180025095e-35 62.173519134521491 1.0000000180025095e-35 1.0000000180025095e-35
decision_type=2 2 2 2 2 2 2 2 2 2 2 2 2 2 2 2 2 2 2 2 2 2 2 2 2 2 2 2 2 2
left_child=1 10 3 6 27 7 12 20 22 18 11 26 28 -7 -13 -9 -5 19 -8 -18 -6 -15 23 24 -4 -14 -1 -3 -2 -16
right_child=2 4 8 16 5 13 9 15 -10 -11 -12 14 25 21 29 -17 17 -19 -20 -21 -22 -23 -24 -25 -26 -27 -28 -29 -30 -31
leaf_value=-0.039297161757912154 -0.019306178907366415 -0.052550746003005494 -0.025081428650916993 0.052729014896796836 0.065154670045188351 -0.028777790908129437 -0.0087719123466176909 -0.016233430859986599 0.050961729647478721 0.050511709543960129 0.092377719574121553 -0.050971874257080232 -0.054623155294018802 0.049633123001063095 0.0021925029622524412 -0.051085489193237334 0.030080583367764702 0.046495225361647075 0.021768042302369114 -0.018512341263545475 -0.0089152995831256743 0.0061419401491043003 0.052348795595753277 0.040297652966833922 0.025761475239328313 -0.022958941432370466 -0.002656420087113847 0.028483293216067532 0.04549569607382855 0.016322719162700262
leaf_weight=127.71394945681095 19.066540498286486 3103.5036180987954 32.60776648670435 174.90852019563317 20.697845462709665 49.605591602623463 201.51601207628846 84.574645224958658 2707.4158709906042 83.458827257156372 16.978271745145321 30.528020583093166 133.17641639709473 62.883918263018131 401.75620909780264 430.08801716566086 61.044561199843884 118.528938151896 125.73112981393933 60.432284295558929 26.360135160386562 70.926845230162144 164.59418102353811 426.79329920560122 316.81897957623005 98.583068393170834 55.198163978755474 7.3506571799516669 25.911916237324476 279.82761239260435
leaf_count=1194 115 46586 184 2611 127 390 1144 527 46643 1172 130 426 1474 446 2165 5513 320 1730 893 348 243 576 2473 5494 4075 848 339 35 193 1726
internal_value=3.72389e-05 -0.0383155 0.0385305 0.0108033 -0.0474543 -0.0269768 -0.00515273 -0.039576 0.0469086 0.0126243 0.000323812 -0.00142242 -0.0315356 0.0116086 0.0054659 -0.0453582 0.0372397 0.0259516 0.0029618 0.00590658 0.0236634 0.0265805 0.0352449 0.0316182 0.0210169 -0.0411542 -0.0282399 -0.0523593 0.0180259 0.00799373
internal_weight=9518.58 4767.99 4750.59 1102.36 3855.99 745.137 687.444 561.721 3648.23 410.706 912.002 895.024 276.738 183.416 712.112 514.663 414.914 240.006 327.247 121.477 47.058 133.811 940.814 776.22 349.427 231.759 182.912 3110.85 44.9785 681.584
internal_count=130140 60423 69717 10848 54443 7822 5839 6410 58869 3209 5980 5850 2630 1412 4317 6040 5009 2398 2037 668 370 1022 12226 9753 4259 2322 1533 46621 308 3891
is_linear=0
shrinkage=0.05


Tree=42
num_leaves=31
num_cat=0
split_feature=9 7 3 9 13 12 9 3 12 10 1 9 1 1 12 9 13 9 13 12 0 12 2 12 13 3 2 9 13 1
split_gain=5239.63 655.66 417.528 170.224 200.893 166.582 150.671 140.505 77.0201 73.9952 59.9703 43.4613 38.3135 31.3358 28.908 24.1715 35.983 34.1267 23.5254 19.0856 18.5055 17.246 16.0885 14.3118 19.9468 14.1542 13.5725 11.7914 20.5268 11.2744
threshold=0.22902098298072818 1.0000000180025095e-35 72.281322479248061 0.10172414034605028 1.0000000180025095e-35 1.5000000000000002 0.43167701363563543 69.631092071533217 1.5000000000000002 1.0000000180025095e-35 57.804552078247077 0.80476191639900219 11.269841194152834 48.52813911437989 3.5000000000000004 0.78759399056434642 1.0000000180025095e-35 0.41885964572429663 1.0000000180025095e-35 1.5000000000000002 0.86153906583786022 4.5000000000000009 19.433517456054691 1.5000000000000002 1.0000000180025095e-35 33.030302047729499 75.204917907714858 0.46862745285034185 1.0000000180025095e-35 1.0000000180025095e-35
decision_type=2 2 2 2 2 2 2 2 2 2 2 2 2 2 2 2 2 2 2 2 2 2 2 2 2 2 2 2 2 2
left_child=1 3 5 -1 29 25 12 8 -6 15 20 13 14 -8 -7 16 17 -4 -14 -9 -3 23 -13 24 -12 -2 -25 28 -27 -5
right_child=2 10 9 4 7 6 11 19 -10 -11 21 22 18 -15 -16 -17 -18 -19 -20 -21 -22 -23 -24 26 -26 27 -28 -29 -30 -31
leaf_value=-0.052226099430210116 0.052599248860285275 -0.039759107485158415 -0.010649283963558192 -0.027883103862003385 0.033826714464244255 0.028254511841159288 -0.0022524269937546381 0.061538706477851007 -0.051743359562869788 0.050706053874927749 0.0068066845149663859 0.048839113181107126 -0.054002710732574823 0.044905759086895557 -0.030526969189236083 0.052074211156481968 0.04042914337915305 0.027030366583070099 -0.020625371230723673 0.021108704453087601 0.0066574048587827485 0.023020385119064093 0.020520472495740572 -0.029124543551473116 0.057526767005465052 -0.030778181884430614 0.0031096110591226798 0.044704499422382825 0.041083501834438159 -0.050293163129199125
leaf_weight=2886.0800246223807 182.57936188951135 95.816594988107681 77.394969955086708 64.199795261025429 33.078163120895624 43.49090314656496 262.27667656168342 35.048856548964977 128.26712587475777 2593.1798066087067 63.531994752585888 96.155863471329212 124.45380859822035 40.691497966647148 40.294730924069881 156.74165933579206 415.75696072727442 268.79939620941877 91.685158237814903 174.63026932626963 27.67546421289444 157.0890773460269 104.83736075088382 35.404320001602173 27.895893432199955 18.344251874834299 420.72794962674379 49.148948315531015 21.683272957801819 446.14884472638369
leaf_count=45271 2756 841 587 690 218 231 1705 239 1702 46695 360 1381 1437 558 232 2464 5533 3711 816 1395 150 1213 850 240 191 113 2079 591 177 5781
internal_value=0.000236678 -0.0374982 0.0380381 -0.0463528 -0.0271205 0.0107822 -0.000658231 0.000876044 -0.0342002 0.0463862 0.00278368 0.0160409 -0.0287177 0.00408136 -1.50595e-05 0.0341925 0.0305141 0.0186067 -0.0398442 0.0278668 -0.0293568 0.00841641 0.0340682 0.00422669 0.0222821 0.0446244 0.000607643 0.0282967 0.00814994 -0.0474741
internal_weight=9183.11 4595.59 4587.51 3767.45 881.373 1075.64 803.886 371.024 161.345 3511.87 828.141 503.961 299.925 302.968 83.7856 918.693 761.951 346.194 216.139 209.679 123.492 704.649 200.993 547.56 91.4279 271.756 456.132 89.1765 40.0275 510.349
internal_count=130207 60370 69837 55296 10025 10847 7210 3554 1920 58990 5074 4494 2716 2263 463 12295 9831 4298 2253 1634 991 4083 2231 2870 551 3637 2319 881 290 6471
is_linear=0
shrinkage=0.05


Tree=43
num_leaves=31
num_cat=0
split_feature=9 8 9 3 3 12 12 9 2 11 13 0 13 4 9 8 1 4 3 9 0 2 9 13 8 2 2 0 8 0
split_gain=4948.25 515.284 408.507 270.475 238.288 157.948 103.287 74.4722 51.9898 51.5918 47.2556 43.8308 43.099 41.1753 30.4984 31.6226 29.2106 25.4312 24.1628 21.3732 20.7388 20.7314 18.7882 54.252 53.1571 18.7876 17.2525 16.8774 16.5813 16.373
threshold=0.31698563694953924 24.575783729553226 0.13188406080007556 87.026645660400405 72.871574401855483 1.5000000000000002 1.5000000000000002 0.75499999523162853 88.998897552490249 1.0000000180025095e-35 1.0000000180025095e-35 0.91795337200164806 1.0000000180025095e-35 0.98275861144065868 0.053342817351222045 1.0000000180025095e-35 22.401432991027836 0.14434523880481723 99.425289154052749 0.19756097346544269 0.42252655327320104 25.19841289520264 0.10172414034605028 1.0000000180025095e-35 35.90789985656739 12.70161294937134 41.223155975341804 0.85738682746887218 60.221162796020515 0.83522135019302379
decision_type=2 2 2 2 2 2 2 2 2 2 2 2 2 2 2 2 2 2 2 2 2 2 2 2 2 2 2 2 2 2
left_child=1 8 22 5 6 13 -2 12 16 -6 29 -7 20 -4 15 18 -1 27 -10 -12 -8 -14 28 -24 -25 -9 -27 -18 -3 -5
right_child=4 2 3 10 9 11 7 25 14 -11 19 -13 21 -15 -16 -17 17 -19 -20 -21 -22 -23 23 24 -26 26 -28 -29 -30 -31
leaf_value=0.11502674934427692 0.047623970999409654 -0.052621153741038644 -0.0045140949708394789 0.049691236717198786 0.038129527746642244 -0.046772339255635613 -0.0011145734161139846 0.048227834337915526 0.040730337347566793 0.05179276477296503 0.010811742153630491 0.044816511610258819 0.028801893540144303 0.052174291460692801 0.10487270998126018 -0.049731447746258192 -0.026442953739309584 -0.034389823086952702 0.0057832079103012531 0.042704974937469803 -0.033632027769176072 -0.0030159734385371197 -0.053150148026400737 0.087605444634221763 -0.022361505282926693 0.0075743254122424639 0.046677353910584959 0.012261621714014258 0.054515950839218875 -0.020681659104479524
leaf_weight=4.0421727523207656 214.85427641496062 2701.9250070303679 97.591736778616905 9.4496299698948842 1024.2736888602376 535.45560051873326 79.559337861835957 90.547839999198914 54.408182479441166 2122.731161929667 74.640755839645863 13.389367729425429 91.900254614651203 47.683382838964462 8.0145682916045171 23.864985950291157 46.746762976050377 145.47573973983526 543.97696291655302 177.33548681437969 127.79476347565651 115.5819312222302 166.29011671617627 13.754603274166582 54.665083110332489 97.524186663329601 39.686950374394655 70.860522024333477 3.616266429424285 65.947361402213573
leaf_count=23 3222 44476 543 52 15891 6796 500 1439 387 40520 482 108 626 477 64 357 434 1270 3070 2242 991 941 2503 107 554 586 570 418 23 452
internal_value=-0.000173608 -0.0340879 -0.0418372 -0.0145976 0.0409791 -0.0322669 0.0176126 0.00757822 0.000123113 0.0473457 0.0228662 -0.044538 -0.00503418 0.0140926 0.00795803 0.00670977 -0.0183629 -0.0204123 0.00896078 0.0332575 -0.0211555 0.0110771 -0.0513007 -0.0377307 -0.000254538 0.0305502 0.0188845 -0.00312275 -0.052478 -0.0118617
internal_weight=8863.59 4859.13 3961.74 1021.49 4004.45 694.12 857.45 642.595 897.39 3147 327.373 548.845 414.836 145.275 630.265 622.25 267.125 263.083 598.385 251.976 207.354 207.482 2940.25 234.71 68.4197 227.759 137.211 117.607 2705.54 75.397
internal_count=130124 64838 58815 11152 65286 7924 8875 5653 6023 56411 3228 6904 3058 1020 3878 3814 2145 2122 3457 2724 1491 1567 47663 3164 661 2595 1156 852 44499 504
is_linear=0
shrinkage=0.05


Tree=44
num_leaves=31
num_cat=0
split_feature=9 7 9 1 1 12 13 0 3 10 3 2 13 9 12 9 9 9 2 13 1 3 12 12 12 3 9 13 12 12
split_gain=4605.04 497.345 422.735 276.326 225.846 147.711 105.365 94.3543 71.2287 59.8389 53.2683 50.616 42.2632 29.375 24.4501 25.358 23.8444 23.4039 22.0019 21.992 20.0912 21.2907 19.5917 18.0614 17.1454 15.9197 15.8096 54.2183 42.1835 12.0611
threshold=0.31698563694953924 1.0000000180025095e-35 0.11651583760976793 58.017766952514656 49.151567459106452 1.5000000000000002 1.0000000180025095e-35 0.43343253433704382 81.165538787841811 1.0000000180025095e-35 30.094339370727543 64.075469970703139 1.0000000180025095e-35 0.80476191639900219 1.5000000000000002 0.73508772253990184 0.19756097346544269 0.78759399056434642 83.484848022460952 1.0000000180025095e-35 87.20676422119142 96.922348022460952 1.5000000000000002 1.5000000000000002 4.5000000000000009 89.417694091796889 0.053342817351222045 1.0000000180025095e-35 4.5000000000000009 1.5000000000000002
decision_type=2 2 2 2 2 2 2 2 2 2 2 2 2 2 2 2 2 2 2 2 2 2 2 2 2 2 2 2 2 2
left_child=1 2 26 5 7 10 18 14 12 17 -4 -3 23 -14 -2 -16 -8 19 -5 22 29 -22 -6 -9 -23 -7 -1 -28 -29 -13
right_child=4 11 3 6 9 25 16 8 -10 -11 -12 20 13 -15 15 -17 -18 -19 -20 -21 21 24 -24 -25 -26 -27 27 28 -30 -31
leaf_value=-0.053106368682980798 0.051061679898845913 -0.035278569115153764 0.048741498948021419 -0.047219828706997383 0.047536507467914782 -0.047869763436087377 0.014032730057821272 0.017801214649814108 0.048670003839325737 0.050763332788584539 -0.014384648810331102 0.01453837120937141 -0.0031483032803610598 0.043272721650092293 0.011730170028529018 0.043257113901079933 0.04379888079839122 0.052664753865796124 -0.004386272253302524 0.039383426902406107 0.046028925194176763 0.0019101934953520572 0.014268693628620256 -0.031721317900617829 0.024569683544658331 0.0029026365859550576 -0.052861376244116125 -0.025760618302248201 0.072442713434559533 -0.0085158171365368723
leaf_weight=2189.8180926330388 142.85789742693305 81.212723433971405 57.002712741494179 49.177574463188648 54.276275042444468 516.50413610413671 103.05075404793024 20.914639540016651 64.906264334917068 2288.1525946706533 80.773572146892548 73.929488964378834 132.24463839456439 45.910062715411186 148.01898885890841 112.07295331731439 193.8191490098834 144.12908547371626 76.798814944922924 317.94543580710888 44.973246864974499 245.75823394954205 239.69117349386215 153.82458255439997 126.42630448937416 15.914727967232464 431.15025541186333 138.96445023268461 11.869298700243233 243.87996572256088
leaf_count=37892 2451 776 542 438 772 7100 644 203 1162 45332 474 428 864 366 967 1654 2420 2447 564 4714 356 1201 3293 1115 1014 111 7381 2017 138 1303
internal_value=6.50303e-05 -0.0332859 -0.0407754 -0.0144424 0.0404579 -0.0344112 0.0172075 0.0171805 0.000531553 0.0467338 0.0117328 0.00217927 -0.00832235 0.00881429 0.034443 0.025315 0.0334663 0.0345384 -0.0211073 0.030269 0.00631831 0.0135339 0.0204111 -0.0257939 0.00960733 -0.0463521 -0.0511597 -0.0438348 -0.0180329 -0.0031529
internal_weight=8545.97 4681.02 3864.84 1093.04 3864.94 670.195 422.846 820.75 417.8 3044.19 137.776 816.18 352.894 178.155 402.95 260.092 296.87 756.042 125.976 611.913 734.967 417.158 293.967 174.739 372.185 532.419 2771.8 581.984 150.834 317.809
internal_count=130139 64799 59721 12293 65340 8227 4066 8782 3710 56558 1016 5078 2548 1230 5072 2621 3064 11226 1002 8779 4302 2571 4065 1318 2215 7211 47428 9536 2155 1731
is_linear=0
shrinkage=0.05


Tree=45
num_leaves=31
num_cat=0
split_feature=9 8 9 3 3 13 12 12 9 10 9 1 3 7 1 3 1 1 8 9 12 1 8 1 12 13 8 9 13 3
split_gain=4409.7 517.835 333.888 246.25 203.695 120.388 99.4496 96.1255 68.8373 59.5269 49.2281 52.5618 37.8371 30.8201 28.9633 36.8103 22.7785 22.5515 20.8743 19.8986 20.9694 43.2167 18.3554 18.3077 17.5572 16.5623 15.4125 14.4842 38.4 12.5639
threshold=0.29520697891712194 24.575783729553226 0.13188406080007556 69.631092071533217 69.631092071533217 1.0000000180025095e-35 1.5000000000000002 1.5000000000000002 0.56385868787765514 1.0000000180025095e-35 0.042572464793920524 63.028589248657234 30.094339370727543 1.0000000180025095e-35 22.401432991027836 50.373134613037116 78.830558776855483 24.316333770751957 43.108610153198249 0.78759399056434642 1.5000000000000002 87.20676422119142 66.862743377685561 59.870130538940437 4.5000000000000009 1.0000000180025095e-35 36.930006027221687 0.10172414034605028 1.0000000180025095e-35 47.140522003173835
decision_type=2 2 2 2 2 2 2 2 2 2 2 2 2 2 2 2 2 2 2 2 2 2 2 2 2 2 2 2 2 2
left_child=1 10 22 6 7 16 -2 12 17 19 11 25 -4 -13 -10 -16 -6 29 -7 20 -5 -22 27 -19 -15 -1 -9 -3 -29 -8
right_child=3 2 4 9 5 18 8 26 14 -11 -12 13 -14 24 15 -17 -18 23 -20 -21 21 -23 -24 -25 -26 -27 -28 28 -30 -31
leaf_value=-0.036395182573293647 0.046293955072141742 -0.052177758422440837 0.042990807010063026 0.049936356028372625 -0.045272775976994112 0.050657282495155456 0.0036169848768505541 -0.0020887377177803003 0.033988697483479664 0.050275057498894639 0.086466604621377632 -0.047845193349899784 -0.020537722659778792 0.0025827326157569254 -0.0099726889897969913 0.037151521698092119 -0.0010880702183047473 -0.034071384640902695 0.020933711376752165 0.051060317251890266 0.0042941639362794179 0.035718311046839993 0.047148960282607302 0.040093628347136888 0.021718803287036348 -0.0024507181104197139 -0.049918101951377455 -0.052459536157929247 -0.0066284405140190341 -0.071485831193817281
leaf_weight=118.1873842254281 197.0498435460031 2475.9271430633962 43.118312574923038 111.31026801839471 76.954653702676296 91.170590624213219 128.98213322460651 17.641044680029154 179.06468844041228 2230.4409101605415 16.342667434364557 26.600449837744236 51.351025357842445 515.8028629347682 123.67961898446083 62.321698162704706 46.974228732287884 119.45905100554228 167.75022205337882 141.12052522599697 158.46331820636988 353.46081610396504 4.7632118612527838 8.9439954198896867 156.15077274292707 51.635623574256897 372.41103165969253 152.55053205043077 65.253287743777037 5.8199613764882079
leaf_count=1223 3163 44640 405 1712 672 799 709 211 2247 46334 130 440 260 2674 579 767 300 980 1788 2510 1917 5460 26 90 1249 333 5611 2501 647 39
internal_value=7.72064e-05 -0.0337474 -0.0422427 0.0394842 -0.0152562 0.0120022 0.0153022 -0.0367947 0.00558206 0.0461484 0.000492794 -0.00112521 0.00845838 0.00494004 0.0196351 0.00581677 -0.0285249 -0.0139095 0.0313999 0.0341066 0.0302678 0.0259911 -0.0509169 -0.0289054 0.00702963 -0.0260742 -0.0477549 -0.0510903 -0.0387287 0.000374487
internal_weight=8270.7 4450.59 3565.87 3820.12 867.371 382.85 825.321 484.521 628.271 2994.8 884.72 868.377 94.4693 698.554 365.066 186.001 123.929 263.205 258.921 764.355 623.234 511.924 2698.49 128.403 671.954 169.823 390.052 2693.73 217.804 134.802
internal_count=130416 63909 57860 66507 10046 3559 8574 6487 5411 57933 6049 5919 665 4363 3593 1346 972 1818 2587 11599 9089 7377 47814 1070 3923 1556 5822 47788 3148 748
is_linear=0
shrinkage=0.05


Tree=46
num_leaves=31
num_cat=0
split_feature=9 8 9 3 1 4 4 9 8 13 1 13 11 2 13 1 8 9 9 1 9 3 13 8 3 9 8 0 9 4
split_gain=4075.4 493.344 370.911 226.818 198.616 81.4318 66.8451 63.7149 87.9736 59.115 54.1047 53.4834 52.788 49.8375 45.7873 31.4184 28.5262 28.4781 28.0083 27.6465 26.3796 26.2632 25.3807 24.7982 23.1366 17.2452 16.9112 16.2604 15.4379 13.5458
threshold=0.31698563694953924 24.575783729553226 0.18350168317556384 72.871574401855483 56.440422058105476 0.98275861144065868 0.92153847217559826 0.10172414034605028 36.410984039306648 1.0000000180025095e-35 54.085849761962898 1.0000000180025095e-35 1.0000000180025095e-35 88.998897552490249 1.0000000180025095e-35 78.08689117431642 48.563171386718757 0.050641026347875602 0.44097222387790685 74.543037414550795 0.80476191639900219 84.134246826171889 1.0000000180025095e-35 1.0000000180025095e-35 96.922348022460952 0.61721614003181469 60.221162796020515 0.86286100745201122 0.75499999523162853 0.072299651801586165
decision_type=2 2 2 2 2 2 2 2 2 2 2 2 2 2 2 2 2 2 2 2 2 2 2 2 2 2 2 2 2 2
left_child=1 13 7 5 6 10 21 26 11 15 14 -9 28 22 18 -6 -8 23 -2 -10 -16 -4 27 24 -15 -7 -3 -1 29 -5
right_child=3 2 4 12 9 25 16 8 19 -11 -12 -13 -14 17 20 -17 -18 -19 -20 -21 -22 -23 -24 -25 -26 -27 -28 -29 -30 -31
leaf_value=-0.039994671016786276 -0.051174641667100298 -0.051924637582863711 -0.046108820103137237 0.038523240162109472 -0.042292517507849937 0.022970794637460344 0.041448612947630054 -0.039013690759047953 -0.047907068422237228 0.040766611066290953 0.042042374687879754 0.047723314596773224 0.051208408100525661 0.041838342185700039 0.0034130400790107207 0.019934916605876613 -0.018440605780065053 0.094924902176391407 -0.0089352688384723832 -0.018057779455117724 0.043501834025942959 0.016336464660732651 0.006169287530451515 -0.046172096986036179 0.0064260274806736059 0.047341979548013446 0.053112957724905686 -0.0087555251657122374 0.047895797801585649 0.024296711992993089
leaf_weight=107.96808207407594 51.663064993917942 2353.8941235393286 261.50241972506046 426.11858912557364 39.087053541094065 125.05319039151073 37.624212983995676 27.630113020539284 336.92335617542267 194.87819091230631 80.095158100128174 49.815458323806524 1855.3235873542726 50.40511430054903 165.33288162201643 42.166889548301697 42.167252615094185 9.4704624041914922 163.28255336359143 100.77601970359683 54.583311725407839 17.996708497405052 79.053394645452499 20.751517023891211 543.12036963552237 173.00727673247457 3.8382469005882731 67.822027880698442 228.70213606581092 275.49657032266259
leaf_count=1202 533 44463 3607 7259 274 1249 393 385 4941 2476 1296 356 40617 384 1088 252 425 74 1089 973 459 140 509 352 3091 3176 26 422 4432 4269
internal_value=0.000115314 -0.0322362 -0.0406272 0.039553 -0.00605842 0.0163175 -0.0305649 -0.0482731 -0.0323431 0.0258283 0.00427869 0.0167783 0.0463345 0.00126971 -0.00267683 -0.00999947 0.00979907 0.0088815 -0.0190877 -0.0410346 0.0133631 -0.042088 -0.0173607 0.00755495 0.00943342 0.0371169 -0.0517536 -0.0279422 0.0366144 0.032937
internal_weight=7985.55 4386.89 3508.3 3598.66 635.423 813.017 359.291 2872.88 515.145 276.132 514.957 77.4456 2785.64 878.591 434.862 81.2539 79.7915 623.747 214.946 437.699 219.916 279.499 254.844 614.277 593.525 298.06 2357.73 175.79 930.317 701.615
internal_count=130212 64745 58711 65467 7567 8890 4565 51144 6655 3002 4465 741 56577 6034 3169 526 818 3901 1622 5914 1547 3747 2133 3827 3475 4425 44489 1624 15960 11528
is_linear=0
shrinkage=0.05


Tree=47
num_leaves=31
num_cat=0
split_feature=8 8 13 3 4 10 1 2 8 4 11 2 12 2 12 12 8 13 12 1 12 3 0 12 3 3 0 10 12 0
split_gain=3636.15 406.254 269.136 188.743 132.551 124.987 148.801 99.7922 86.7847 77.9674 72.3183 57.8958 45.6238 41.636 34.7314 33.5636 32.8326 26.2532 25.7796 39.6478 25.1671 23.6816 29.5052 25.7176 23.2901 20.4909 19.9552 17.6416 17.3009 16.9857
threshold=64.208858489990249 24.575783729553226 1.0000000180025095e-35 55.646631240844734 0.98275861144065868 1.0000000180025095e-35 51.471860885620124 27.842377662658695 46.759708404541023 0.98275861144065868 1.0000000180025095e-35 33.589742660522468 1.5000000000000002 88.998897552490249 6.5000000000000009 1.5000000000000002 80.096618652343764 1.0000000180025095e-35 1.5000000000000002 87.585617065429702 1.5000000000000002 96.922348022460952 0.82803469896316539 4.5000000000000009 81.165538787841811 49.675325393676765 0.46700522303581243 1.5000000000000002 1.5000000000000002 0.89336994290351879
decision_type=2 2 2 2 2 2 2 2 2 2 2 2 2 2 2 2 2 2 2 2 2 2 2 2 2 2 2 2 2 2
left_child=1 13 4 7 14 8 9 15 11 -7 18 -4 -6 17 27 -2 -17 29 -5 24 -19 -15 -23 -24 -20 26 -9 -3 -10 -1
right_child=3 2 5 10 12 6 -8 25 28 -11 -12 -13 -14 21 -16 16 -18 20 19 -21 -22 22 23 -25 -26 -27 -28 -29 -30 -31
leaf_value=-0.035961657544222279 0.048936997858117171 -0.050647962059922294 0.12990678884017712 0.049785727813643862 0.040476833916681783 -0.037589073990956581 0.033857635742549741 0.012872680778348425 0.043572288541478155 0.032590683897060185 0.050450106988881617 -0.041537153835605606 -0.019789600240306557 0.040050659671623148 0.054041025438577799 -0.0075499341312665405 0.028586414817356843 0.045016313913227413 -0.024877086718005481 0.037373054837090317 -0.013432309291715162 0.070529811116030128 -0.0040465459179785676 0.020213517725388763 0.019251302903513106 0.013331099976781058 -0.038855537679434803 0.0023468983222328255 -0.0024127022469667123 0.0021525341685948861
leaf_weight=133.99798507988453 115.9192023538053 2246.3063084036112 4.9715872332453719 194.08060574904084 46.221388898789883 196.40387313440442 209.99376037716866 22.711928743869066 27.096783872693777 49.562753785401583 1813.4758239239454 517.51743350923061 97.958230618387461 51.385957967489958 8.0070850588381273 92.12606268376112 197.85041992738843 28.210615292191505 34.602567464113235 515.08589001744986 53.052657701075077 16.473314665257931 397.75523155927658 150.60337981209159 220.02425204589963 35.616696562618017 104.09379594027996 15.814611013978718 83.432940319180489 37.387421928346157
leaf_count=1406 2167 42068 50 3460 564 2704 3050 135 294 506 40860 9241 975 405 158 599 2300 171 389 9300 349 108 2133 1253 3510 241 623 200 923 205
internal_value=-3.75985e-05 -0.0300592 -0.0376495 0.0391959 -0.046957 -0.0170145 0.00294441 0.0129427 -0.0313908 -0.0234477 0.0445682 -0.0399058 -0.000469267 0.000545074 -0.0499095 0.0261965 0.0171058 -0.0165486 0.0335007 0.0293944 0.00685818 0.00755348 0.00459703 0.00261633 0.0132545 -0.0201785 -0.0295906 -0.0502775 0.00886069 -0.0276471
internal_weight=7717.74 4372.15 3503.29 3345.59 2414.31 1088.98 455.96 568.318 633.019 245.967 2777.27 522.489 144.18 868.867 2270.13 405.896 289.976 252.649 963.793 769.713 81.2633 616.218 564.832 548.359 254.627 162.422 126.806 2262.12 110.53 171.385
internal_count=130347 66763 60733 63584 43965 16768 6260 6065 10508 3210 57519 9291 1539 6030 42426 5066 2899 2131 16659 13199 520 3899 3494 3386 3899 999 758 42268 1217 1611
is_linear=0
shrinkage=0.05


Tree=48
num_leaves=31
num_cat=0
split_feature=9 8 3 9 13 12 9 3 10 12 9 1 8 8 3 1 7 9 9 13 8 9 8 8 9 0 3 8 13 12
split_gain=3578.05 559.93 355.093 143.098 143.535 122.199 99.481 99.2267 72.8093 58.1854 45.9319 47.4408 38.8444 37.1275 30.404 46.8422 27.9994 26.8127 23.7333 29.1783 28.2491 17.7013 16.3501 16.3275 24.9416 14.5357 13.2466 14.3331 12.8729 10.9162
threshold=0.22902098298072818 24.575783729553226 72.871574401855483 0.10172414034605028 1.0000000180025095e-35 1.5000000000000002 0.45643940567970281 69.631092071533217 1.0000000180025095e-35 1.5000000000000002 0.042572464793920524 63.028589248657234 42.194667816162116 40.590608596801765 25.403225898742679 48.52813911437989 1.0000000180025095e-35 0.35504202544689184 0.78759399056434642 1.0000000180025095e-35 98.08304595947267 0.23904761672019961 60.221162796020515 35.26820373535157 0.15504807978868487 0.86286100745201122 30.940170288085941 76.325832366943374 1.0000000180025095e-35 1.5000000000000002
decision_type=2 2 2 2 2 2 2 2 2 2 2 2 2 2 2 2 2 2 2 2 2 2 2 2 2 2 2 2 2 2
left_child=1 10 5 22 23 26 12 9 18 -6 11 25 21 -9 -8 -16 -13 -14 19 20 -4 -7 -3 24 -5 29 -2 28 -28 -1
right_child=2 3 8 4 7 6 14 13 -10 -11 -12 16 17 -15 15 -17 -18 -19 -20 -21 -22 -23 -24 -25 -26 -27 27 -29 -30 -31
leaf_value=-0.019128553431386738 0.050357859036370578 -0.051574896733940369 0.0091436909940497951 -0.042404232724744889 0.027144831647512375 0.16395023671577325 0.032654530585362988 0.050484999046025193 0.049094699187754359 -0.051876415343603655 0.083974533353370753 -0.047113147592744917 -0.040738331790024791 0.0049547494926425531 -0.0044976989476601358 0.046118287565882522 0.007093986273723831 -0.0092224465868727176 0.051153261067678972 0.037044887170820349 0.051331337721900398 0.027672340500868853 0.052277107824896897 -0.048037214303392153 0.065866051822205118 -0.00079764655419416934 -0.026259281936867419 0.043956287903971714 0.033523923809829055 -0.049774624515511401
leaf_weight=58.492800340056419 142.75634196214378 2156.0832761451602 253.52939726039767 15.463639881461861 30.110875181853771 2.9446134939789763 145.43280694261193 72.416420791298151 1979.4131896235049 102.91554453223944 16.361512146890163 24.71444608271122 164.56915251910686 117.30350093916059 247.48570717871189 56.063557662069798 659.63240983337164 114.40170444175601 122.39091659337282 345.82964532077312 47.042979873716831 12.489821318536995 3.7966093383729449 382.62846525385976 8.1083001121878606 44.680837742984295 19.298863805830479 44.750070203095675 16.88055531680584 57.742633365094662
leaf_count=619 2732 44488 3467 235 209 34 2087 583 46476 1683 123 443 1893 999 1436 1002 3911 863 2453 5508 787 120 26 6062 72 270 129 657 133 655
internal_value=7.52517e-05 -0.0343765 0.0348532 -0.0449275 -0.025772 0.00879521 -0.000954367 -0.000881133 0.0440227 -0.0339898 0.00099853 -0.000607612 -0.0235422 0.0223337 0.0138569 0.00485074 0.00513635 -0.0278141 0.030964 0.0271413 0.0157465 0.0536717 -0.0513923 -0.0455491 -0.00516131 -0.0250356 0.0411965 0.0250363 0.0016343 -0.0343527
internal_weight=7465.73 3750.45 3715.28 2888.83 728.947 967.073 743.387 322.746 2748.21 133.026 861.625 845.263 294.405 189.72 448.982 303.549 684.347 278.971 768.793 646.402 300.572 15.4344 2159.88 406.2 23.5719 160.916 223.686 80.9295 36.1794 116.235
internal_count=130155 60378 69777 54357 9843 11086 7435 3474 58691 1892 6021 5898 2910 1582 4525 2438 4354 2756 12215 9762 4254 154 44514 6369 307 1544 3651 919 262 1274
is_linear=0
shrinkage=0.05


Tree=49
num_leaves=31
num_cat=0
split_feature=9 7 3 9 13 12 9 3 10 12 13 2 12 2 4 9 13 2 13 12 2 2 2 12 4 9 13 12 13 9
split_gain=3393.28 493.34 352.392 153.084 139.963 113.52 94.5651 86.6372 72.8518 51.8525 46.0154 37.0063 27.4052 23.65 23.0921 21.4025 26.6572 27.1743 17.7968 21.2463 16.6104 16.4949 15.0965 13.7998 29.5923 12.8041 37.1683 33.2289 12.5293 18.7902
threshold=0.22902098298072818 1.0000000180025095e-35 72.065574645996108 0.10172414034605028 1.0000000180025095e-35 1.5000000000000002 0.76696833968162548 58.123168945312507 1.0000000180025095e-35 1.5000000000000002 1.0000000180025095e-35 66.228069305419936 1.5000000000000002 25.19841289520264 0.98275861144065868 0.78759399056434642 1.0000000180025095e-35 80.322582244873061 1.0000000180025095e-35 1.5000000000000002 19.433517456054691 40.253164291381843 26.36544227600098 1.5000000000000002 0.98275861144065868 0.053342817351222045 1.0000000180025095e-35 4.5000000000000009 1.0000000180025095e-35 0.44097222387790685
decision_type=2 2 2 2 2 2 2 2 2 2 2 2 2 2 2 2 2 2 2 2 2 2 2 2 2 2 2 2 2 2
left_child=1 3 5 25 23 22 10 9 15 -6 14 -3 -9 -12 -7 16 17 -4 -13 -20 -8 -22 -2 24 -5 -1 -27 -28 29 -24
right_child=2 11 8 4 7 6 20 12 -10 -11 13 18 -14 -15 -16 -17 -18 -19 19 -21 21 -23 28 -25 -26 26 27 -29 -30 -31
leaf_value=-0.052353554094056766 0.048748260357090817 -0.032362112802550171 -0.020417450928119321 -0.039460074920647362 0.028280689340171101 -0.035836013151256479 0.044565561592338238 0.058739046229032789 0.049008069513609483 -0.052383458549883299 0.021432641292695037 -0.002164906630788741 0.011174237946225877 -0.010108410034537543 -0.005138259927637924 0.050128257208640885 0.036642546705542872 0.022362488099402378 0.052705390052194649 0.0091857261769959057 0.002434450369048559 0.045909232434154457 -0.044268225699382158 -0.048573989750390026 0.038226087812108581 -0.052013497834302619 -0.025330971101717545 0.076250629716620305 0.041760611259284611 0.032564980043576851
leaf_weight=1745.6681003496051 149.54382724687457 75.839567810297012 43.427680663764477 70.049393497407436 25.613211039453745 193.77302864193916 87.530142080038786 36.671984232962132 1901.258255302906 89.673211894929409 104.85457460954785 424.76313304156065 173.82525143772364 137.19315365701914 89.583945669233799 118.95670070126653 338.12468768283725 255.60790035501122 31.42941614985466 260.41881305724382 74.825528804212809 30.798387449234724 14.578843299299477 315.44687694683671 14.858531154692171 265.61315473541617 94.822943855077028 8.7974753677844983 32.350114598870277 17.520424243062735
leaf_count=37900 2871 803 457 816 186 2075 1575 264 46647 1560 777 2436 1533 1250 598 2495 5544 3836 221 1625 430 500 89 5586 94 5751 1659 115 385 251
internal_value=3.03598e-05 -0.0340331 0.0345072 -0.0437635 -0.0239559 0.00806304 -0.00145699 0.000378805 0.0437873 -0.0344623 -0.0124549 0.000851453 0.0194608 0.00355511 -0.0261308 0.0306595 0.0270247 0.0161497 0.00436647 0.0138724 0.0284587 0.0151111 0.0400299 -0.0437579 -0.0258653 -0.0505643 -0.0421051 -0.0167066 0.0198006 -0.00233112
internal_weight=7223.42 3633.49 3589.93 2841.04 726.138 932.552 718.559 325.784 2657.38 115.286 525.405 792.451 210.497 242.048 283.357 756.117 637.16 299.036 716.611 291.848 193.154 105.624 213.993 400.355 84.9079 2114.9 369.234 103.62 64.4494 32.0993
internal_count=130329 60549 69780 55464 10039 10801 7205 3543 58979 1746 4700 5085 1797 2027 2673 12332 9837 4293 4282 1846 2505 930 3596 6496 910 45425 7525 1774 725 340
is_linear=0
shrinkage=0.05


Tree=50
num_leaves=31
num_cat=0
split_feature=9 8 9 3 1 12 12 13 11 9 4 9 1 13 9 7 12 4 9 8 8 1 4 4 11 1 0 13 12 0
split_gain=3167.29 400.577 335.617 188.748 184.822 109.056 73.5013 70.3526 63.43 49.8844 40.3639 38.1772 38.8401 29.063 27.2126 23.1646 20.1382 26.4299 18.861 17.8428 17.7686 17.2035 16.1455 14.9439 85.9432 14.9353 14.4585 12.435 11.7213 14.7574
threshold=0.31698563694953924 24.575783729553226 0.11651583760976793 72.871574401855483 58.017766952514656 1.5000000000000002 1.5000000000000002 1.0000000180025095e-35 1.0000000180025095e-35 0.73508772253990184 0.56306818127632152 0.042572464793920524 63.028589248657234 1.0000000180025095e-35 0.19756097346544269 1.0000000180025095e-35 1.5000000000000002 0.067424245178699507 0.77097901701927196 36.930006027221687 60.221162796020515 78.830558776855483 0.57247900962829601 0.98275861144065868 1.0000000180025095e-35 11.269841194152834 0.42252655327320104 1.0000000180025095e-35 1.5000000000000002 0.75728571414947521
decision_type=2 2 2 2 2 2 2 2 2 2 2 2 2 2 2 2 2 2 2 2 2 2 2 2 2 2 2 2 2 2
left_child=1 11 20 6 5 10 -2 21 16 13 -4 12 28 26 -9 -14 -5 -18 -19 -7 23 -6 -15 -3 -25 -11 -8 -17 29 -1
right_child=3 2 4 8 7 19 9 14 -10 25 -12 -13 15 22 -16 27 17 18 -20 -21 -22 -23 -24 24 -26 -27 -28 -29 -30 -31
leaf_value=-0.029845983545038576 0.044871403094866959 -0.050761099963586659 -0.020944083982735413 0.050132478363984462 -0.03971183212985907 -0.0034815308393931761 -0.00090764394164712494 0.0063628685524703662 0.050454400249843025 0.045258596008000147 0.036173085103007131 0.075718998999425177 -0.046222294097147364 -0.00070034650299119223 0.039643889771265789 -0.00035695067918508239 0.03699886603893613 0.0088419359112159035 0.042382712893177452 -0.046697570207152123 0.021582499530104118 -0.00093304202729813752 0.029941429932732456 0.31715060619186297 -0.043476404305917239 0.017127218610267898 -0.029132455601758752 0.013623359575496522 -0.036728863836728486 0.016566302125020516
leaf_weight=38.05751770362258 167.46282084845006 2046.2589446417987 58.944012604653835 144.97391149029136 55.363828480243683 25.374199274927378 77.00377320125699 97.76044999063015 1541.606745839119 72.333677176386118 65.085815392434597 16.326173383742571 22.52757304161787 119.34235041588545 165.23502496257424 390.37402228266001 431.6019404605031 187.46773997321725 53.983732312917709 406.7899617254734 8.6144029684364778 59.162752870470285 67.194551780819893 1.859769523143769 14.794852741062641 135.68741042166948 110.46178879216313 268.42609029263258 84.275558080524206 31.14199286326766
leaf_count=458 3225 46139 360 3002 544 305 478 625 40449 1465 635 125 441 972 2408 2178 8629 3043 1186 6876 53 467 506 16 248 1250 946 1753 849 235
internal_value=-1.02023e-05 -0.030284 -0.03886 0.0375397 -0.0139719 -0.0322992 0.0156806 0.0130292 0.0444828 0.00728162 0.00902869 -3.35508e-06 -0.00148425 -0.00363526 0.0272727 0.00363444 0.033229 0.029588 0.016341 -0.0441602 -0.0500779 -0.0196793 0.0103375 -0.0503772 -0.00320632 0.0269091 -0.0175388 0.00533928 -0.0242079 -0.00895897
internal_weight=6965.49 3856.37 3005.24 3109.12 933.716 556.194 749.486 377.522 2359.63 582.024 124.03 851.129 834.803 374.002 262.995 681.328 818.027 673.053 241.451 432.164 2071.53 114.527 186.537 2062.91 16.6546 208.021 187.466 658.8 153.475 69.1995
internal_count=129866 64715 58676 65151 12220 8176 8842 4044 56309 5617 995 6039 5914 2902 3033 4372 15860 12858 4229 7181 46456 1011 1478 46403 264 2715 1424 3931 1542 693
is_linear=0
shrinkage=0.05


Tree=51
num_leaves=31
num_cat=0
split_feature=9 8 9 2 13 3 2 10 4 3 12 2 0 12 9 9 3 2 9 4 5 9 8 13 13 2 3 0 0 12
split_gain=2957.04 422.664 332.88 188.395 168.1 107.427 85.9335 66.952 53.4397 46.562 41.7741 34.8074 32.4391 31.1193 26.7062 23.8052 24.179 22.9417 21.447 25.8784 34.6147 21.1983 81.2365 41.2268 29.602 20.0524 20.0106 17.0021 16.6668 15.4282
threshold=0.31698563694953924 22.291234970092777 0.12060606107115747 47.140522003173835 1.0000000180025095e-35 55.646631240844734 24.316333770751957 1.0000000180025095e-35 0.98275861144065868 49.675325393676765 1.5000000000000002 87.585617065429702 0.4524331688880921 1.5000000000000002 0.19756097346544269 0.80476191639900219 46.265329360961921 32.071428298950202 0.78759399056434642 0.10582306981086732 1.0000000180025095e-35 0.059714796021580703 30.202253341674808 1.0000000180025095e-35 1.0000000180025095e-35 84.29276275634767 91.734970092773452 0.82803469896316539 0.92000734806060802 4.5000000000000009
decision_type=2 2 2 2 2 2 2 2 2 2 2 2 2 2 2 2 2 2 2 2 2 2 2 2 2 2 2 2 2 2
left_child=1 11 21 6 10 8 13 18 -6 17 12 28 -4 -2 -7 16 -15 -8 19 -5 -21 -3 23 -23 -24 -12 -13 -28 -1 -29
right_child=3 2 4 7 5 14 9 -9 -10 -11 25 26 -14 15 -16 -17 -18 -19 -20 20 -22 22 24 -25 -26 -27 27 29 -30 -31
leaf_value=-0.01966523069708799 0.050432880810452052 -0.052146917442955701 0.037832844936423603 0.034208908233351612 -0.043048106846245791 0.0065027565463674957 -0.0081146211243277207 0.048729941237802249 0.031757539219006641 0.023649944854240192 -0.048011696309574199 0.045908958634133155 -0.025720274713391757 0.01243357157464163 0.036794708766152255 0.040145005337684364 -0.083975192351875699 -0.044129093976245572 0.049727446569900906 0.045451265226895604 -0.0014437378281366956 -0.027659815252661448 -0.051918566118078047 0.14420755713065203 -0.022136354973254547 -0.015055630396815879 0.059192828902365095 -0.00011766476772514519 0.025189198141489455 0.018877890044234229
leaf_weight=194.2642958201468 111.61030894704163 1600.3840186782181 30.016722861677408 325.17510052770376 112.74781495332718 117.73669110611081 109.66313957795501 1732.5362468399107 30.288137258961797 77.140937391668558 291.83657929673791 33.660643458366394 60.645210590213537 179.85840000584722 190.47229493409395 90.948563113808632 6.7474439665675154 74.097376760095358 110.87010611966252 54.046519890427589 144.71329775825143 5.7700337320566151 303.14796524867415 8.8273065164685249 115.11865231022239 54.828313656151295 14.763606429100035 410.63167366012931 23.18140085786581 144.51185352355242
leaf_count=1693 2517 38193 280 5972 1793 817 734 46417 371 814 5097 273 421 1361 2657 1547 45 506 2517 939 2066 118 7078 105 1930 446 98 2163 121 1222
internal_value=0.000263312 -0.0294283 -0.038335 0.0370932 -0.0128059 0.00860349 0.0132514 0.0436401 -0.0272079 -0.00895107 -0.0348966 0.00226873 -0.00467885 0.0281362 0.0252231 0.0191703 0.00894755 -0.0226367 0.0297489 0.0255212 0.0113079 -0.0494918 -0.0396752 0.0762719 -0.0437217 -0.0427994 0.00844808 0.00623551 -0.0148834 0.00482715
internal_weight=6760.24 3742.83 2921.82 3017.41 888.572 451.245 650.066 2367.34 143.036 260.901 437.327 821.013 90.6619 389.165 308.209 277.554 186.606 183.761 634.805 523.935 198.76 2033.25 432.864 14.5973 418.267 346.665 603.568 569.907 217.446 555.144
internal_count=130311 64876 59306 65435 11882 5638 7524 57911 2164 2054 6244 5570 701 5470 3474 2953 1406 1240 11494 8977 3005 47424 9231 223 9008 5543 3756 3483 1814 3385
is_linear=0
shrinkage=0.05


Tree=52
num_leaves=31
num_cat=0
split_feature=9 8 3 9 13 12 9 8 13 3 12 4 1 2 9 7 9 1 3 13 12 8 5 12 4 12 3 3 8 13
split_gain=2769.55 470.877 320.841 135.15 121.557 103.644 100.4 75.1474 48.5971 43.4828 35.2894 33.1616 29.7228 43.6953 28.4041 34.2016 26.4581 24.7567 23.5475 22.5681 19.7853 16.3737 16.0407 14.5774 24.8088 14.4319 14.0867 12.221 14.1766 17.0992
threshold=0.22902098298072818 24.575783729553226 80.982517242431655 0.10172414034605028 1.0000000180025095e-35 1.5000000000000002 0.61721614003181469 39.631141662597663 1.0000000180025095e-35 69.631092071533217 6.5000000000000009 0.98275861144065868 48.52813911437989 23.90476226806641 0.04446640424430371 1.0000000180025095e-35 0.78759399056434642 73.20508193969728 55.646631240844734 1.0000000180025095e-35 1.5000000000000002 60.221162796020515 1.0000000180025095e-35 1.5000000000000002 0.98275861144065868 1.5000000000000002 87.609649658203139 33.030302047729499 80.565547943115249 1.0000000180025095e-35
decision_type=2 2 2 2 2 2 2 2 2 2 2 2 2 2 2 2 2 2 2 2 2 2 2 2 2 2 2 2 2 2
left_child=1 14 5 21 23 27 8 25 11 -9 16 -7 13 -8 15 -1 19 20 -10 22 -17 -3 -4 24 -5 -6 -19 -2 29 -29
right_child=2 3 10 4 7 6 12 9 18 -11 -12 -13 -14 -15 -16 17 -18 26 -20 -21 -22 -23 -24 -25 -26 -27 -28 28 -30 -31
leaf_value=-0.048642568339945992 0.050017925531614139 -0.050775931879327621 0.045514290944409154 -0.037330810373869872 0.06950658849071957 -0.044932926837256339 0.031706001141587892 -0.043449740107272185 -0.0080776063391441826 0.0022650431890088411 0.050673796619756455 -0.0052227822932515728 0.04524280509652244 -0.007660373997872086 0.062405306575271415 0.0060427521105479972 0.049936898532671914 0.032486959840159653 0.030852116880361879 0.040004691608619775 -0.024789285773563052 0.059414494760314768 0.019671669634032087 -0.049294694156134328 0.03920752597589898 0.024802034865725336 0.0040428982134203869 -0.019980686395153626 0.046347920227034115 0.036931210851136514
leaf_weight=36.552209071815014 122.61725515685976 1799.0623298846185 73.851928517222404 64.132274482399225 24.637257924303412 151.53225156664848 140.567103613168 90.960425615310669 138.87663815543056 121.4958169683814 920.01171086356044 80.505534678697586 88.055901598185301 141.39275444671512 17.839064441621304 83.096481382846832 338.80823631212115 47.593174818903208 53.92739075794816 578.60808657854795 139.19113400578499 3.3776335418224326 321.22296921908855 278.87359056994319 12.680768407881258 67.557024411857128 509.55327346920967 26.225318819284439 47.316553644835949 26.569087341427803
leaf_count=753 2758 44639 1477 817 179 1953 2150 1573 1109 1071 26572 464 2144 872 133 660 9229 286 796 12931 1018 25 6017 5578 84 671 3110 211 890 283
internal_value=-0.00019363 -0.0324844 0.0325593 -0.0434799 -0.0241285 0.00929026 0.000843331 -0.000948661 -0.0157406 -0.0173072 0.0431654 -0.0311555 0.0198845 0.0119652 -8.18975e-06 -0.00137267 0.0379023 0.00084409 0.00281106 0.0337146 -0.0132635 -0.0505694 0.0245025 -0.0439823 -0.0246954 0.0367485 0.00647268 0.0394351 0.0264732 0.00866055
internal_weight=6546.69 3296.6 3250.09 2462.78 660.337 1017.59 794.858 304.651 424.842 212.456 2232.5 232.038 370.016 281.96 833.825 815.986 1312.49 779.434 192.804 973.683 222.288 1802.44 395.075 355.687 76.813 92.1943 557.146 222.728 100.111 52.7944
internal_count=130453 60597 69856 54637 9973 13630 9488 3494 4322 2644 56226 2417 5166 3022 5960 5827 29654 5074 1905 20425 1678 44664 7494 6479 901 850 3396 4142 1384 494
is_linear=0
shrinkage=0.05


Tree=53
num_leaves=31
num_cat=0
split_feature=9 8 9 3 3 12 13 11 12 9 2 9 13 8 3 3 5 12 13 2 9 12 0 2 0 9 12 12 11 2
split_gain=2606.19 378.885 313.283 184.34 147.68 88.7793 78.9053 66.8002 61.2601 42.7358 36.0837 23.8521 54.4448 58.3566 23.759 23.0975 24.3443 23.7677 22.1158 21.8707 20.3779 21.011 22.9903 16.3223 16.0467 24.7906 23.4643 13.9817 13.8023 12.8494
threshold=0.31698563694953924 24.575783729553226 0.14087302237749103 72.281322479248061 69.631092071533217 1.5000000000000002 1.0000000180025095e-35 1.0000000180025095e-35 1.5000000000000002 0.73508772253990184 89.512962341308608 0.070197045803070082 1.0000000180025095e-35 36.07402420043946 30.940170288085941 99.425289154052749 1.0000000180025095e-35 4.5000000000000009 1.0000000180025095e-35 83.484848022460952 0.78759399056434642 1.5000000000000002 0.95557281374931347 1.0000000180025095e-35 0.83791977167129528 0.04446640424430371 1.5000000000000002 1.5000000000000002 1.0000000180025095e-35 14.415584564208986
decision_type=2 2 2 2 2 2 2 2 2 2 2 2 2 2 2 2 2 2 2 2 2 2 2 2 2 2 2 2 2 2
left_child=1 10 11 8 5 14 19 20 -2 18 24 -3 -13 -14 -4 -12 -17 -18 28 -6 21 -5 -23 -7 25 -1 -26 -8 -10 -11
right_child=3 2 4 7 6 23 27 -9 9 29 15 12 13 -15 -16 16 17 -19 -20 -21 -22 22 -24 -25 26 -27 -28 -29 -30 -31
leaf_value=-0.038205465708278763 0.042535891161578909 -0.05187445446503737 0.041508372231139214 0.047902787113139063 -0.04457411742767519 -0.021276945774321984 0.055762037092305622 0.049806355400037278 -0.081808166808386276 0.042107659411781323 0.039864766442098867 -0.050717452652736174 0.046366458125462647 -0.030224870842159298 -0.010871082261628414 0.059390576982350299 -0.0042182644508349998 0.019886361955741744 0.0086264471763301386 -0.00076693977540335612 0.047985498396050943 0.0090753152274532702 0.031184112479877586 -0.049716942226014457 0.029446194687007588 0.059430546348075645 -0.017167399230934778 0.023845116217093842 -0.013109465607846094 0.015463148109975464
leaf_weight=91.149537991732359 146.33804047852755 1461.62354202196 39.952448198571801 101.8248009569943 53.145872052758932 63.300591949373484 41.627718411386013 1354.4653775990009 7.6228160373866549 70.698733653873205 49.954021461308002 309.23214987292886 31.646874703466892 116.13226895406842 47.257123380899429 19.350779701024294 379.66551760956645 139.96533092483878 180.6987579241395 61.416283469647169 146.13336820155382 186.65423784032464 317.76857750117779 248.51199029386044 36.725217044353485 7.0007333755493155 101.92375589162111 195.27174742519855 178.91934389993548 125.69914700463414
leaf_count=1084 3174 38313 502 2233 558 720 452 40657 50 1549 416 7587 349 1767 255 131 2046 1216 1417 436 3819 3209 6750 5125 241 48 777 2590 1371 1143
internal_value=-4.21622e-05 -0.0288868 -0.0380437 0.0357456 -0.0106544 -0.0314706 0.0129786 0.0431708 0.0137116 0.00622793 0.000711887 -0.0487571 -0.0387872 -0.0138229 0.013125 0.00733956 0.00432506 0.00227444 -0.00384041 -0.0210893 0.0312252 0.0271852 0.0230031 -0.0439434 -0.0157716 -0.0312414 -0.00482043 0.0294535 -0.0159168 0.0250546
internal_weight=6311.68 3494.85 2669.12 2816.82 750.484 399.022 351.462 2106.85 709.977 563.639 825.735 1918.63 457.011 147.779 87.2096 588.936 538.982 519.631 367.241 114.562 752.381 606.248 504.423 311.813 236.799 98.1503 138.649 236.899 186.542 196.398
internal_count=129985 64613 58654 65372 10638 6602 4036 56668 8704 5530 5959 48016 9703 2116 757 3809 3393 3262 2838 994 16011 12192 9959 5845 2150 1132 1018 3042 1421 2692
is_linear=0
shrinkage=0.05


Tree=54
num_leaves=31
num_cat=0
split_feature=9 8 9 13 1 3 4 11 12 1 4 13 9 13 12 12 12 12 1 9 9 9 3 1 8 9 1 3 9 8
split_gain=2419.58 326.971 361.259 170.423 157.862 88.7539 67.6887 62.397 50.0359 44.7799 44.8572 33.2923 27.7783 27.367 26.011 24.8818 24.2771 21.7925 28.9193 20.5554 19.762 19.7409 19.2466 17.4138 17.3287 16.0898 13.5227 18.1274 13.382 41.3024
threshold=0.33974359929561621 24.575783729553226 0.11651583760976793 1.0000000180025095e-35 46.709957122802741 55.646631240844734 0.57735043764114391 1.0000000180025095e-35 1.5000000000000002 76.253131866455092 0.98275861144065868 1.0000000180025095e-35 0.19756097346544269 1.0000000180025095e-35 2.5000000000000004 1.5000000000000002 1.5000000000000002 1.5000000000000002 91.922958374023452 0.45643940567970281 0.80476191639900219 0.16064515709877017 49.675325393676765 84.561214447021499 60.221162796020515 0.83666664361953746 76.253131866455092 88.067794799804702 0.059714796021580703 33.854293823242195
decision_type=2 2 2 2 2 2 2 2 2 2 2 2 2 2 2 2 2 2 2 2 2 2 2 2 2 2 2 2 2 2
left_child=1 11 24 9 6 8 13 17 -5 10 -4 14 -7 -2 26 -8 -13 -6 19 -19 22 -11 -15 -18 28 -17 -1 -28 -3 -30
right_child=4 2 3 5 7 12 15 -9 -10 21 -12 16 -14 20 -16 25 23 18 -20 -21 -22 -23 -24 -25 -26 -27 27 -29 29 -31
leaf_value=-0.029065244151439986 -0.020045526553630458 -0.051856644367703181 -0.049010019028668445 0.028218969437994512 0.049821730663884504 0.004689936755169849 0.050609323447488974 0.04962686325133376 -0.037938046953698443 -0.054416208150544189 -0.0082362530744558311 0.045439379737593953 0.034740227450020311 -0.011843100302488467 0.0028285430477916593 0.011870343501023332 -0.0086644605201242082 -0.013738435439145744 0.036034775873522128 0.021569590250177479 0.044177349027338553 0.016028551524608536 0.039678082074066798 0.016590719453838873 0.02679815165464422 0.039607377061527116 0.038048618494925156 -0.016741005879749457 0.011876182911263175 -0.046475923929295067
leaf_weight=150.8377606831491 138.30196746438742 1367.1588888689876 294.57145967707038 37.85195704549551 128.94108915328979 119.31972590833902 95.797691121697426 1298.1905586794019 116.68342954665422 12.014761328697203 87.488712050020695 47.539271276444197 216.33895171806216 76.517970290035009 261.33429913967848 167.47860337048769 110.92460734397173 53.943894326686859 355.43793030455709 174.77339479327202 34.619974154978991 57.733198307454586 23.754073526710272 177.43360766395926 7.4513522982597342 76.015016123652458 19.596308924257755 65.746344476938248 33.506591029465199 319.3762676268816
leaf_count=1566 1121 37671 5246 389 3084 839 2516 40249 1980 170 1052 344 3577 474 1580 1604 731 786 8189 3577 289 459 252 1355 48 1632 114 356 711 8084
internal_value=2.57892e-05 -0.0271684 -0.0357038 -0.0107954 0.0363318 0.00962204 0.0141072 0.0430998 -0.0217335 -0.0329475 -0.0396732 0.000171363 0.024058 -0.00441668 -0.00803994 0.0290224 0.0123335 0.0312172 0.0271106 0.0132421 0.0116072 0.00389376 0.000362076 0.00687565 -0.0492864 0.0205294 -0.0200659 -0.00416026 -0.049616 -0.0409353
internal_weight=6126.68 3502.91 2669.5 942.002 2623.77 490.194 612.485 2011.29 154.535 451.808 382.06 833.412 335.659 273.194 497.515 339.291 335.897 713.096 584.155 228.717 134.892 69.748 100.272 288.358 1727.49 243.494 236.18 85.3427 1720.04 352.883
internal_count=130045 66272 60226 13712 63773 6785 7888 55885 2369 6927 6298 6046 4416 2136 3616 5752 2430 15636 12552 4363 1015 629 726 2086 46514 3236 2036 470 46466 8795
is_linear=0
shrinkage=0.05


Tree=55
num_leaves=31
num_cat=0
split_feature=9 8 9 3 13 3 12 10 9 12 13 1 1 13 1 8 0 12 0 9 12 1 12 8 9 0 12 1 4 8
split_gain=2266.8 368.609 254.536 208.395 165.568 77.9514 65.1467 58.422 52.5215 43.4732 35.0306 28.8149 31.0336 28.0777 26.7378 26.6934 26.6177 23.0666 30.9711 17.6873 17.0272 17.6336 15.3428 14.8915 12.7443 12.1688 12.0592 11.177 10.8275 9.20609
threshold=0.29520697891712194 24.575783729553226 0.10172414034605028 80.982517242431655 1.0000000180025095e-35 55.646631240844734 1.5000000000000002 1.0000000180025095e-35 0.61721614003181469 1.5000000000000002 1.0000000180025095e-35 48.52813911437989 16.807909011840824 1.0000000180025095e-35 57.804552078247077 40.590608596801765 0.44306187331676489 1.5000000000000002 0.43343253433704382 0.78759399056434642 1.5000000000000002 87.585617065429702 1.5000000000000002 69.789379119873061 0.04446640424430371 0.66879862546920787 4.5000000000000009 60.640108108520515 0.6195238232612611 63.191850662231452
decision_type=2 2 2 2 2 2 2 2 2 2 2 2 2 2 2 2 2 2 2 2 2 2 2 2 2 2 2 2 2 2
left_child=1 13 29 6 17 9 -2 19 10 -6 16 12 -10 14 28 -7 -8 18 -4 20 -5 -22 24 -19 27 -12 -24 -15 -1 -3
right_child=3 2 4 7 5 15 8 -9 11 -11 25 -13 -14 22 -16 -17 -18 23 -20 -21 21 -23 26 -25 -26 -27 -28 -29 -30 -31
leaf_value=-0.042289269937712717 0.040670460206034827 -0.050499143710944494 0.031143024335786026 0.048500470414807872 0.025112744135293553 0.044364911301930321 -0.0032927573485524463 0.048348222403263155 0.034611622941673373 -0.042918668106228006 0.00038723264596976715 0.045929321954560454 -0.0011941049703331559 0.0039470703793305058 -0.002119339348516657 0.010989898906139699 -0.044420596018208934 -0.045571520551355577 -0.033003010455014137 0.049190303067957637 0.0048255085212863102 0.027997575328217297 0.0016530987060713394 0.028175021262677347 0.12931091661071828 0.034494705594090062 0.025793864673275674 0.055968841103788136 0.0049980367623907668 0.050365540974642159
leaf_weight=65.853425100445747 165.54531598091125 1557.4147677272558 25.331638488918543 64.541917160153389 31.194318294525146 86.176484607160091 72.1513891518116 1343.3697385080159 92.905193857848644 94.98482197150588 123.08650474622846 77.489887457340956 173.57998352870345 19.95936967805028 411.68693048879504 196.55760252848268 86.509251289069653 327.89138933643699 73.172692328691483 88.759496562182903 119.61053350195289 261.80800493806601 222.02808526530862 6.9913151003420344 3.5708660259842864 33.206112422049046 67.446274872869253 21.390740271657705 14.831853304058312 2.265521600842475
leaf_count=949 3770 44429 235 1421 289 822 406 43670 1863 1900 841 2110 1118 125 2562 2337 939 6726 888 2398 1740 5379 1469 43 24 625 621 183 89 13
internal_value=-0.000200323 -0.0284798 -0.0383914 0.0335852 -0.0162429 0.00657869 0.0126298 0.0427845 0.005585 -0.0260998 -0.0091673 0.0190926 0.0112889 0.000315947 -0.00727756 0.0211625 -0.0257176 -0.0377758 -0.016507 0.0288068 0.0247499 0.020731 0.0114968 -0.0440319 0.0386846 0.00763375 0.00727779 0.0308583 -0.0335967 -0.0503526
internal_weight=5931.31 3228.75 2401.98 2702.56 842.3 408.913 824.474 1878.09 658.928 126.179 314.953 343.975 266.485 826.768 492.372 282.734 158.661 433.387 98.5043 534.72 445.96 381.419 334.395 334.883 44.921 156.293 289.474 41.3501 80.6853 1559.68
internal_count=129984 63704 57682 66280 13240 5348 11672 54608 7902 2189 2811 5091 2981 6022 3600 3159 1345 7892 1123 10938 8540 7119 2422 6769 332 1466 2090 308 1038 44442
is_linear=0
shrinkage=0.05


Tree=56
num_leaves=31
num_cat=0
split_feature=9 8 9 1 1 12 11 12 9 13 2 8 12 1 9 3 2 12 1 3 0 12 9 9 13 8 0 0 12 1
split_gain=2100.46 349.384 294.862 178.521 124.25 78.6935 75.348 54.534 46.8069 41.6828 30.0636 28.5277 27.7041 28.0014 25.692 24.9052 22.6497 21.2597 27.6474 19.58 23.8679 26.5737 19.0777 18.3656 50.2418 58.691 17.0704 19.4117 20.914 11.9913
threshold=0.31698563694953924 24.575783729553226 0.12060606107115747 54.085849761962898 56.440422058105476 1.5000000000000002 1.0000000180025095e-35 1.5000000000000002 0.80476191639900219 1.0000000180025095e-35 88.998897552490249 36.930006027221687 4.5000000000000009 26.158231735229496 0.19756097346544269 30.094339370727543 83.484848022460952 1.5000000000000002 87.585617065429702 96.922348022460952 0.83791977167129528 4.5000000000000009 0.78759399056434642 0.059714796021580703 1.0000000180025095e-35 33.413078308105476 0.39541377127170568 0.83318904042243969 1.5000000000000002 14.415584564208986
decision_type=2 2 2 2 2 2 2 2 2 2 2 2 2 2 2 2 2 2 2 2 2 2 2 2 2 2 2 2 2 2
left_child=1 10 23 7 5 15 17 -2 12 16 26 -7 13 -9 -11 -4 -6 -5 22 -12 -21 -22 -19 -3 -25 -26 -1 -28 -29 -10
right_child=3 2 4 6 9 11 -8 8 29 14 19 -13 -14 -15 -16 -17 -18 18 -20 20 21 -23 -24 24 25 -27 27 28 -30 -31
leaf_value=0.093870789545355687 0.040760881404959821 -0.051654416903913453 0.03889275515426549 0.048800347631894718 -0.045043575335481853 0.015735826999449719 0.049796022688151337 0.0042126496979908497 0.047495298584760266 0.0020249691163985823 0.038529209676113091 -0.044583173541768675 0.028595301515546095 -0.024675778388611517 0.036032527323852863 -0.010714141791445855 0.0031056147996760871 0.0021287492184878633 0.032814632170994291 0.06090091262255929 -0.0040567819065228418 0.021411015581603618 0.043225593525220651 -0.051327085801220251 0.081804637951354245 -0.025111856066072247 -0.034577165548142177 0.027279865196227909 -0.016038958155208009 0.018671167774481016
leaf_weight=3.6062678322195998 136.82440973632038 1246.4005908332765 41.4029555413872 111.9863247256726 39.013507805764675 20.913997281342745 1170.1547650024295 178.91953638195992 52.049871951341629 89.758785828948021 45.973031718283892 312.44773765280843 56.181567415595055 157.92019225656986 145.66899640485644 65.059932854026556 65.314515791833401 157.32870950549841 377.99196047335863 18.171663422137499 390.55273196473718 138.83695292286575 34.416447315365076 246.78034951537848 14.831670373678206 95.384248942136765 85.620655205100775 38.052178658545017 104.05242289602757 117.61765920557082
leaf_count=19 3323 37768 516 2925 468 273 39932 1281 1293 608 408 6523 865 1441 2445 429 529 2677 9155 131 2104 1241 967 7172 202 1824 1048 254 823 1570
internal_value=0.000111181 -0.0268182 -0.0365266 0.0339693 -0.0113029 -0.028847 0.042098 0.0124497 0.00556548 0.0114085 0.00122856 -0.040799 -0.00390958 -0.00933108 0.0230669 0.00857777 -0.0148998 0.0288845 0.0249699 0.00718784 0.00455643 0.00262236 0.00950525 -0.0487905 -0.0387917 -0.0107242 -0.0140613 -0.0157706 -0.00443922 0.0275137
internal_weight=5759.23 3207.84 2382.98 2551.39 779.58 439.825 1851.88 699.513 562.689 339.756 824.866 333.362 393.021 336.84 235.428 106.463 104.328 681.723 569.737 593.534 547.561 529.39 191.745 1603.4 356.996 110.216 231.332 227.725 142.105 169.668
internal_count=130214 64785 58757 65429 11791 7741 55656 9773 6450 4050 6028 6796 3587 2722 3053 945 997 15724 12799 3884 3476 3345 3644 46966 9198 2026 2144 2125 1077 2863
is_linear=0
shrinkage=0.05


Tree=57
num_leaves=31
num_cat=0
split_feature=9 8 3 9 8 12 9 10 1 8 12 2 9 2 12 3 0 13 12 9 13 8 9 12 3 13 9 1 8 0
split_gain=1989.43 393.002 255.679 129.346 90.2814 81.1427 74.6002 69.5837 62.2292 57.1483 45.4015 29.2129 25.4838 24.1108 22.2982 19.5651 23.4377 19.5125 19.0943 18.9722 17.9869 24.0199 17.3971 16.7573 13.6839 13.6834 19.4851 12.1433 11.599 10.6439
threshold=0.22902098298072818 24.575783729553226 81.165538787841811 0.10172414034605028 36.07402420043946 1.5000000000000002 0.3717105239629746 1.0000000180025095e-35 71.33072662353517 42.891986846923835 4.5000000000000009 89.512962341308608 0.19756097346544269 27.36185455322266 1.5000000000000002 99.425289154052749 0.82803469896316539 1.0000000180025095e-35 4.5000000000000009 0.78759399056434642 1.0000000180025095e-35 97.793998718261733 0.23904761672019961 1.5000000000000002 24.121212005615238 1.0000000180025095e-35 0.15075758099555972 83.75235748291017 60.221162796020515 0.42252655327320104
decision_type=2 2 2 2 2 2 2 2 2 2 2 2 2 2 2 2 2 2 2 2 2 2 2 2 2 2 2 2 2 2
left_child=1 11 5 28 25 29 9 19 14 22 13 17 -10 -8 -6 -13 -17 27 -18 20 21 -4 -7 -19 -11 26 -5 -1 -3 -2
right_child=2 3 7 4 8 6 10 -9 12 24 -12 15 -14 -15 -16 16 18 23 -20 -21 -22 -23 -24 -25 -26 -27 -28 -29 -30 -31
leaf_value=-0.030232154810122265 0.049115721917114094 -0.049837698005638004 0.0054464312479138395 -0.043183290070962235 -0.017786590183127685 0.16085085523767509 0.013539356893220379 0.047387672714847888 -0.015287819556018723 -0.013353057720874684 0.034646239307217712 0.03750275487757955 0.030959848566232691 -0.010373278876492215 -0.047531751861392024 0.068122337230445001 -0.0042415944992867044 0.038116168397028818 0.017543730076201434 0.048747985220956955 0.03182237588248419 0.048772187213614239 0.035498358825725822 -0.01161413688351713 -0.045259679503982908 0.04112382858463523 0.050398395623609982 0.022583451507329197 0.048035803478987643 0.02540865574188966
leaf_weight=137.25194046273828 99.942786999046803 1419.6835117843002 194.66901361569762 13.507052358239891 81.851209575310349 3.6131879352033129 217.02422718331218 1271.5520811006427 101.00600108504295 47.664442449808121 141.57006345503032 44.581096671521664 42.24500548094511 204.97468827478588 273.64592343196273 13.48670222610235 390.53392558172345 25.512100480496883 135.47083777561784 80.858250334858894 252.95793643593788 38.281081914901733 11.831495895981787 50.412754744291306 113.91365654952824 56.530325124040246 9.4568206295371038 11.820343315601347 3.0335899442434302 89.966350017115474
leaf_count=1550 2744 44430 3206 288 922 39 2134 44446 1158 319 2876 399 514 2249 6429 100 2108 167 1228 2368 5207 814 140 352 1803 496 105 68 22 1411
internal_value=3.87439e-06 -0.0296345 0.0300833 -0.0415246 -0.0215842 0.00872722 0.00125035 0.0408931 -0.0294718 -0.0270642 0.0101442 -0.000228309 -0.00164929 0.00192443 -0.0406831 0.00566854 0.0030379 -0.015536 0.00136915 0.0263225 0.0225907 0.0125662 0.0648238 0.00509613 -0.0358474 0.0279023 -0.00464514 -0.0260443 -0.049629 0.0378849
internal_weight=5578.85 2810.03 2768.82 2000.96 578.242 930.501 740.592 1838.32 498.748 177.023 563.569 809.07 143.251 421.999 355.497 584.073 539.491 224.997 526.005 566.766 485.908 232.95 15.4447 75.9249 161.578 79.4942 22.9639 149.072 1422.72 189.909
internal_count=130092 60336 69756 54364 9912 13715 9560 56041 9023 2301 7259 5972 1672 4383 7351 3835 3436 2137 3336 11595 9227 4020 179 519 2122 889 393 1618 44452 4155
is_linear=0
shrinkage=0.05


Tree=58
num_leaves=31
num_cat=0
split_feature=9 8 1 9 13 4 11 8 9 3 12 13 9 1 12 9 12 4 13 9 7 0 12 12 0 13 4 11 3 3
split_gain=1892.45 397.946 237.336 123.871 85.8866 84.0295 82.1037 54.0762 52.3579 43.9759 34.9067 33.243 32.9159 28.7688 26.9522 22.3926 23.058 29.9384 19.7759 19.7076 30.8498 19.2292 16.2993 13.2898 17.8847 13.2036 12.6202 51.6742 12.2767 11.3474
threshold=0.22902098298072818 24.575783729553226 59.870130538940437 0.10172414034605028 1.0000000180025095e-35 0.57247900962829601 1.0000000180025095e-35 41.688949584960945 0.44097222387790685 49.675325393676765 1.5000000000000002 1.0000000180025095e-35 0.83666664361953746 30.0684928894043 1.5000000000000002 0.77525252103805553 1.5000000000000002 0.0745370388031006 1.0000000180025095e-35 0.042572464793920524 1.0000000180025095e-35 0.75075361132621776 1.5000000000000002 1.5000000000000002 0.42252655327320104 1.0000000180025095e-35 0.98275861144065868 1.0000000180025095e-35 55.646631240844734 99.425289154052749
decision_type=2 2 2 2 2 2 2 2 2 2 2 2 2 2 2 2 2 2 2 2 2 2 2 2 2 2 2 2 2 2
left_child=1 19 5 26 23 8 15 22 11 13 -7 -2 18 -10 -9 16 -4 -18 -12 20 -1 29 -6 24 -5 -23 -3 -28 -13 -22
right_child=2 3 6 4 7 10 -8 14 9 -11 12 28 -14 -15 -16 -17 17 -19 -20 -21 21 25 -24 -25 -26 -27 27 -29 -30 -31
leaf_value=-0.048025876394691025 -0.04941818432268915 -0.050017304211653207 0.046695145656545901 0.024737313683316792 0.062022904588157936 0.047328353333712235 0.049135090302529875 0.022582567983674754 0.0085718686247164434 0.032569761438004247 -0.0058798806687735058 -0.01805807759211173 0.042714671620793287 -0.033649317377624402 -0.028442302423378175 0.046556471778221087 0.028363600251454808 0.0030825230394997873 0.022524400275045396 0.051462109464427863 -0.034467280606083672 -0.0022852375458917978 0.015549357793097698 -0.046768636071285875 -0.035562816717230862 0.011636162335459013 0.28048225818837796 -0.045413859417258728 0.024101629423153529 0.064899781847812199
leaf_weight=33.297893762588501 89.171258265152574 1351.5778088718653 89.432713245972991 15.967256449162958 24.761200586333871 118.59772260300815 1078.9920733124018 31.722961746156216 97.560637287795544 103.91957417689264 139.60316067375243 56.925331737846136 84.450819371268153 68.796742532402277 140.52081741392612 125.19630809128284 321.43314311094582 184.22140137664974 109.22126731276512 18.372316610068083 47.944974217563868 426.65002862736583 79.254565570503473 221.41034554317594 53.48996614664793 283.49016495794058 1.4719886481761912 7.0035361796617508 24.785606963559985 3.0562511309981337
leaf_count=751 1382 44364 2111 111 198 3312 39713 246 662 1891 1408 652 2238 369 2170 3919 7354 3153 1383 133 566 2652 874 5565 796 1891 13 161 271 22
internal_value=0.000178223 -0.0290753 0.0299499 -0.0414502 -0.0218197 0.00887795 0.0404085 -0.00185416 -0.00664459 0.00705184 0.0240325 -0.0283076 0.0157425 -0.00888861 -0.0190448 0.027336 0.0232923 0.0191531 0.00658815 0.000265591 -0.000918387 0.00114244 0.0266125 -0.0407826 -0.0217006 0.00327223 -0.0496359 0.0111862 -0.00526966 -0.0285127
internal_weight=5432.3 2739.99 2692.31 1927.18 567.127 893.032 1799.28 276.26 441.159 270.277 451.873 170.882 333.275 166.357 172.244 720.284 595.087 505.655 248.824 812.812 794.439 761.141 104.016 290.868 69.4572 710.14 1360.05 8.47552 81.7109 51.0012
internal_count=130331 60513 69818 54498 9960 13568 56250 3488 5227 2922 8341 2305 5029 1031 2416 16537 12618 10507 2791 6015 5882 5131 1072 6472 907 4543 44538 174 923 588
is_linear=0
shrinkage=0.05


Tree=59
num_leaves=31
num_cat=0
split_feature=9 8 3 11 9 13 12 8 8 8 1 9 1 1 12 4 9 13 12 12 8 1 3 1 13 3 12 11 9 8
split_gain=1672.92 399.622 280.456 92.0353 92.0002 86.9103 86.2376 75.9742 54.437 37.0024 32.8222 32.7117 30.054 33.2398 27.4311 27.5468 23.1008 21.3232 29.0071 20.4039 14.1614 13.2665 12.4982 17.3234 15.9028 11.4021 10.5983 9.61314 9.49884 9.49323
threshold=0.21240601688623431 24.575783729553226 81.165538787841811 1.0000000180025095e-35 0.091966174542903914 1.0000000180025095e-35 1.5000000000000002 80.096618652343764 39.631141662597663 41.103500366210945 74.543037414550795 0.35504202544689184 48.52813911437989 27.953488349914554 1.5000000000000002 0.13423423469066623 0.45643940567970281 1.0000000180025095e-35 2.5000000000000004 1.5000000000000002 40.590608596801765 51.66851997375489 30.940170288085941 61.938297271728523 1.0000000180025095e-35 77.459678649902358 1.5000000000000002 1.0000000180025095e-35 0.75499999523162853 60.221162796020515
decision_type=2 2 2 2 2 2 2 2 2 2 2 2 2 2 2 2 2 2 2 2 2 2 2 2 2 2 2 2 2 2
left_child=1 17 6 14 29 -6 22 9 21 20 -10 -11 13 -9 -4 28 -17 18 26 -19 -8 -7 -2 24 -24 -21 -1 -27 -16 -3
right_child=2 4 3 -5 5 8 7 12 10 11 -12 -13 -14 -15 15 16 -18 19 -20 25 -22 -23 23 -25 -26 27 -28 -29 -30 -31
leaf_value=-0.0073551888016056598 0.048241938546885244 -0.049982357759569079 0.048652019763242231 0.048939098944308937 -0.043667146842855907 0.0029069030297647399 0.040829270518752493 0.020452791205136902 -0.038146314893575679 -0.036551439383691105 0.0074300917712486862 -0.0064858821325949646 0.039796095794217848 -0.013967969986398588 0.02548696916794654 -0.014945257350756001 0.019636507815078547 0.04149569383555831 0.004993424027580802 -0.032632068629132066 0.19688153516410312 0.04518386600492532 -0.014002152588831463 0.055631690084421141 0.034030521441490699 0.0064438997274741845 -0.029390385748997327 0.077330217920236088 0.045873979138510601 0.10349973948765137
leaf_weight=96.947289552539587 95.43204303830862 1228.0143574681133 108.66438260115683 1028.9082664195448 286.58260862901807 28.628812937065959 14.303915036842225 168.55547305569053 97.67500414699316 177.07552735321224 66.327687077224255 184.97642565332353 86.05061718262732 120.12410842813551 327.02985235117376 78.005487632006407 126.77725131809711 44.512525796890259 253.85837471857667 18.717407029122114 1.6182837560772885 52.741604600101709 35.596082838252187 28.426464790478349 33.402307819575071 259.7554172091186 124.83436905965209 4.872498355805873 69.230325600132346 1.0083117783069599
leaf_count=921 2773 42344 2928 39718 7272 334 180 2348 1701 2943 611 1662 2532 776 7538 1068 2889 336 1552 153 29 486 409 655 415 1906 1095 36 2268 6
internal_value=-0.000125757 -0.0290052 0.0274658 0.0393848 -0.0423377 -0.0249665 0.00555021 -0.00209306 -0.00312516 -0.0179099 -0.0197138 -0.0211906 0.0138607 0.00612977 0.0255334 0.0213538 0.00646368 0.000214744 -0.00654775 0.0100254 0.0566899 0.0303094 0.0353812 0.0227836 0.0092506 0.00508158 -0.0197582 0.0077491 0.0290488 -0.0498564
internal_weight=5248.65 2564.48 2684.18 1738.62 1760.98 531.956 945.561 752.704 245.373 377.974 164.003 362.052 374.73 288.68 709.707 601.043 204.783 803.498 475.64 327.858 15.9222 81.3704 192.857 97.4249 68.9984 283.345 221.782 264.628 396.26 1229.02
internal_count=129884 58753 71131 56409 52754 10404 14722 10470 3132 4814 2312 4605 5656 3124 16691 13763 3957 5999 3568 2431 209 820 4252 1479 824 2095 2016 1942 9806 42350
is_linear=0
shrinkage=0.05


Tree=60
num_leaves=31
num_cat=0
split_feature=9 8 9 3 2 12 10 12 8 9 13 12 2 3 9 13 8 12 1 8 9 7 1 9 10 9 12 8 0 12
split_gain=1582.71 270.388 313.177 143.227 123.95 88.9545 58.7947 43.9628 29.5163 29.1616 25.7582 24.0371 29.1147 29.846 22.1097 51.8533 60.0768 21.4521 28.5894 21.3435 21.0809 32.4357 21.5553 15.8294 12.1034 10.9744 10.2579 10.094 9.87498 8.42173
threshold=0.35504202544689184 24.575783729553226 0.12060606107115747 75.181159973144545 84.680576324462905 1.5000000000000002 1.0000000180025095e-35 1.5000000000000002 41.103500366210945 0.18350168317556384 1.0000000180025095e-35 4.5000000000000009 27.36185455322266 49.675325393676765 0.056349206715822227 1.0000000180025095e-35 36.07402420043946 2.5000000000000004 91.922958374023452 42.022895812988288 0.042572464793920524 1.0000000180025095e-35 51.66851997375489 0.78416147828102123 1.0000000180025095e-35 0.81101191043853771 1.5000000000000002 92.520183563232436 0.86153906583786022 1.5000000000000002
decision_type=2 2 2 2 2 2 2 2 2 2 2 2 2 2 2 2 2 2 2 2 2 2 2 2 2 2 2 2 2 2
left_child=1 20 14 7 5 10 17 -2 -7 19 -4 12 25 -14 -3 -16 -17 -5 23 -6 21 -1 28 -19 -11 -9 -24 -20 -23 -22
right_child=3 2 4 6 9 8 -8 11 -10 24 -12 -13 13 -15 15 16 -18 18 27 -21 29 22 26 -25 -26 -27 -28 -29 -30 -31
leaf_value=-0.049318033061937355 0.04116347532319159 -0.051351506171734118 -0.0083148071538219539 0.041261629423991142 0.023079967651645696 -0.002066349702630586 0.047242065443480016 0.0062957100512026007 -0.040356898981138013 0.018762784482654671 0.035284389306629124 0.02715248841511423 -0.03268837432371343 0.0084519461164470188 -0.050187668683409126 0.060733368219431288 -0.028666316690103791 -0.013060236524237177 0.035878438263466671 -0.026786196022857325 0.10595835010549966 -0.035697825504549169 0.019683815246874441 0.044626444086514713 0.044160160851827779 0.032196060372465522 0.0019259222979190816 0.01192912873109222 0.018907977735531455 0.032047494291900964
leaf_weight=32.311498574912548 109.04276276379824 1022.1249009650201 71.771297212690115 149.21724592894316 37.460651971399784 59.191234679892659 1081.8046648576856 166.01540392637253 336.15490538999438 113.30700024589896 64.161003168672323 107.47098196297884 99.632012259215117 79.072922855615616 214.19941376335919 24.85550931468606 77.033628089353442 81.142994776368141 143.23465955071151 50.232098344713449 5.4085897915065315 50.678598560392857 93.976825524121523 13.934042910113929 80.053565312176943 54.26775574311614 603.9731684550643 63.501942874863744 9.8961371853947622 13.409919913858174
leaf_count=764 3116 37441 699 3676 300 965 43940 1197 6859 1569 634 1910 674 996 7434 408 1708 1289 3550 407 33 601 678 421 2018 989 3803 1699 60 104
internal_value=6.95873e-05 -0.0236394 -0.0329115 0.0327383 -0.00842164 -0.0226272 0.0409191 0.0123649 -0.034624 0.0184314 0.0122643 0.00616439 0.000511054 -0.0144847 -0.0477775 -0.0362205 -0.00685757 0.0257534 0.0180861 -0.00548433 0.000988481 -0.000256073 0.00183386 -0.00460595 0.0292776 0.0126764 0.00431697 0.0285221 -0.0267768 0.0532901
internal_weight=5108.54 2960.2 2150.55 2148.34 812.332 531.278 1532.84 615.502 395.346 281.053 135.932 506.459 398.988 178.705 1338.21 316.089 101.889 451.031 301.814 87.6928 809.655 790.836 758.525 95.077 193.361 220.283 697.95 206.737 60.5747 18.8185
internal_count=129942 66485 60442 63457 13451 9157 54575 8882 7824 4294 1333 5766 3856 1670 46991 9550 2116 10635 6959 707 6043 5906 5142 1710 3587 2186 4481 5249 661 137
is_linear=0
shrinkage=0.05


Tree=61
num_leaves=31
num_cat=0
split_feature=9 8 3 9 13 10 9 13 8 3 1 1 0 2 8 9 13 8 2 4 2 2 13 9 7 1 4 4 10 1
split_gain=1521.15 390.807 251.495 87.3541 82.3065 72.7404 67.076 50.7966 49.1222 48.5061 40.5136 26.5167 23.0332 37.9121 20.9221 20.3738 20.0035 23.6608 18.9597 18.8803 13.9984 16.3936 18.0927 13.7869 21.4346 11.8009 10.9943 8.37818 19.7954 7.65318
threshold=0.21240601688623431 24.575783729553226 81.165538787841811 0.091966174542903914 1.0000000180025095e-35 1.0000000180025095e-35 0.73508772253990184 1.0000000180025095e-35 39.182224273681648 24.121212005615238 72.065574645996108 74.543037414550795 0.63168936967849743 23.90476226806641 53.368236541748054 0.78759399056434642 1.0000000180025095e-35 98.08304595947267 66.228069305419936 0.65751880407333385 12.70161294937134 47.140522003173835 1.0000000180025095e-35 0.042572464793920524 1.0000000180025095e-35 51.66851997375489 0.20227272808551791 0.98275861144065868 1.0000000180025095e-35 58.017766952514656
decision_type=2 2 2 2 2 2 2 2 2 2 2 2 2 2 2 2 2 2 2 2 2 2 2 2 2 2 2 2 2 2
left_child=1 18 6 -3 27 15 7 9 25 14 -11 -10 13 -9 -2 16 17 -4 19 29 -8 22 -22 24 -20 -6 -26 -5 -29 -1
right_child=2 3 5 4 8 -7 20 12 11 10 -12 -13 -14 -15 -16 -17 -18 -19 23 -21 21 -23 -24 -25 26 -27 -28 28 -30 -31
leaf_value=-0.037155697129441029 0.042821383738158823 -0.049834492835616168 0.0028732170040176946 -0.047316048328578143 0.0029867562142957865 0.046652369647995413 0.045325923102942534 0.024933991310518738 -0.035796427880183904 -0.034615307165244254 0.041363275714071591 0.0051481799686953376 0.034014415498449212 -0.015805572170560871 -0.0025400352816444343 0.049401957207614505 0.030228547932915302 0.049282641280023132 -0.045704875974333481 0.080758336174543532 -0.0095801433677423845 0.043367784585657015 0.031245499304061727 0.054902562618068668 0.0081458993679813709 0.043627920856354738 -0.0054540963194836117 0.081348819791625976 -0.034956289126178451 0.0018096072992424186
leaf_weight=57.649279907345772 35.566188268363476 1123.5072021316737 190.68762366473675 234.34677966311574 27.857412563636899 1079.5715723093599 84.283999785780907 112.61426250636578 97.702867016196251 211.44984688796103 19.132764365524054 66.427616484463215 91.055433485656977 115.85785205475986 89.104602735489607 69.620408073067665 246.5718243047595 32.084573039785028 22.563750544562936 4.1668002195656291 59.006612114608288 51.709820171818137 50.247574865818024 12.652597036212681 467.58316172286868 49.779149632900953 217.83563375473022 4.1611273139715186 30.290545707568526 16.126767192035913
leaf_count=874 419 42488 3290 6632 305 44669 2638 1461 1726 3064 384 614 1825 1220 1195 2386 5443 763 541 28 431 1697 438 92 3033 456 1254 29 617 178
internal_value=0.000222466 -0.0280314 0.0272976 -0.0420413 -0.0248923 0.0391629 0.00642381 -0.00171526 -0.00372453 -0.0147257 -0.0283109 -0.0192251 0.0127498 0.00427502 0.0104007 0.0241611 0.020417 0.00955729 0.000635959 -0.0227899 0.0288178 0.0201738 0.00919616 0.00316967 0.00224513 0.0290451 0.00382363 -0.0439315 -0.0209088 -0.0286382
internal_weight=4971.22 2432.65 2538.56 1634.07 510.565 1618.54 920.029 674.781 241.767 355.253 230.583 164.13 319.528 228.472 124.671 538.964 469.344 222.772 798.578 77.9428 245.248 160.964 109.254 720.635 707.983 77.6366 685.419 268.798 34.4517 73.776
internal_count=130190 58867 71323 52867 10379 56551 14772 9568 3101 5062 3448 2340 4506 2681 1614 11882 9496 4053 6000 1080 5204 2566 869 4920 4828 761 4287 7278 646 1052
is_linear=0
shrinkage=0.05


Tree=62
num_leaves=31
num_cat=0
split_feature=9 8 2 9 12 9 13 12 8 13 3 1 1 9 0 2 3 13 8 8 3 5 12 4 5 12 9 1 1 1
split_gain=1375.5 373.381 225.388 93.3234 75.1287 74.6104 68.3195 45.211 43.0173 38.0448 32.3177 30.693 27.802 25.2415 25.0406 21.8401 19.2657 18.3549 15.6997 14.603 14.3372 21.6921 14.9413 14.1178 30.9179 14.4195 13.3566 12.7709 12.2797 18.2723
threshold=0.21240601688623431 24.575783729553226 78.629974365234389 0.10172414034605028 1.5000000000000002 0.44097222387790685 1.0000000180025095e-35 6.5000000000000009 39.911504745483406 1.0000000180025095e-35 24.121212005615238 48.52813911437989 52.240802764892585 0.78759399056434642 0.46700522303581243 88.998897552490249 69.631092071533217 1.0000000180025095e-35 60.221162796020515 98.08304595947267 99.425289154052749 1.0000000180025095e-35 4.5000000000000009 0.14434523880481723 1.0000000180025095e-35 1.5000000000000002 0.050641026347875602 68.042552947998061 89.699382781982436 86.70682525634767
decision_type=2 2 2 2 2 2 2 2 2 2 2 2 2 2 2 2 2 2 2 2 2 2 2 2 2 2 2 2 2 2
left_child=1 15 4 18 -2 9 -5 13 27 10 -6 14 -10 17 -7 23 -11 19 -3 -4 28 -22 -23 24 -1 -26 -25 -8 29 -17
right_child=2 3 7 6 5 11 8 -9 12 16 -12 -13 -14 -15 -16 20 -18 -19 -20 -21 21 22 -24 26 25 -27 -28 -29 -30 -31
leaf_value=-0.059652101559314122 0.03560149958171243 -0.049147089783533639 0.014089707913281494 -0.04175743300802906 -0.0051677589196184827 0.018923477728711044 0.0078625265635415952 0.049352245042577417 -0.044469741837342411 -0.0093258966950804986 -0.051948971452556218 0.037306846010488739 -0.00012422478329651368 0.046780628628998816 -0.0069267123103831018 0.025784841814681509 0.038093300162199938 0.033898586505843348 0.060656966597014639 0.049154950761463784 0.057082530986140738 -0.0033084113444978138 0.016123093493024029 -0.028950691405212288 0.047802362670362933 0.00095244334817018027 0.039622088221587103 0.048567822795621413 0.052256116655466082 -0.10367288273366637
leaf_weight=17.241963436827064 187.54645168408751 1124.3971651662141 274.90003899857402 215.16996502503753 56.592605285346508 187.23730065301061 39.057904919609427 573.28758463636041 59.676686301827431 100.91963656619191 106.19155884161592 98.88187812268734 86.683059260249138 211.35030856356025 187.49183841235936 12.65114386752248 27.19098193384707 425.68558154068887 3.2647766806185237 33.286307966336608 18.323083702474833 382.17234862223268 133.47867218405008 109.23507215455174 22.789284370839596 58.798481276258826 7.5949258543550959 38.032092824578285 29.194508150219917 3.4742048829793921
leaf_count=189 4469 44406 6390 5648 417 2517 391 26100 1305 1184 2171 3382 732 8846 1506 91 424 12798 25 894 139 2075 1247 1249 172 485 48 335 294 35
internal_value=0.000235572 -0.0270526 0.0263162 -0.0412174 0.00724331 0.000286563 -0.0216481 0.0382742 -0.00228394 -0.0196441 -0.0356853 0.0125281 -0.0182057 0.0315552 0.0059896 0.000856167 0.000738644 0.0271704 -0.0488292 0.017877 0.00591281 0.00362121 0.00172152 -0.0127267 0.00118248 0.0140387 -0.0244929 0.0279443 0.0329131 -0.00210681
internal_weight=4831.8 2361.24 2470.56 1566.28 952.052 764.506 438.62 1518.51 223.45 290.895 162.784 473.611 146.36 945.222 374.729 794.954 128.111 733.872 1127.66 308.186 579.294 533.974 515.651 215.66 98.8297 81.5878 116.83 77.09 45.3199 16.1253
internal_count=129964 58866 71098 52842 16070 11601 8411 55028 2763 4196 2588 7405 2037 28928 4023 6024 1608 20082 44431 7284 3881 3461 3322 2143 846 657 1297 726 420 126
is_linear=0
shrinkage=0.05


Tree=63
num_leaves=31
num_cat=0
split_feature=9 8 9 1 13 11 4 12 3 12 12 12 1 13 3 9 9 9 4 11 12 13 12 5 8 12 8 1 4 12
split_gain=1292.22 259.396 241.986 161.126 104.178 79.8285 52.3653 52.3212 67.1556 33.0773 26.6112 26.1897 28.0616 26.1248 23.9193 22.4635 20.3742 19.8127 19.2353 45.0944 18.3473 15.9456 16.6254 13.9053 13.596 12.4171 12.3894 11.2715 15.1694 11.1849
threshold=0.31698563694953924 22.291234970092777 0.10172414034605028 45.308176040649421 1.0000000180025095e-35 1.0000000180025095e-35 0.5604878067970277 1.5000000000000002 69.631092071533217 1.5000000000000002 1.5000000000000002 1.5000000000000002 87.585617065429702 1.0000000180025095e-35 30.094339370727543 0.76330533623695385 0.45643940567970281 0.83666664361953746 0.98275861144065868 1.0000000180025095e-35 4.5000000000000009 1.0000000180025095e-35 2.5000000000000004 1.0000000180025095e-35 60.221162796020515 1.5000000000000002 58.359212875366218 30.0684928894043 0.033908046782016761 4.5000000000000009
decision_type=2 2 2 2 2 2 2 2 2 2 2 2 2 2 2 2 2 2 2 2 2 2 2 2 2 2 2 2 2 2
left_child=1 21 18 6 9 11 13 -6 -9 14 -8 -5 16 27 -4 23 -13 26 24 -20 -11 22 -1 -15 -3 -23 -12 -2 -29 -27
right_child=3 2 4 5 7 -7 10 8 -10 20 17 12 -14 15 -16 -17 -18 -19 19 -21 -22 25 -24 -25 -26 29 -28 28 -30 -31
leaf_value=-0.015041517401582286 -0.010102583695016281 -0.049282055893298531 0.036484378070709686 0.047484088654926843 0.04093694637481312 0.047595112863451979 0.047512433886653195 -0.036792656365074054 0.012026065024296352 -0.042831453534668155 0.035414416508637275 -0.023375127522080583 0.028232931821285598 -0.011522990269237698 -0.020484908786030938 0.040175987882332204 0.014060426394234464 0.037827969578020024 0.23446569962923089 -0.042892669973186998 0.0081187930614665896 0.035652263638404839 0.0040214952985792403 0.060686016518639418 0.048602097564181414 0.00056387948786645664 -0.0011250801241319693 0.05453473933736655 -0.045613906988498154 0.024956514008487474
leaf_weight=209.02453679218888 62.769757177680731 1082.2544877994806 25.18292760103941 98.152789853513241 83.01262217387557 902.73178430087864 72.448873808607459 103.45333021692932 220.78505389951169 265.12938880175352 27.436657279729843 50.936269409954548 311.40502862632275 90.478197580203414 68.659183517098427 35.634362919256091 126.88305936381221 59.630616551265121 2.0036355033516875 5.4562054872512817 18.930917328223586 41.13490617275238 252.58476045355201 7.1974709611386052 3.5592044778168193 205.66131409630179 150.19106423482299 4.0228513795882455 62.921715280041099 60.914775839075446
leaf_count=1792 522 44661 285 3238 896 41093 2640 2220 3010 6732 161 721 9163 629 912 314 3088 1602 14 154 271 323 1511 101 26 1322 1557 44 596 610
internal_value=-7.262e-05 -0.0231877 -0.0332032 0.0295967 -0.0120266 0.03826 0.00705671 0.00551782 -0.00355031 -0.0309336 0.0209895 0.023913 0.019184 -0.00934896 -0.00519696 0.00619497 0.00333703 0.0128905 -0.0484115 0.0316029 -0.0394359 0.00126665 -0.00461056 -0.00620209 -0.0489612 0.0100833 0.00451887 -0.0253238 -0.0395957 0.00613779
internal_weight=4710.59 2647.75 1878.43 2062.84 785.153 1490.11 572.732 407.251 324.238 377.902 309.707 587.377 489.224 263.024 93.8421 133.31 177.819 237.258 1093.27 7.45984 284.06 769.32 461.609 97.6757 1085.81 307.711 177.628 129.714 66.9446 266.576
internal_count=130208 64739 59181 65469 14326 57303 8166 6126 5230 8200 5960 16210 12972 2206 1197 1044 3809 3320 44855 168 7003 5558 3303 730 44687 2255 1718 1162 640 1932
is_linear=0
shrinkage=0.05


Tree=64
num_leaves=31
num_cat=0
split_feature=9 8 9 2 1 11 12 12 10 8 9 4 8 12 4 9 9 9 0 7 8 1 9 8 12 2 0 2 2 8
split_gain=1218.39 211.23 288.059 147.278 110.739 70.6638 67.6437 40.6656 39.8607 28.8002 26.4935 26.3378 24.3187 22.2299 22.2072 16.9239 16.5856 16.4866 22.3637 19.4038 14.0545 12.7653 11.9296 28.2111 11.6162 10.7228 9.84582 9.33993 9.32552 10.1094
threshold=0.33974359929561621 24.575783729553226 0.10172414034605028 48.934240341186531 71.33072662353517 1.0000000180025095e-35 1.5000000000000002 1.5000000000000002 1.0000000180025095e-35 41.688949584960945 0.17519181966781619 0.19292803853750232 34.538915634155281 1.5000000000000002 0.13423423469066623 0.83666664361953746 0.78759399056434642 0.053342817351222045 0.75075361132621776 1.0000000180025095e-35 47.087102890014656 46.065429687500007 0.059714796021580703 30.202253341674808 1.5000000000000002 99.397590637207045 0.48680728673934942 27.842377662658695 26.36544227600098 88.473194122314467
decision_type=2 2 2 2 2 2 2 2 2 2 2 2 2 2 2 2 2 2 2 2 2 2 2 2 2 2 2 2 2 2
left_child=1 17 22 7 6 13 9 28 10 -4 -6 21 -8 -5 -15 27 -16 18 25 -20 -10 -9 -3 -24 -21 -1 -17 -13 -2 -30
right_child=3 2 4 5 8 -7 12 11 20 -11 -12 15 -14 14 16 26 -18 -19 19 24 -22 -23 23 -25 -26 -27 -28 -29 29 -31
leaf_value=-0.037661341854422506 0.048018063632575478 -0.051130369539393011 0.041204668424456553 0.047387352610857511 -0.02384653949171445 0.047990824560043416 0.019391532348833812 -0.036258530983280399 0.056814051861537665 -0.0075452691651108489 0.015860756013909749 0.0064949676607377951 -0.03604449005518142 0.0285534518804498 -0.0016162527740359483 0.036792136525356935 0.041891659547658756 0.049463771553934124 -0.043827529222124205 0.019601764737516271 0.020694394552057686 0.036586990266977544 0.068905519555860648 -0.04062731069881232 0.0001803660099173257 0.058388732827729307 0.0038508260100015451 -0.013381820556593732 -0.020879931321738571 0.053866606065125403
leaf_weight=51.026684014126658 66.745114764198661 854.05025654472411 42.415025195106864 92.164521809667349 65.847951119765639 847.11534886062145 20.874369464814663 55.973743803799152 57.248191934078932 106.03441395610571 116.03414432704449 188.0937403999269 378.46414132788777 297.87020461633801 134.29145398549736 60.983316607773304 26.173750303685665 16.403457242995501 23.215588862076402 88.154473822563887 50.857396418228745 6.7379839569330207 6.0888586528599253 170.20627079904079 608.00099493935704 3.0811805352568618 36.118068190291524 86.178436677902937 11.580348275601866 7.4232861101627341
leaf_count=765 2460 37772 545 3249 948 40590 261 391 907 1306 1598 1609 8857 8909 2644 1308 981 114 578 593 1345 87 150 6636 3945 27 390 804 162 136
internal_value=9.82258e-05 -0.0218163 -0.0309816 0.0304765 -0.00920773 0.0389276 -0.0224341 0.00775491 0.0157769 0.00638358 0.00148527 0.00153939 -0.0331467 0.0249811 0.0204755 0.00660044 0.0054804 -0.000139624 -0.00119158 0.00114011 0.0398219 -0.0284317 -0.048686 -0.0368443 0.00263971 -0.0321918 0.0245392 0.000249527 0.0392197 0.0083179
internal_weight=4575.45 2658 1868.12 1917.45 837.776 1397.62 547.788 519.834 289.988 148.449 181.882 434.085 399.339 550.5 458.335 371.374 160.465 789.882 773.479 719.371 108.106 62.7117 1030.35 176.295 696.155 54.1079 97.1014 274.272 85.7487 19.0036
internal_count=130067 66347 60325 63720 15767 56373 10969 7347 4798 1851 2546 4589 9118 15783 12534 4111 3625 6022 5908 5116 2252 478 44558 6786 4538 792 1698 2413 2758 298
is_linear=0
shrinkage=0.05


Tree=65
num_leaves=31
num_cat=0
split_feature=8 8 10 1 1 2 4 11 8 3 12 1 12 1 12 12 3 2 12 0 12 2 8 0 0 0 3 3 12 12
split_gain=1090.84 168.47 158.752 132.212 118.733 100.772 86.2247 83.0342 58.483 37.8498 32.9332 30.8535 25.5357 37.206 23.5837 20.1196 18.8859 18.5549 14.768 12.4906 10.4821 19.3575 10.2394 10.0049 43.5376 9.54218 11.8449 9.47373 8.99441 12.5632
threshold=67.873523712158217 24.575783729553226 1.0000000180025095e-35 68.042552947998061 48.52813911437989 32.071428298950202 0.98275861144065868 1.0000000180025095e-35 51.712408065795906 88.303691864013686 1.5000000000000002 70.659969329833999 2.5000000000000004 87.585617065429702 4.5000000000000009 3.5000000000000004 83.795948028564467 27.842377662658695 4.5000000000000009 0.48091630637645727 1.5000000000000002 68.801231384277358 86.284465789794936 0.9636862874031068 0.94785329699516307 0.75075361132621776 95.861873626708999 93.127067565917983 5.5000000000000009 2.5000000000000004
decision_type=2 2 2 2 2 2 2 2 2 2 2 2 2 2 2 2 2 2 2 2 2 2 2 2 2 2 2 2 2 2
left_child=1 18 5 6 10 -3 9 12 27 -4 -2 -10 -6 16 17 -8 -14 22 20 -19 25 -22 -12 24 -20 26 -1 -7 29 -5
right_child=4 2 3 28 7 8 15 -9 11 -11 14 -13 13 -15 -16 -17 -18 19 23 -21 21 -23 -24 -25 -26 -27 -28 -29 -30 -31
leaf_value=-0.02010749901021093 0.038085417439596536 0.075837273533126248 -0.037884573159390249 0.053764595683018085 0.038045207398455537 -0.049142065792546846 0.02455566396028178 0.048247120449569657 -0.038417688937302429 0.020446297006482782 -0.0059819097238599942 0.0074223790582647947 -0.081738178249125881 0.025167652835114563 0.025260224560503027 -0.0160236017409283 -0.0038475378028003785 0.017365410224418572 0.023855139378917103 -0.025706477637111404 -0.038521113971036282 -0.004536131464324542 0.018034083534409405 0.020454081741519387 -0.1194482731232448 0.016752115671137591 0.08231182438014388 -0.039450585417142352 0.053910580812361032 0.014890392609183945
leaf_weight=37.160816179588437 77.254323456436396 18.678894422017038 348.50234919786453 28.951882554218173 181.50168621353805 642.75160294957459 100.30988167226315 762.72842807136476 63.717276303097606 30.222078720107675 87.529817225411534 86.59390826150775 8.4725052416324598 261.27033137716353 87.328993367031217 43.919939963147044 95.529678588733077 20.002149522304535 20.506449282169346 106.20426634885371 46.070013660937548 462.92010156810284 90.036024006083608 110.16840180382133 7.14759837090969 94.509815886616707 3.055071458220481 414.95790757983923 39.602111453190446 73.663554530590773
leaf_count=520 2569 349 9043 552 5411 28179 1540 38710 995 563 603 1270 144 8035 1692 475 2172 136 161 932 675 2769 1352 1069 61 691 23 16266 1485 1673
internal_value=-0.000493032 -0.0206778 -0.0287452 -0.00907596 0.0298594 -0.0394107 -0.0207007 0.0375869 -0.0411927 -0.0332298 0.00825344 -0.0120093 0.0227164 0.0150996 0.00236072 0.0121987 -0.0101929 -0.00422247 -0.00114931 -0.0188801 -0.00432961 -0.0076122 0.00619557 0.0137047 -0.0131838 0.00807193 -0.012327 -0.0453399 0.0336698 0.0258583
internal_weight=4451.27 2673.41 1891.87 665.172 1777.86 1226.7 522.954 1309.5 1208.02 378.724 468.356 150.311 546.774 365.273 391.101 144.23 104.002 303.772 781.538 126.206 643.716 508.99 177.566 137.822 27.654 134.726 40.2159 1057.71 142.218 102.615
internal_count=130115 68359 62390 15331 61756 47059 11621 54472 46710 9606 7284 2265 15762 10351 4715 2015 2316 3023 5969 1068 4678 3444 1955 1291 222 1234 543 44445 3710 2225
is_linear=0
shrinkage=0.05


Tree=66
num_leaves=31
num_cat=0
split_feature=8 13 8 2 3 11 12 12 4 8 4 12 4 12 3 1 12 4 3 8 1 12 10 8 0 10 2 12 2 10
split_gain=983.297 186.885 164.546 126.473 112.695 81.3743 48.0418 63.9808 32.0981 28.5798 28.2487 25.4977 29.0274 23.4446 22.7283 21.108 18.4828 17.4677 30.9019 17.2542 39.9418 16.8541 15.9094 13.8464 12.5651 11.9776 9.8277 9.37439 9.13895 8.80996
threshold=66.079193115234389 1.0000000180025095e-35 1.0000000180025095e-35 44.033897399902351 25.403225898742679 1.0000000180025095e-35 1.5000000000000002 4.5000000000000009 0.24283374845981601 1.0000000180025095e-35 0.98275861144065868 1.5000000000000002 0.043961353600025184 1.5000000000000002 49.675325393676765 76.253131866455092 1.5000000000000002 0.98275861144065868 69.631092071533217 51.225519180297859 78.830558776855483 2.5000000000000004 1.5000000000000002 87.10666656494142 0.52426299452781688 1.0000000180025095e-35 24.316333770751957 1.5000000000000002 30.341388702392582 1.0000000180025095e-35
decision_type=2 2 2 2 2 2 2 2 2 2 2 2 2 2 2 2 2 2 2 2 2 2 2 2 2 2 2 2 2 2
left_child=1 2 21 8 16 11 17 9 14 -8 -11 -5 -13 -10 24 -9 -4 18 -3 25 -21 27 -14 28 -2 -6 -25 -1 -15 -17
right_child=3 6 4 5 19 -7 7 15 13 10 -12 12 22 23 -16 29 -18 -19 -20 20 -22 -23 -24 26 -26 -27 -28 -29 -30 -31
leaf_value=-0.0022703507133991943 -0.016520044016917902 -0.011986641285407461 0.038098919935194972 0.045920715084216066 -0.050223568463152513 0.046902061366201578 0.0019801389100082153 -0.023403994547618504 0.039510558305901319 -0.023630836269327927 0.031529240468987682 0.028070854625178089 -0.0015067744628017366 0.00010766910522045715 0.039017528400085412 0.020033409652135147 -0.0059048140486520464 0.067724908013534618 0.036324327845618239 -0.044561070882984201 0.011903002510228732 0.0043631253838540942 0.046317415825307455 0.027356877141117661 -0.061660809450035561 -0.033432638421168927 0.0020066029489071335 -0.024143233277919517 -0.033161352941298183 0.047080746402564946
leaf_weight=83.836718447506428 34.366797642782331 55.252156877890229 33.181254958733916 92.850983127951622 754.52842266298831 780.56054029613733 199.51439553499222 22.177898650988936 61.5218475908041 434.65571638010442 24.520094733685255 267.66933837160468 184.11533171311021 110.48352056741714 11.759667549282311 88.273928420618176 84.975998597219586 19.317020379006863 82.560944899916649 123.72087996825576 41.936355197802186 250.84592431038618 19.203846203163266 83.770081583410501 27.955934006720781 123.60801041871309 70.32991892285645 117.83983714133501 25.385039312765002 45.689902428537607
leaf_count=732 258 1047 639 3329 35166 40289 1136 400 2198 12125 231 8430 3832 862 114 1425 1227 413 1450 2726 760 1473 721 1782 174 4277 454 953 228 1428
internal_value=0.000211781 -0.019439 -0.0298674 0.0289272 -0.0398289 0.0364471 -0.00211705 -0.00699852 0.00517179 -0.01382 -0.0206853 0.0219735 0.0172526 0.0114759 -0.0247386 0.0217782 0.00645244 0.0231969 0.0169554 -0.0450679 -0.0302671 -0.00428907 0.0030103 0.00552786 -0.0367687 -0.04786 0.0157872 -0.0150507 -0.00610816 0.0292582
internal_weight=4356.41 2586.44 1614.47 1769.97 1161.95 1344.4 971.962 814.832 425.573 658.69 459.176 563.839 470.989 351.49 74.0824 156.142 118.157 157.13 137.813 1043.79 165.657 452.522 203.319 289.969 62.3227 878.136 154.1 201.677 135.869 133.964
internal_count=130279 67608 47953 62671 44795 56601 19655 16745 6070 13492 12356 16312 12983 5524 546 3253 1866 2910 2497 42929 3486 3158 4553 3326 432 39443 2236 1685 1090 2853
is_linear=0
shrinkage=0.05


Tree=67
num_leaves=31
num_cat=0
split_feature=9 8 9 1 13 10 1 12 4 8 1 9 9 13 10 12 4 12 9 7 9 0 2 9 8 12 9 8 2 13
split_gain=1001.68 206.944 239.364 116.113 102.456 73.5679 37.1505 33.9178 33.1032 26.6983 28.6796 28.409 21.6896 21.5586 20.9291 18.9467 19.8425 16.9345 16.2977 22.0784 16.1048 17.7564 15.5379 13.728 42.2585 26.5612 13.2738 12.5886 15.8956 12.4177
threshold=0.33974359929561621 24.575783729553226 0.10172414034605028 59.317129135131843 1.0000000180025095e-35 1.0000000180025095e-35 51.471860885620124 1.5000000000000002 0.57735043764114391 35.26820373535157 76.253131866455092 0.15075758099555972 0.78759399056434642 1.0000000180025095e-35 1.0000000180025095e-35 1.5000000000000002 0.0745370388031006 1.5000000000000002 0.042572464793920524 1.0000000180025095e-35 0.80476191639900219 0.66671696305274974 59.870130538940437 0.056349206715822227 30.202253341674808 4.5000000000000009 0.83666664361953746 88.473194122314467 41.223155975341804 1.0000000180025095e-35
decision_type=2 2 2 2 2 2 2 2 2 2 2 2 2 2 2 2 2 2 2 2 2 2 2 2 2 2 2 2 2 2
left_child=1 18 23 8 9 12 7 -6 13 11 -11 -4 15 27 -8 -5 -17 -10 19 -1 21 -15 -21 -3 25 -25 -19 -2 -29 -26
right_child=3 2 4 5 6 -7 14 -9 17 10 -12 -13 -14 20 -16 16 -18 26 -20 22 -22 -23 -24 24 29 -27 -28 28 -30 -31
leaf_value=-0.046161802364636358 -0.027086675421901532 -0.050968668349302464 -0.037074239240530431 0.046780705614815565 0.023870748386285615 0.046604852057765316 0.0048992227807132666 -0.027682384448392213 0.045185296038879358 -0.03948535936316451 -0.0033507505018167683 0.086796987897731243 0.0486012895913389 -0.006260991956365692 0.033069946701386015 0.020844064514809333 -0.006224209676080652 0.0087714732179839123 0.046684217538514858 -0.03068311463745764 0.042984608693542023 0.042511256786003732 0.0026445751313471447 0.047223532619798579 -0.049744782919788628 0.33926875486157015 0.03562069545925562 -0.014360825849610587 0.037476595027572703 -0.01941371397448869
leaf_weight=25.682695234194398 84.185803325846791 739.6875933483243 8.6928174700588006 40.735740995034575 44.702223971486092 781.67687781900167 143.87065259367228 111.44699527695775 64.814857257530093 287.3318088799715 67.885503198951483 9.9002483990043384 55.88303997553885 91.390515582635999 121.70581879280508 174.22387206554413 110.73658099025488 165.49496364966035 18.678936723619699 36.796386078000069 33.753039302304387 23.450036287307739 705.43486239388585 6.3743350263684979 110.16590498201549 0.88687481731176365 63.771487085148692 47.716178139671683 21.430789286270738 48.645314468070865
leaf_count=735 910 37368 240 1424 503 42553 1820 2368 2819 7280 986 112 2310 680 2470 4810 1899 2098 135 539 386 647 4634 163 5379 14 2201 336 604 1544
internal_value=-0.000250959 -0.02067 -0.0304755 0.028625 -0.0104637 0.0378196 0.00642981 -0.0129238 0.0106795 -0.0295225 -0.0325797 0.0288835 0.0198227 -0.000950059 0.017809 0.0148848 0.0103252 0.0226192 0.000537762 -0.000584716 0.0126221 0.00369813 0.000992343 -0.048052 -0.035061 0.0828936 0.0162397 -0.0141027 0.0017052 -0.0404541
internal_weight=4247.15 2487.89 1701.3 1759.26 795.536 1163.26 421.726 156.149 596.008 373.81 355.217 18.5931 381.579 301.926 265.576 325.696 284.96 294.081 786.593 767.914 148.594 114.841 742.231 905.76 166.072 7.26121 229.266 153.333 69.147 158.811
internal_count=129967 66290 60247 63677 15779 52996 7161 2871 10681 8618 8266 352 10443 3563 4290 8133 6709 7118 6043 5908 1713 1327 5173 44468 7100 177 4299 1850 940 6923
is_linear=0
shrinkage=0.05


Tree=68
num_leaves=31
num_cat=0
split_feature=9 8 2 9 13 11 8 12 9 8 12 12 4 4 4 12 13 2 4 5 12 4 0 0 0 13 8 4 10 10
split_gain=948.669 280.077 186.58 86.2612 88.6526 84.628 62.9957 54.4086 47.2762 31.4685 24.0791 19.5264 20.6 19.3754 19.2904 18.8838 16.7243 15.0817 15.0444 24.5582 20.6148 13.308 11.8124 11.6193 11.5431 12.0764 15.5917 11.1758 24.2307 11.0888
threshold=0.21240601688623431 24.575783729553226 78.629974365234389 0.056349206715822227 1.0000000180025095e-35 1.0000000180025095e-35 36.07402420043946 1.5000000000000002 0.3717105239629746 46.48268127441407 4.5000000000000009 1.5000000000000002 0.14434523880481723 0.44562648236751562 0.98275861144065868 1.5000000000000002 1.0000000180025095e-35 89.512962341308608 0.18808962404727939 1.0000000180025095e-35 1.5000000000000002 0.73401361703872692 0.82803469896316539 0.90371665358543407 0.42252655327320104 1.0000000180025095e-35 80.096618652343764 0.98275861144065868 1.0000000180025095e-35 1.5000000000000002
decision_type=2 2 2 2 2 2 2 2 2 2 2 2 2 2 2 2 2 2 2 2 2 2 2 2 2 2 2 2 2 2
left_child=1 17 7 -3 27 11 23 24 9 14 13 -4 -13 -10 -9 -8 -11 18 19 -1 -21 -20 -19 -6 -2 26 -26 -5 -29 -14
right_child=2 3 5 4 6 -7 15 8 10 16 -12 12 29 -15 -16 -17 -18 22 21 20 -22 -23 -24 -25 25 -27 -28 28 -30 -31
leaf_value=-0.047919434687043162 0.04653238287319169 -0.050843501297690531 0.045038498157015716 -0.047078493887280304 0.021894895104513992 0.047370281753233642 0.015030407203567837 -0.0073315085981204816 -0.010942230594894872 -0.046697445305529751 0.026463800489373159 0.02487039625341057 -0.00063989657080846965 0.011375500537894628 0.067213939830055566 -0.024457521516174457 -0.012671638976595187 0.05036785015287041 -0.032108383373882381 0.046836328139256887 -0.0046251522302925693 0.067281866005093879 0.0022285609757524642 0.065395650633218311 -0.019878697317090993 0.038908300403293843 0.040480128397469256 0.10036483205208897 -0.031859806396573917 0.047469559967518699
leaf_weight=22.267573503777385 71.384763402864337 705.42473868466914 74.351774744689465 258.69787592440844 37.142399154603481 681.69617090560496 37.031555773690343 25.614915775135159 181.06475355662405 87.530688444152474 122.29475751146674 323.18134767375886 151.91268809325993 210.08983073011041 13.125256292521952 165.96814811788499 61.478846579790115 13.046737706288694 84.347187353298068 27.553324971348047 66.257190797477961 3.508025385439395 547.75627359747887 26.163935232907534 29.638928925618529 42.051334446296096 16.743294455111027 3.9222272746264926 29.711282623931766 13.002646097913383
leaf_count=244 2786 37415 2702 10457 442 38936 440 580 2026 1800 3491 9877 3021 2684 95 3210 910 110 1057 210 597 21 3713 345 265 875 524 29 703 534
internal_value=-0.000371599 -0.0247703 0.0231421 -0.0392201 -0.0245425 0.0355252 -0.00367372 0.00524885 -0.00075169 -0.0222216 0.00709906 0.0211688 0.0175327 0.00104466 0.0179247 -0.0172541 -0.032659 -0.000885774 -0.0125297 -0.000715058 0.0104897 -0.0281398 0.00334849 0.0398734 0.0315761 0.0195032 0.00190994 -0.0435535 -0.0164402 0.00315326
internal_weight=4133.96 2028.8 2105.16 1264.06 558.637 1244.14 266.306 861.017 701.199 187.75 513.449 562.448 488.097 391.155 38.7402 203 149.01 764.736 203.933 116.078 93.8105 87.8552 560.803 63.3063 159.818 88.4336 46.3822 292.331 33.6335 164.915
internal_count=130099 58993 71106 53041 15626 55070 4437 16036 11586 3385 8201 16134 13432 4710 675 3650 2710 5952 2129 1051 807 1078 3823 787 4450 1664 789 11189 732 3555
is_linear=0
shrinkage=0.05


Tree=69
num_leaves=31
num_cat=0
split_feature=9 8 9 1 11 1 12 12 3 8 12 2 8 4 11 3 0 9 2 4 9 9 8 11 9 8 12 2 9 12
split_gain=872.373 186.323 241.627 103.411 81.5938 78.8755 65.3441 30.5035 25.6451 24.0734 21.5255 33.482 25.8745 18.4864 17.6699 16.9183 15.2311 14.7432 14.3194 13.3424 13.2575 12.8709 13.014 12.0427 11.8913 31.315 16.6148 10.3821 10.239 9.70596
threshold=0.33974359929561621 24.575783729553226 0.10172414034605028 48.52813911437989 1.0000000180025095e-35 75.716625213623061 1.5000000000000002 1.5000000000000002 91.922958374023452 43.108610153198249 2.5000000000000004 82.842723846435561 77.976760864257827 0.24283374845981601 1.0000000180025095e-35 47.690120697021491 0.47371079027652746 0.77097901701927196 64.075469970703139 0.65751880407333385 0.17519181966781619 0.81534090638160717 65.176864624023452 1.0000000180025095e-35 0.056349206715822227 30.202253341674808 4.5000000000000009 26.36544227600098 0.50757575035095226 4.5000000000000009
decision_type=2 2 2 2 2 2 2 2 2 2 2 2 2 2 2 2 2 2 2 2 2 2 2 2 2 2 2 2 2 2
left_child=1 18 24 7 10 6 9 27 -8 -4 -5 12 -12 15 20 16 -9 -13 19 -1 -7 22 -15 29 -3 26 -26 -2 -29 -20
right_child=3 2 5 4 -6 14 8 13 -10 -11 11 17 -14 21 -16 -17 -18 -19 23 -21 -22 -23 -24 -25 25 -27 -28 28 -30 -31
leaf_value=-0.027479477764954283 0.049741282984170493 -0.050788935235029947 0.037417820950127266 0.035627928879147966 0.047406201692229491 -0.011126805135301399 -0.035709808939315579 0.0059057734496822979 0.0030163048050761681 -0.0057551223903416554 -0.18770408476375189 0.010772856015398017 -0.015665654035888824 0.02721348921203794 0.038009088906067828 0.020258290747326227 -0.044719044800438618 0.038495097862255995 -0.00069649384809937877 0.064098553584834336 0.016688974959793417 0.0242974718305904 -0.0022351558929391015 0.071352043174895061 0.037747302763931241 -0.040311721831880823 0.26411090082493638 -0.032060374193187142 0.036011059822237623 0.014276314301259181
leaf_weight=61.656804636120796 55.120297665707767 675.74727650545537 48.232466951012611 157.6778628975153 663.67672571912408 66.80186802148819 335.78833025321364 21.846886582672596 48.986690925434232 97.680768627673388 3.4995048120617849 260.28712626546621 5.8208687659353018 46.008698001503944 59.503662057220936 24.02875991165638 46.440087042748928 58.79245863109827 564.1466569583863 4.2515713665634385 119.40849955566227 101.82812238298357 203.25378212705255 6.3487073592841616 6.0152993351221076 149.03475569747388 0.93688540160655964 8.9432860575616377 14.449591508135198 133.93201964907348
leaf_count=1006 2471 37627 656 5331 40026 916 8866 147 641 1266 35 7391 134 367 1614 342 327 2586 3618 29 1871 2216 1888 48 150 6959 13 136 389 1290
internal_value=-5.1161e-05 -0.0195053 -0.0291911 0.0276284 0.0360071 -0.00913108 -0.0199752 0.00917065 -0.0307795 0.00851594 0.0204431 0.0131522 -0.0802606 0.00408422 0.0142898 -0.0158256 -0.0285228 0.0158809 0.000714425 -0.021572 0.00671023 0.0093193 0.00320045 0.00279961 -0.0479165 -0.0354731 0.0682524 0.0378965 0.0099868 0.00217616
internal_weight=4050.15 2378.47 1608.14 1671.67 1149.75 776.402 530.688 521.92 384.775 145.913 486.078 328.4 9.32037 443.406 245.714 92.3157 68.287 319.08 770.336 65.9084 186.21 351.091 249.262 704.427 831.734 155.987 6.95218 78.5132 23.3929 698.079
internal_count=130356 66570 60579 63786 55503 15830 11429 8283 9507 1922 15477 10146 169 5287 4401 816 474 9977 5991 1035 2787 4471 2255 4956 44749 7122 163 2996 525 4908
is_linear=0
shrinkage=0.05


Tree=70
num_leaves=31
num_cat=0
split_feature=9 8 1 9 13 11 4 8 8 10 1 9 1 13 8 9 8 13 8 4 10 2 9 7 2 2 0 4 8 2
split_gain=782.766 284.103 178.567 86.1984 85.1871 83.8317 51.3966 45.8504 31.6686 28.0602 25.8975 21.0908 19.0246 17.2847 21.8839 16.149 18.0902 16.6167 15.001 13.5252 20.9293 12.7823 12.752 23.1949 15.0322 12.4174 8.6785 7.68966 7.11624 8.86034
threshold=0.21240601688623431 24.575783729553226 59.317129135131843 0.056349206715822227 1.0000000180025095e-35 1.0000000180025095e-35 0.57735043764114391 36.07402420043946 72.982837677001967 1.5000000000000002 55.217784881591804 0.77525252103805553 43.288288116455085 1.0000000180025095e-35 98.08304595947267 0.80476191639900219 45.910001754760749 1.0000000180025095e-35 42.022895812988288 0.98275861144065868 1.0000000180025095e-35 92.031745910644545 0.042572464793920524 1.0000000180025095e-35 58.123168945312507 32.071428298950202 0.85643821954727184 0.5604878067970277 65.176864624023452 89.725547790527358
decision_type=2 2 2 2 2 2 2 2 2 2 2 2 2 2 2 2 2 2 2 2 2 2 2 2 2 2 2 2 2 2
left_child=1 22 6 -3 19 11 8 21 9 18 -9 13 25 14 -4 16 -8 -18 -2 -5 -21 -6 23 -1 -25 -10 -15 -24 29 -7
right_child=2 3 5 4 7 28 15 10 12 -11 -12 -13 -14 26 -16 -17 17 -19 -20 20 -22 -23 27 24 -26 -27 -28 -29 -30 -31
leaf_value=-0.047858342088072263 0.027464925933608993 -0.050733583251752014 0.00049985212357972052 -0.046893532590402999 0.014318618394291219 0.0023908685475212835 0.050032149888903234 -0.037493395199628181 0.0042778144414341761 0.037028617460894378 -0.00022151361043047158 0.042855769978463631 0.027619530038985797 0.050079301816503496 0.049897386024496504 0.035228539809921404 -0.0044067477870923253 0.021029907561794237 -0.037967750646542953 0.097662019657582699 -0.027132204030284518 0.060585924574583949 0.020063888992369282 -0.032497116935016057 0.002911455403612039 -0.02194435635426038 0.02132890697838909 0.090119568271256861 0.04761406070128342 0.042548000531238743
leaf_weight=24.728725794702768 9.3724475186318141 638.9865836109966 207.25533185340464 242.89938253909349 32.806187156587839 19.928223197348416 26.455331722274423 75.476253718137741 119.75138024613261 15.550584733486174 121.83898388966918 84.087893065065145 55.520501395687461 29.594280164688826 25.140641136094928 86.882826182991266 147.79263282567263 113.5197872640565 133.89994400553405 3.795249715447425 29.278145393356681 27.39234715513885 12.389186754822733 31.32544158026576 694.76811676099896 72.46898184157908 232.13949835859239 5.7281008008867493 585.41224835813046 44.207738796249032
leaf_count=751 170 37378 4474 10499 390 380 396 2007 831 196 1637 3937 1510 857 773 3502 2471 2215 2651 29 698 368 95 478 4634 588 6708 33 37613 1921
internal_value=-0.000215407 -0.0228564 0.0216641 -0.0383461 -0.0235089 0.0335548 0.00297638 -0.00282517 -0.00933484 -0.0267634 -0.0144786 0.0197072 0.00183837 0.0157679 0.00584369 0.0163363 0.0106323 0.00664349 -0.0336873 -0.0428091 -0.0128118 0.0353718 0.000762236 -0.000237974 0.00138384 -0.0056082 0.0245797 0.0422132 0.0458818 0.0300704
internal_weight=3950.39 1941.41 2008.98 1172.47 533.487 1227.77 781.214 257.514 406.564 158.823 197.315 578.218 247.741 494.13 232.396 374.651 287.768 261.312 143.272 275.973 33.0734 60.1985 768.94 750.822 726.094 192.22 261.734 18.1173 649.548 64.136
internal_count=130190 58997 71193 53006 15628 56663 14530 4402 5946 3017 3644 16749 2929 12812 5247 8584 5082 4686 2821 11226 727 758 5991 5863 5112 1419 7565 128 39914 2301
is_linear=0
shrinkage=0.05


Tree=71
num_leaves=31
num_cat=0
split_feature=9 8 3 11 9 13 8 1 1 13 9 5 1 8 9 9 9 8 9 7 2 1 2 13 1 10 3 0 9 8
split_gain=718.416 284.04 187.532 83.9303 82.3932 78.4647 49.6744 42.2101 59.5156 46.9629 26.6479 23.6733 20.4708 18.4633 27.7459 15.2453 15.2248 24.4883 14.5108 20.6965 14.6674 13.5278 12.4888 10.875 6.72111 15.7638 5.86088 7.69671 4.68831 4.44951
threshold=0.21240601688623431 24.575783729553226 81.302967071533217 1.0000000180025095e-35 0.059714796021580703 1.0000000180025095e-35 36.07402420043946 70.396453857421889 1.0000000180025095e-35 1.0000000180025095e-35 0.44097222387790685 1.0000000180025095e-35 55.217784881591804 46.759708404541023 0.61721614003181469 0.94868421554565441 0.45643940567970281 92.071350097656264 0.042572464793920524 1.0000000180025095e-35 57.83625793457032 87.585617065429702 99.397590637207045 1.0000000180025095e-35 1.0000000180025095e-35 1.0000000180025095e-35 89.417694091796889 0.8946807086467744 0.35504202544689184 64.208858489990249
decision_type=2 2 2 2 2 2 2 2 2 2 2 2 2 2 2 2 2 2 2 2 2 2 2 2 2 2 2 2 2 2
left_child=1 18 7 11 -3 24 22 8 13 10 -10 -4 -8 28 -15 -11 21 -18 19 -1 -21 -13 -7 -22 25 -6 -20 -28 -2 -26
right_child=2 4 3 -5 5 6 12 -9 9 15 -12 16 -14 14 -16 -17 17 -19 26 20 23 -23 -24 -25 29 -27 27 -29 -30 -31
leaf_value=-0.045547823151456009 0.073824392178738096 -0.050607165613147612 0.044995299460696997 0.04640104984087793 0.088236290113010818 0.015028039407737868 -0.037054326944452563 0.042769947283585241 -0.045378382486750718 0.00053131832048293221 -0.012629040110755725 -0.013489381920385977 -0.0037246943369915828 0.00026698757598293902 0.038526384129725588 0.039164610202535019 0.033367137851935333 0.0030632164361060745 0.0097805723431427585 -0.033349123415271631 -0.0019803197693188325 0.014414467520732608 0.060510011130135946 0.010793004327813539 -0.046736602225144259 -0.032719063816487946 0.13016535017877739 0.03950180151195512 0.0099821345716579329 0.017011750001371777
leaf_weight=24.004369080066681 18.776113820262257 615.67690438963473 78.440064750611782 609.08308298327029 2.9709834456443813 33.663732189685106 73.701912224292755 59.150681691244245 100.76692268438637 230.03200789261609 161.93756448477507 68.290621275082231 122.87746686674654 115.90918306354433 80.158936768770218 28.724647493101656 186.48450485803187 103.75732143130153 6.5960059762001046 28.760892767459154 420.01130014657974 119.33682439662516 27.360361652448773 276.21993090212345 224.70091819018126 28.863437291234732 3.5228541921824217 6.9769830033183098 3.3957563210278741 2.7710042353719464
leaf_count=763 271 37743 2562 39558 27 386 1977 2330 2295 2926 1922 1027 1630 1598 3180 358 6357 3762 45 457 2717 2981 347 1920 10236 726 19 54 43 23
internal_value=-0.000413342 -0.022345 0.0207863 0.0335774 -0.0382502 -0.0235322 -0.00398745 0.00212622 -0.00112388 -0.010299 -0.0251909 0.0195371 -0.0162207 0.0207992 0.0159087 0.00482001 0.0153583 0.0225339 0.00116913 0.000129492 0.00164186 0.00425832 0.03542 0.00308732 -0.0429486 -0.0214308 0.0467172 0.0699208 0.0640466 -0.04596
internal_weight=3862.92 1898.68 1964.24 1165.39 1132.59 516.91 257.603 798.852 739.701 521.461 262.704 556.309 196.579 218.24 196.068 258.757 477.869 290.242 766.092 748.996 724.992 187.627 61.0241 696.231 259.306 31.8344 17.0958 10.4998 22.1719 227.472
internal_count=130240 59070 71170 56247 53095 15352 4340 14923 12593 7501 4217 16689 3607 5092 4778 3284 14127 10119 5975 5857 5094 4008 733 4637 11012 753 118 73 314 10259
is_linear=0
shrinkage=0.05


Tree=72
num_leaves=31
num_cat=0
split_feature=9 8 2 9 11 13 12 13 9 8 0 2 8 12 4 0 2 12 4 4 12 9 9 9 4 10 0 13 5 2
split_gain=708.771 236.258 155.74 89.4159 84.1687 79.6271 45.8806 38.9481 40.0997 37.1365 24.9743 22.6592 22.1141 18.962 20.5295 17.6498 20.8049 17.4107 11.6763 12.079 11.6133 10.7125 10.6727 10.6499 10.6242 20.6884 9.27734 11.4497 8.37802 21.6937
threshold=0.21240601688623431 24.575783729553226 78.346122741699233 0.056349206715822227 1.0000000180025095e-35 1.0000000180025095e-35 1.5000000000000002 1.0000000180025095e-35 0.43167701363563543 39.182224273681648 0.36442859470844274 41.223155975341804 59.277870178222663 1.5000000000000002 0.13423423469066623 0.66671696305274974 24.316333770751957 1.5000000000000002 0.20227272808551791 0.37965516746044164 3.5000000000000004 0.75499999523162853 0.78759399056434642 0.67424243688583385 0.98275861144065868 1.0000000180025095e-35 0.41036629676818853 1.0000000180025095e-35 1.0000000180025095e-35 92.031745910644545
decision_type=2 2 2 2 2 2 2 2 2 2 2 2 2 2 2 2 2 2 2 2 2 2 2 2 2 2 2 2 2 2
left_child=1 18 6 -3 13 24 23 8 10 17 -8 -10 -11 -4 21 16 -9 -7 28 -20 -21 -15 -16 26 -5 -26 -2 -28 29 -1
right_child=2 3 4 5 -6 9 7 15 11 12 -12 -13 -14 14 22 -17 -18 -19 19 20 -22 -23 -24 -25 25 -27 27 -29 -30 -31
leaf_value=-0.04513287489655754 0.04112941281376678 -0.050804310386164099 0.043603908688628221 -0.045916179288583672 0.046538914089843432 0.064902144043837914 -0.0068530763515335076 0.021422084376254969 -0.008329444212721528 -0.022995501886499375 -0.050485013192073019 0.028102295997181632 0.032824736906587437 0.019052978705179236 -0.0038415223303920488 0.034100809487100148 -0.0084546443877817675 0.011863714849888858 -0.019661892903260366 -0.0055111589904132223 0.033886669222363677 0.045516037796834316 0.035686542054600333 0.051473042149393848 0.093545750903430924 -0.030060227886345027 -0.0099378021182999626 0.030943899155090132 0.0050766433766146497 0.045112231035858263
leaf_weight=24.614447750151157 38.289533359929919 578.0287721036002 67.795802974142134 219.22389050479978 573.72625712770969 20.007894610986114 53.899146242067218 109.48812378197908 170.55762721784413 146.36871848255396 83.765727935358882 56.924686009995639 20.190437885001302 256.1904882080853 142.11043631285429 70.235592839308083 124.55971155874431 68.267779227346182 140.69476300291717 102.43725590966642 22.883156087249517 44.9531279373914 19.408851772546768 40.707596259191632 3.8669343218207386 27.175447436049581 34.426757375709713 34.08229230903089 469.24013341590762 9.1290551200509054
leaf_count=268 1436 37293 2711 10388 39091 224 444 1357 2006 2948 2185 2029 211 7656 2796 2129 1337 1071 1198 822 122 2233 903 1946 33 691 417 650 3541 73
internal_value=-0.000257804 -0.022328 0.0210198 -0.0373751 0.033265 -0.0220069 0.00446902 -0.00109314 -0.0121026 -0.00233332 -0.033402 0.000787156 -0.0162289 0.0189085 0.0152897 0.0121185 0.00552176 0.023885 -0.00113441 -0.00960637 0.00168277 0.0230032 0.00090834 0.0297119 -0.0420396 -0.0146627 0.0214173 0.0104003 0.00334618 -0.0207177
internal_weight=3773.25 1852.13 1921.12 1083.13 1104.18 505.101 816.937 669.431 365.147 254.835 137.665 227.482 166.559 530.459 462.663 304.283 234.048 88.2757 768.999 266.015 125.32 301.144 161.519 147.506 250.266 31.0424 106.799 68.509 502.984 33.7435
internal_count=130209 58883 71326 52859 55390 15566 15936 11487 6664 4454 2629 4035 3159 16299 13588 4823 2694 1295 6024 2142 944 9889 3699 4449 11112 724 2503 1067 3882 341
is_linear=0
shrinkage=0.05


Tree=73
num_leaves=31
num_cat=0
split_feature=9 8 3 9 11 13 1 3 13 8 9 1 5 9 2 9 8 8 8 2 13 1 1 10 2 2 3 9 5 9
split_gain=630.402 248.33 137.736 89.9258 84.4237 72.0636 39.3699 52.0587 43.2726 39.0429 34.0186 23.8356 21.8765 15.3959 14.8952 13.7781 28.8994 13.3651 23.3159 12.4276 9.60893 9.46986 8.48663 12.7458 7.70918 7.02839 10.0536 7.02806 6.52821 5.16867
threshold=0.21240601688623431 24.575783729553226 83.795948028564467 0.059714796021580703 1.0000000180025095e-35 1.0000000180025095e-35 71.33072662353517 24.121212005615238 1.0000000180025095e-35 36.07402420043946 0.44097222387790685 78.319625854492202 1.0000000180025095e-35 0.94868421554565441 91.331184387207045 0.61721614003181469 52.788888931274421 98.08304595947267 93.002056121826186 58.397436141967781 1.0000000180025095e-35 90.787876129150405 1.0000000180025095e-35 1.0000000180025095e-35 19.433517456054691 89.512962341308608 99.425289154052749 0.045983087271451957 1.0000000180025095e-35 0.042572464793920524
decision_type=2 2 2 2 2 2 2 2 2 2 2 2 2 2 2 2 2 2 2 2 2 2 2 2 2 2 2 2 2 2
left_child=1 19 6 -3 12 22 7 15 10 14 -9 -11 21 -10 -7 16 -2 18 -14 27 25 -4 23 -5 -17 28 -27 -1 -21 -22
right_child=2 3 4 5 -6 9 -8 8 13 11 -12 -13 17 -15 -16 24 -18 -19 -20 20 29 -23 -24 -25 -26 26 -28 -29 -30 -31
leaf_value=-0.035709328782790477 0.04512132754495813 -0.050500734842774425 0.050692002867766796 0.076217121511206798 0.045936522495117593 0.0095920022245306186 0.039331009681871407 -0.045442248131923414 0.0027881957691472665 -0.027748818552243967 -0.0078784895159330955 0.0082568512932950037 0.016261887213703249 0.042844879190134744 0.059350715763733602 0.039117725053798617 -0.0029185926175029908 0.046468762037513704 -0.017224642167645878 -0.035427658093422035 0.0078823114211228756 -0.0043896635217998128 -0.044508351910135677 -0.027553360261750717 -0.080691360092655554 0.030356037302297759 -0.0015788837413559097 0.023973013997814801 -0.0066242918527622333 0.043556806616758641
leaf_weight=33.109446136280894 45.031952202320099 558.69459604658186 61.329868838191032 3.3057776056230095 544.17620740272105 32.802457015030086 74.823257333599031 97.438149814493954 219.07663187012076 117.0671420507133 158.01772599294782 75.678823607042432 358.52420080080628 26.937547223642468 27.775000566616654 81.930638174526393 102.70632530748844 29.063118505291641 60.796591199934483 26.223243817687035 283.19295285828412 8.9406806854531151 208.28762450069189 28.216737668961287 1.3650382477790106 26.866995424032211 297.99495398253202 5.7962186839431515 78.742344284430146 10.530766984447835
leaf_count=631 641 37775 2125 29 38730 380 3207 2295 2974 2638 2035 965 10435 345 359 3303 1383 1058 2169 307 2208 356 10182 721 12 212 1744 39 761 80
internal_value=-1.79611e-05 -0.021016 0.0203528 -0.0367655 0.032179 -0.0212043 0.00478372 0.00125481 -0.00779266 -0.00260733 -0.0222064 -0.0136117 0.0177446 0.00717424 0.0324066 0.0208928 0.0117244 0.0136794 0.0114067 0.000710826 0.00219105 0.0436838 -0.0408492 -0.0166709 0.0371543 -0.00257211 0.00106222 -0.0268178 -0.0138202 0.00916134
internal_weight=3684.44 1814.29 1870.16 1051.83 1062.83 493.134 807.327 732.504 501.47 253.323 255.456 192.746 518.654 246.014 60.5775 231.034 147.738 448.384 419.321 762.457 723.551 70.2705 239.81 31.5225 83.2957 429.828 324.862 38.9057 104.966 293.724
internal_count=130099 59031 71068 53049 54873 15274 16195 12988 7649 4342 4330 3603 16143 3319 739 5339 2024 13662 12604 5982 5312 2481 10932 750 3315 3024 1956 670 1068 2288
is_linear=0
shrinkage=0.05


Tree=74
num_leaves=31
num_cat=0
split_feature=8 13 7 3 12 12 12 1 10 7 8 1 12 4 12 10 1 12 12 4 1 2 10 12 10 10 4 4 3 0
split_gain=549.458 134.586 109.424 92.7361 88.709 43.916 38.8155 37.8834 35.1201 22.3528 22.2714 27.4984 22.2678 25.4117 21.1293 17.4447 17.1047 14.9154 12.9252 12.3545 20.167 12.2528 11.6157 11.5351 9.50688 8.82056 8.5239 9.03708 8.4703 7.82965
threshold=67.873523712158217 1.0000000180025095e-35 1.0000000180025095e-35 25.403225898742679 6.5000000000000009 1.5000000000000002 4.5000000000000009 48.52813911437989 1.0000000180025095e-35 1.0000000180025095e-35 51.225519180297859 78.830558776855483 2.5000000000000004 0.037749288603663451 1.5000000000000002 1.5000000000000002 78.319625854492202 3.5000000000000004 4.5000000000000009 0.98275861144065868 61.620294570922859 27.842377662658695 1.0000000180025095e-35 2.5000000000000004 1.0000000180025095e-35 1.0000000180025095e-35 0.32200460135936743 0.24283374845981601 86.72955703735353 0.4524331688880921
decision_type=2 2 2 2 2 2 2 2 2 2 2 2 2 2 2 2 2 2 2 2 2 2 2 2 2 2 2 2 2 2
left_child=1 2 3 17 7 19 9 14 12 15 22 -12 -9 -14 -2 -7 -8 25 21 20 28 -16 -5 -4 -18 -1 27 -25 -3 -6
right_child=4 5 23 10 29 6 16 8 -10 -11 11 -13 13 -15 18 -17 24 -19 -20 -21 -22 -23 -24 26 -26 -27 -28 -29 -30 -31
leaf_value=0.073005916242335406 0.032990609487259785 -0.004998110721147522 -0.014282449511327565 -0.049033792559402101 -0.15783265467726088 -0.019567120260344698 -0.020162668836901695 0.033187798389728386 0.038743780981507443 0.0032169448108443476 -0.037883930704943919 0.0097267031199354814 0.019061576691481799 -0.013596593239075715 0.0051858622403425647 0.036139906748557805 0.016252337247311774 -0.021988382283637566 0.020399802138083345 0.064119787412066073 0.046091275026640205 -0.015733199982058046 -0.02998679762889396 0.0016009330582562665 0.046494833769155676 0.013045031061460464 0.024496251260919231 -0.033335615666247376 0.034053142852154709 0.047168942232753572
leaf_weight=6.6855783453211179 61.134325983002782 59.3148502279073 192.93627970665693 522.9417984969914 0.46640822850167651 386.0709296008572 24.274250051937997 116.69950207788497 272.81828149873763 191.80619476735592 109.83584809768945 41.895891495980322 158.68511856719851 95.35964148491621 168.57244104333222 14.584345882758496 81.772081437520683 32.760882774367929 70.376331116072834 17.904071454890072 45.479605185799301 119.70708127785474 94.511492426507175 189.5958583317697 38.091102669946849 74.258423510938883 36.082094810903072 20.512713320553303 18.130015045404434 338.2771768886596
leaf_count=158 2570 1265 1656 35122 8 12087 521 3914 17288 1116 2829 920 5358 1946 1973 363 1429 449 1451 425 932 1075 4270 1190 1588 1332 166 108 307 26296
internal_value=0.000143741 -0.0154491 -0.0255254 -0.0356703 0.024604 -0.000267209 -0.0051583 0.0175055 0.0251277 -0.0108196 -0.0419007 -0.0247378 0.015108 0.00680283 0.00582038 -0.0175393 0.0181118 0.00647669 0.00118911 0.0253155 0.0196636 -0.00350071 -0.0461183 -0.00512836 0.025863 0.0179975 0.00204558 -0.00180989 0.00414387 0.0468867
internal_weight=3601.54 2199.44 1322.02 882.89 1402.1 877.427 736.599 1063.35 643.563 592.461 769.185 151.732 370.744 254.045 419.79 400.655 144.137 113.705 358.656 140.829 122.924 288.28 617.453 439.127 119.863 80.944 246.191 210.109 77.4449 338.744
internal_count=130112 68233 48200 45080 61879 20033 17104 35575 28506 13566 43141 3749 11218 7304 7069 12450 3538 1939 4499 2929 2504 3048 39392 3120 3017 1490 1464 1298 1572 26304
is_linear=0
shrinkage=0.05


Tree=75
num_leaves=31
num_cat=0
split_feature=8 8 13 12 0 12 4 3 10 13 1 11 10 3 2 8 1 4 4 8 12 2 10 10 11 12 12 12 13 4
split_gain=494.73 131.768 113.939 98.837 86.2518 42.584 42.4491 32.7129 46.761 32.3845 24.4984 22.8228 21.0758 15.842 16.4648 15.4223 22.3838 14.2879 13.3307 11.8967 10.9988 10.9211 10.9196 10.3284 10.0697 9.54679 9.34372 8.20031 14.3195 8.51343
threshold=64.208858489990249 24.575783729553226 1.0000000180025095e-35 5.5000000000000009 0.42252655327320104 1.5000000000000002 0.98275861144065868 69.631092071533217 1.0000000180025095e-35 1.0000000180025095e-35 72.377109527587905 1.0000000180025095e-35 1.0000000180025095e-35 49.675325393676765 24.316333770751957 51.225519180297859 78.08689117431642 0.43534001708030706 0.10582306981086732 33.413078308105476 2.5000000000000004 64.075469970703139 1.0000000180025095e-35 1.5000000000000002 1.0000000180025095e-35 1.5000000000000002 1.5000000000000002 1.5000000000000002 1.0000000180025095e-35 0.15047170221805575
decision_type=2 2 2 2 2 2 2 2 2 2 2 2 2 2 2 2 2 2 2 2 2 2 2 2 2 2 2 2 2 2
left_child=1 21 4 5 19 -2 7 26 -9 10 17 18 -12 14 -11 23 -17 -7 -5 -3 -8 25 -21 -6 -15 -1 -4 28 -23 -29
right_child=3 2 6 11 15 9 20 8 -10 13 12 -13 -14 24 -16 16 -18 -19 -20 22 -22 27 -24 -25 -26 -27 -28 29 -30 -31
leaf_value=-0.00021787091198933854 0.040201010695441179 0.08177395115209031 -0.010522476653619925 0.02653543461563378 -0.047056593686262034 -0.02358523675919828 0.060938231086549922 -0.01608216829380715 0.021927555486839168 0.022760645487693784 0.0030358125544180919 0.046787986034666523 0.039513043991972731 0.019290137201971362 -0.010548421685861863 -0.040411671352884052 0.0076098634260718685 0.00060418457941314237 -0.030377738951214591 0.067029439752986281 0.0040780891543578113 0.0044549580440917296 -0.0024388865427890771 0.030862433771360654 0.0386971129512979 -0.039946100657346051 -0.039639915328502244 0.0052919401183670308 0.047335563214189171 -0.007152969659200769
leaf_weight=31.992449535056949 135.49059618636966 4.8614562777802339 38.176867143251002 41.416965241543949 569.61793078668416 107.31953193526715 27.088485486805439 231.49752043373883 124.39674617536366 76.215821174904704 130.37660754285753 387.20717534329742 56.872116616927087 174.779301087372 72.287400804460049 84.919682139530778 33.974671401083469 141.58134805504233 13.689727283082901 6.0149629926308981 12.397306531667708 67.816939836367965 95.007606527768075 4.2848928999155751 108.23161541949958 28.6754434928298 98.998947633430362 396.24256403092295 27.309112129732966 210.3904521074146
leaf_count=495 6265 73 948 1583 38657 1371 509 8630 3187 1029 3789 30865 3691 5524 436 2457 634 2878 345 153 112 492 1925 112 5638 527 3304 2876 259 1377
internal_value=0.000314796 -0.0152182 -0.024711 0.0228134 -0.0366557 0.0141316 -0.00679743 -0.0107922 -0.00279652 0.0100607 0.000452538 0.0425033 0.0141149 0.0197722 0.00654668 -0.0430793 -0.0266893 -0.00982566 0.0123969 0.00537387 0.0430859 0.00135665 0.00169731 -0.0464748 0.0267119 -0.0189959 -0.0315364 0.00311615 0.0167653 0.000975838
internal_weight=3539.13 2093.66 1331.24 1445.47 798.681 1003.15 532.556 493.07 355.894 867.664 436.15 442.314 187.249 431.514 148.503 692.797 118.894 248.901 55.1067 105.884 39.4858 762.427 101.023 573.903 283.011 60.6679 137.176 701.759 95.1261 606.633
internal_count=130141 66727 60701 63414 44011 30621 16690 16069 11817 24356 11729 32793 7480 12627 1465 41860 3091 4249 1928 2151 621 6026 2078 38769 11162 1022 4252 5004 751 4253
is_linear=0
shrinkage=0.05


Tree=76
num_leaves=31
num_cat=0
split_feature=9 8 12 9 13 3 12 8 13 5 0 11 1 9 13 0 8 9 13 12 12 1 0 12 9 4 12 12 12 3
split_gain=500.804 235.879 130.307 86.8648 62.915 53.5178 48.1603 35.8354 29.983 29.3402 25.7662 24.1165 20.3902 18.0519 22.5161 14.1316 12.2137 10.8911 10.6404 11.0247 11.8857 10.4577 16.1076 10.4482 9.49409 9.4387 13.3881 8.83497 9.92034 8.62953
threshold=0.21240601688623431 24.575783729553226 5.5000000000000009 0.059714796021580703 1.0000000180025095e-35 85.215545654296889 1.5000000000000002 36.07402420043946 1.0000000180025095e-35 1.0000000180025095e-35 0.43343253433704382 1.0000000180025095e-35 55.217784881591804 0.78759399056434642 1.0000000180025095e-35 0.90371665358543407 42.891986846923835 0.5577777922153474 1.0000000180025095e-35 2.5000000000000004 1.5000000000000002 82.426471710205092 0.93045547604560863 1.5000000000000002 0.67424243688583385 0.98275861144065868 1.5000000000000002 4.5000000000000009 3.5000000000000004 30.940170288085941
decision_type=2 2 2 2 2 2 2 2 2 2 2 2 2 2 2 2 2 2 2 2 2 2 2 2 2 2 2 2 2 2
left_child=1 18 5 -3 25 6 24 15 10 -7 -8 17 -9 14 -11 -6 -10 21 19 20 -1 22 -4 -20 29 -5 -27 28 -25 -2
right_child=2 3 11 4 7 9 8 12 16 13 -12 -13 -14 -15 -16 -17 -18 -19 23 -21 -22 -23 -24 27 -26 26 -28 -29 -30 -31
leaf_value=0.0019735392648540825 0.040931268949635523 -0.050375910470780084 0.024058047426890428 -0.044221782369815631 0.011060314736903418 0.044014271930952982 0.0027874662751878037 -0.035654185481499748 0.058988593579224792 -0.0015130879607217519 -0.025069691980014602 0.046611165550453325 -0.0013061987284479814 0.041781813224577559 0.023427781085275639 0.061344994965002175 0.0062855668510887822 0.037329628593770717 0.032515336031443971 0.0037125494179678208 -0.022464878745596141 0.0013051391740687554 -0.23516253785199037 0.0091410740635017567 0.051278865224073933 0.029922092821815682 -0.040332489299179174 0.022302325980020608 -0.012978684516877094 0.010580960975899374
leaf_weight=87.010404627770185 36.15091360732913 492.82420539483428 1.1847441792488091 184.1549952859059 34.516519914381206 124.92014218214899 141.18586079217494 67.084488259628415 11.459247195161877 163.59606810379773 201.44046682678163 388.0603397237137 121.39578201435506 60.420992841944098 202.50785502512008 23.474157499149442 270.20713152363896 24.659107772633433 39.985668251290917 247.72174135968089 116.19132631644607 31.162548668682575 1.2127119842916725 127.95571158453822 35.456282299943268 11.000732656568291 17.679518204182386 58.678873868659139 83.939751146361232 66.509962418116629
leaf_count=906 1467 37813 18 10169 404 6696 2058 2002 140 4489 3976 31915 1625 3729 7530 310 4102 1023 346 1550 1119 907 24 902 1964 92 621 641 574 1156
internal_value=3.42671e-05 -0.0192064 0.0187664 -0.0357962 -0.0201525 0.0108376 0.00225531 -0.00295623 -0.00365554 0.0227032 -0.0135906 0.0421092 -0.0135314 0.0164616 0.0122828 0.0314151 0.00842972 0.0121009 0.00153677 -0.00336826 -0.0120004 -0.00643654 -0.107064 0.00865871 0.0289725 -0.0400665 -0.0133853 0.00513316 0.000378607 0.0212685
internal_weight=3473.75 1713.61 1760.13 952.13 459.306 1313.85 762.41 246.471 624.293 551.445 342.626 446.279 188.48 426.525 366.104 57.9907 281.666 58.2191 761.483 450.923 203.202 33.56 2.39746 310.56 138.117 212.835 28.6803 270.574 211.895 102.661
internal_count=130268 59074 71194 53036 15223 37307 14863 4341 10276 22444 6034 33887 3627 15748 12019 714 4242 1972 6038 3575 2025 949 42 2463 4587 10882 713 2117 1476 2623
is_linear=0
shrinkage=0.05


Tree=77
num_leaves=31
num_cat=0
split_feature=9 7 9 12 13 3 4 12 1 10 1 9 3 12 11 9 9 0 13 9 13 12 0 4 3 0 12 4 1 10
split_gain=500.05 112.388 205.927 84.1148 65.618 38.9898 46.0316 34.8722 31.9162 32.3617 21.9294 26.0906 25.9461 21.0102 19.8151 19.7227 18.3136 17.8863 16.2355 15.5692 20.8946 18.559 14.4868 11.7624 11.2583 9.29669 12.8124 7.45333 7.02377 6.79744
threshold=0.3717105239629746 1.0000000180025095e-35 0.091966174542903914 5.5000000000000009 1.0000000180025095e-35 55.646631240844734 0.98275861144065868 1.5000000000000002 59.317129135131843 1.0000000180025095e-35 75.716625213623061 0.16064515709877017 25.403225898742679 1.5000000000000002 1.0000000180025095e-35 0.41421568393707281 0.78759399056434642 0.4524331688880921 1.0000000180025095e-35 0.050641026347875602 1.0000000180025095e-35 4.5000000000000009 0.95790389180183422 0.20227272808551791 74.788135528564467 0.92633250355720531 3.5000000000000004 0.31311275064945226 79.118217468261733 1.5000000000000002
decision_type=2 2 2 2 2 2 2 2 2 2 2 2 2 2 2 2 2 2 2 2 2 2 2 2 2 2 2 2 2 2
left_child=1 2 19 7 10 6 -6 -2 17 16 12 -12 -4 -7 15 22 -10 29 -19 -1 -21 -22 -5 -3 -25 26 -26 -17 -29 -9
right_child=3 23 4 14 5 13 -8 8 9 -11 11 -13 -14 -15 -16 27 -18 18 -20 20 21 -23 -24 24 25 -27 -28 28 -30 -31
leaf_value=-0.050202705301376473 0.040671259369234915 0.0051319686209395947 -0.0059841601045279389 -0.26406649345063404 -0.036563344870566741 0.046759640812568309 0.032865648421342035 0.0081451851220377975 0.005441946695948335 0.039662155794323473 -0.049614501233119696 0.01944235839072609 -0.039969915566539532 0.01059716032385574 0.047003746138406917 0.027174052281252289 0.046260278000467892 -0.018964478421301917 0.0065154955856542088 -0.049240664240740237 -0.014394467400873604 0.094338378864630368 -0.041050063030338792 -0.040370064009126516 -0.0044162991239131222 -0.019278029728002338 0.034657900553944403 0.053081763731870429 -0.14153815902456715 0.029411499246718716
leaf_weight=476.15658294875175 121.45594999473542 473.70192554965615 80.624576997943223 0.94080251455306907 86.3475874196738 48.085619367659092 32.99617572221905 123.82393417134881 213.82339993491769 158.70464243739843 18.453076633624732 52.852667144499719 185.06531903799623 243.86085837241262 353.5632949527353 40.831869575195014 31.531394300982356 124.27193342056125 125.81092143990099 57.895990082994103 43.748839232139289 4.3111234465613952 3.222013033926487 24.814806919544935 114.423424936831 72.798565670847893 25.689298190176487 0.724698251113295 1.2866935878992078 53.945204006507993
leaf_count=37411 6386 3390 1469 14 2184 731 520 1550 5668 10822 939 544 7547 4668 30991 1584 1635 1508 1681 4333 1430 76 103 421 737 403 132 21 37 1113
internal_value=0.000160169 -0.015464 -0.0240422 0.0237225 -0.00669195 0.00671055 -0.0173676 0.0156443 0.0119904 0.0220681 -0.0230492 0.00157127 -0.0296568 0.0165534 0.0429489 0.0124499 0.0106877 0.00247316 -0.00614609 -0.0463454 -0.0290109 -0.0046408 -0.0914521 0.000577492 -0.00849793 -0.00478323 0.00274785 0.0225454 -0.0714172 0.0145986
internal_weight=3395.76 2041.83 1330.4 1353.94 748.286 411.29 119.344 953.367 831.911 404.059 336.996 71.3057 265.69 291.946 400.569 47.0061 245.355 427.852 250.083 582.113 105.956 48.06 4.16282 711.428 237.726 212.911 140.113 42.8433 2.01139 177.769
internal_count=130048 66935 61852 63113 18602 8103 2704 30363 23977 18125 10499 1483 9016 5399 32750 1759 7303 5852 3189 43250 5839 1506 117 5083 1693 1272 869 1642 58 2663
is_linear=0
shrinkage=0.05


Tree=78
num_leaves=31
num_cat=0
split_feature=9 8 3 9 11 13 12 8 8 8 9 0 3 0 0 9 8 3 10 4 8 12 4 5 3 12 12 3 5 3
split_gain=451.577 207.928 115.554 87.3446 70.135 59.5278 39.3535 32.6226 29.9192 28.5878 23.4176 19.9557 17.0773 16.3199 13.4974 13.3427 16.2734 13.3019 11.906 11.5012 18.3642 10.5161 9.37732 14.5198 20.6054 16.475 14.647 14.0013 29.6271 9.01703
threshold=0.21240601688623431 24.575783729553226 85.215545654296889 0.056349206715822227 1.0000000180025095e-35 1.0000000180025095e-35 1.5000000000000002 40.431344985961921 80.096618652343764 42.891986846923835 0.35504202544689184 0.85427203774452221 71.937500000000014 0.67684677243232738 1.0000000180025095e-35 0.78759399056434642 92.193038940429702 91.476997375488295 1.0000000180025095e-35 0.98275861144065868 39.35298156738282 2.5000000000000004 0.13714733719825747 1.0000000180025095e-35 96.922348022460952 1.5000000000000002 4.5000000000000009 90.787876129150405 1.0000000180025095e-35 95.861873626708999
decision_type=2 2 2 2 2 2 2 2 2 2 2 2 2 2 2 2 2 2 2 2 2 2 2 2 2 2 2 2 2 2
left_child=1 22 6 -3 11 19 -2 17 9 21 -11 -4 -9 14 -10 16 -13 -7 -15 -5 -21 -8 23 29 25 -25 -26 -24 -29 -1
right_child=2 3 4 5 -6 7 8 12 13 10 -12 15 -14 18 -16 -17 -18 -19 -20 20 -22 -23 27 24 26 -27 -28 28 -30 -31
leaf_value=-0.049959505439515189 0.029324469635808079 -0.050497090072875242 0.046770446280122807 -0.044024239338329135 0.045053675264624136 0.00066381125861906956 0.069610702299814572 -0.042402210887625393 0.027318757290919066 -0.031366321652874257 -0.0032588920598426423 0.015411261548207909 -0.0058395802296155952 -0.0055584133816414813 -0.0017426391027351559 0.038434893765022016 -0.011586537727832675 0.037262790573400061 0.041627416377858391 0.049154780054742428 -0.036562495636799364 -0.0032194500400634218 -0.021163073936700069 0.059045040279557384 -0.0057632838798853513 0.014516900977483121 0.017277244315112416 0.056864139587965462 -0.0048057400478887236 0.06538971330438971
leaf_weight=16.360544955357913 131.54038642253727 441.44494673795998 51.03454311657697 174.52519217226654 435.6888954276219 48.24500073492527 14.069129860028626 47.139061134308577 49.664435721933842 130.74903530441225 171.04648845922202 304.97919854335487 99.023812649771571 17.465334363281727 204.33563353866339 48.157129155471921 68.319880069233477 51.145837467163801 56.991941526532173 9.0258546639233845 20.306242223829031 7.6522862780839196 99.131158465519547 28.886790879070759 223.9732823818922 73.954236526042223 99.673161594197154 21.771759072318673 184.63140772655606 1.889953814446925
leaf_count=197 4578 37441 2007 10485 38196 843 235 1597 1697 2942 1977 8932 1252 378 1612 2853 2143 694 3501 150 570 95 1291 255 1266 668 1045 170 1068 15
internal_value=0.000318591 -0.0183675 0.0184462 -0.0347003 0.030584 -0.0191836 0.00437717 -0.00260308 -0.000656126 -0.0114486 -0.0154361 0.0172413 -0.0176314 0.009974 0.00393971 0.0136656 0.0104702 0.0194974 0.0305591 -0.0391554 -0.0101862 0.0439532 0.00102563 0.0056588 0.00752769 0.0270243 0.00133249 -0.00571844 0.0016993 -0.0380144
internal_weight=3332.82 1641.13 1691.69 890.856 908.18 449.411 783.515 245.554 651.974 323.517 301.796 472.491 146.163 328.457 254 421.456 373.299 99.3908 74.4573 203.857 29.3321 21.7214 750.272 444.738 426.487 102.841 323.646 305.534 206.403 18.2505
internal_count=130153 59007 71146 53032 54131 15591 17015 4386 12437 5249 4919 15935 2849 7188 3309 13928 11075 1537 3879 11205 720 330 5975 3446 3234 923 2311 2529 1238 212
is_linear=0
shrinkage=0.05


Tree=79
num_leaves=31
num_cat=0
split_feature=9 7 1 9 11 13 4 13 9 12 1 12 12 2 9 4 9 9 12 4 10 1 0 12 2 2 12 13 2 0
split_gain=426.238 188.368 114.029 90.3868 76.1266 49.9202 38.647 30.3821 26.0223 24.8039 24.6593 27.5375 21.438 21.4133 19.0366 16.7443 15.6259 13.4117 13.0071 12.5217 14.59 12.4865 11.3072 10.1792 10.0396 9.46476 8.63987 10.8972 10.8885 6.7579
threshold=0.21240601688623431 1.0000000180025095e-35 59.317129135131843 0.053342817351222045 1.0000000180025095e-35 1.0000000180025095e-35 0.98275861144065868 1.0000000180025095e-35 0.44097222387790685 3.5000000000000004 73.765182495117202 1.5000000000000002 1.5000000000000002 44.033897399902351 0.71825397014617931 0.0745370388031006 0.67424243688583385 0.3717105239629746 4.5000000000000009 0.98275861144065868 1.0000000180025095e-35 41.223155975341804 0.75075361132621776 4.5000000000000009 73.401363372802749 99.397590637207045 1.5000000000000002 1.0000000180025095e-35 64.075469970703139 0.58425417542457592
decision_type=2 2 2 2 2 2 2 2 2 2 2 2 2 2 2 2 2 2 2 2 2 2 2 2 2 2 2 2 2 2
left_child=1 3 6 -1 12 19 7 8 24 -8 11 -7 -4 17 15 -14 23 -9 -12 -5 -21 -10 25 -11 -2 29 27 -24 -28 -3
right_child=2 22 4 5 -6 10 9 13 21 16 18 -13 14 -15 -16 -17 -18 -19 -20 20 -22 -23 26 -25 -26 -27 28 -29 -30 -31
leaf_value=-0.049911977530858388 -0.034754038554136078 0.024734654357641498 0.042756151993887187 -0.041799871034102182 0.043950275415745581 0.017535148313711443 0.037584661420631146 -0.025316384054856273 -0.013486435367422743 -0.02491020814668031 0.0038245732520055514 -0.031522560811187511 0.0157690519468432 0.031123789653378482 0.033548063903922669 -0.0061569894025174871 0.028802646545133283 0.0059406283303532125 0.042016133565385791 0.089361361340698331 -0.019447574229837995 0.018123586760217473 0.0055963997537522361 0.031368314886002287 -0.10303720007852608 0.0595624940401559 -0.041500047489882848 0.045069231602024612 0.0012366357470360385 -0.041050578912244166
leaf_weight=438.48740093503147 80.889942776411772 4.4646873846650115 63.870769809931517 171.68614739365876 449.52770491316915 40.351905021816492 107.15256266389042 44.763268634676933 122.94753071945161 44.6084223985672 81.212687652558088 98.267985187470913 213.52677072677761 69.015244831331074 81.775726983323693 147.03115223906934 33.080777471885085 147.08076583594084 30.729670789092779 3.4696954134851721 27.488819209858775 41.884255489334464 59.106468912214041 9.7997804880142194 5.7668077088892451 3.0093757212162009 15.301104813814161 24.829637076705694 574.53973726928234 31.078469533473253
leaf_count=37840 2256 87 2979 10690 40051 491 3280 866 1085 359 1119 2577 6843 2444 4115 2864 1303 1247 398 34 718 1487 376 85 58 31 264 220 3674 473
internal_value=-2.52637e-05 -0.0184136 0.0177139 -0.033728 0.0289757 -0.0180697 0.00248992 -0.00471546 -0.017116 0.0214564 -0.00314627 -0.017242 0.0156777 0.00723963 0.0117677 0.00682788 0.0017032 -0.00135262 0.0143087 -0.036522 -0.00725274 -0.00545423 0.000756988 -0.0147736 -0.0392981 -0.0255784 0.00226386 0.0172731 0.000128 -0.0327871
internal_weight=3266.75 1604.02 1662.72 891.694 955.732 453.207 706.989 512.348 251.489 194.642 250.562 138.62 506.204 260.859 442.334 360.558 87.489 191.844 111.942 202.645 30.9585 164.832 712.329 54.4082 86.6568 38.5525 673.777 83.9361 589.841 35.5432
internal_count=130314 58992 71322 53867 56852 16027 14470 9443 4886 5027 4585 3068 16801 4557 13822 9707 1747 2113 1517 11442 752 2572 5125 444 2314 591 4534 596 3938 560
is_linear=0
shrinkage=0.05


Tree=80
num_leaves=31
num_cat=0
split_feature=9 8 12 9 9 13 13 8 12 3 9 7 0 2 2 12 12 12 2 12 8 2 2 11 3 12 1 12 9 12
split_gain=383.037 172.913 103.143 88.6297 46.8279 47.7149 39.3067 31.5469 28.1697 30.4071 26.9126 44.3772 23.5846 27.4863 20.3766 19.3019 13.8638 13.6487 12.1169 12.0196 10.8583 10.3057 9.40954 9.35704 6.81689 10.6475 6.95677 12.0304 6.81763 6.77186
threshold=0.22902098298072818 28.669276237487797 6.5000000000000009 0.096006143838167204 0.78759399056434642 1.0000000180025095e-35 1.0000000180025095e-35 97.793998718261733 1.5000000000000002 58.397436141967781 0.050641026347875602 1.0000000180025095e-35 0.63168936967849743 24.316333770751957 40.253164291381843 1.5000000000000002 2.5000000000000004 3.5000000000000004 53.001201629638679 1.5000000000000002 37.688747406005866 34.330356597900398 29.459980010986332 1.0000000180025095e-35 93.127067565917983 2.5000000000000004 78.319625854492202 4.5000000000000009 0.096006143838167204 1.5000000000000002
decision_type=2 2 2 2 2 2 2 2 2 2 2 2 2 2 2 2 2 2 2 2 2 2 2 2 2 2 2 2 2 2
left_child=1 10 4 -3 5 7 19 15 23 -10 11 -1 13 -7 17 -2 -14 -6 -13 20 -5 -4 -19 -8 25 -12 28 -28 -26 -20
right_child=2 3 21 6 14 12 8 -9 9 -11 24 18 16 -15 -16 -17 -18 22 29 -21 -22 -23 -24 -25 26 -27 27 -29 -30 -31
leaf_value=-0.048202746938758985 0.016396577102393988 -0.047780208563208325 -0.097226971608236387 0.040227110921991244 0.043918269265984751 0.022468497165899368 0.046137836875034519 0.045325101963024764 -0.050602376521637044 8.551475180228115e-05 0.047231589033106293 -0.042628164199361732 0.042337888670340496 -0.014480915050554719 0.0441699004669317 -0.011408607756534316 0.019418585920684149 0.016669892418254312 0.014092626011300466 -0.04229599348708591 -0.023304344450870415 0.046294828319325444 -0.01869145036813568 -0.00082419527635032219 0.17830024936039807 -0.042563839370403575 -0.0049093501042492341 0.092998886724520474 0.065653396235474198 4.9459315437715074e-05
leaf_weight=48.771276437677443 73.888310215435922 452.23878110386431 1.2565862927585829 8.0912469951435906 31.985483971424401 100.59623635653406 34.420349130406976 30.548535549081862 37.899049181491137 134.91093351133168 10.583580947481094 15.484382048249243 90.670459160581231 100.73065104987472 136.15094239730388 401.94594630878419 242.3151208460331 61.205866817384958 100.48919627815485 117.31390059180558 39.844516317360103 271.06679086200893 27.161147220060229 15.331195787526665 2.2436841903254399 4.7978006741031995 6.305774599313736 6.2444542087614536 3.3466718923300505 589.10032189264894
leaf_count=3390 2249 39936 15 241 1351 1612 331 1104 1556 1602 130 281 3449 1113 10237 8758 10933 1441 822 6462 1096 27310 162 160 24 56 77 71 31 3989
internal_value=3.43798e-05 -0.016962 0.0176577 -0.0327407 0.0117849 0.00706862 -0.0152027 -0.00392887 -0.00148633 -0.0110309 -0.000127616 -0.00207693 0.0174912 0.00398146 0.0309202 -0.00709097 0.0256594 0.0159312 0.00111367 -0.0336761 -0.0125806 0.0456326 0.00580097 0.0316662 0.0437088 0.0192224 0.0644709 0.0438056 0.110864 0.00209587
internal_weight=3196.94 1627.42 1569.52 840.05 1297.2 1040.7 387.811 506.383 222.562 172.81 787.367 753.845 534.312 201.327 256.503 475.834 332.986 120.352 705.074 165.25 47.9358 272.323 88.367 49.7515 33.522 15.3814 18.1406 12.5502 5.59036 689.59
internal_count=129989 60255 69734 51384 42409 29218 11448 12111 3649 3158 8871 8482 17107 2725 13191 11007 14382 2954 5092 7799 1337 27325 1603 491 389 186 203 148 55 4811
is_linear=0
shrinkage=0.05


Tree=81
num_leaves=31
num_cat=0
split_feature=9 13 7 9 12 12 1 1 12 3 10 10 3 7 4 9 2 1 0 9 1 4 12 3 12 10 0 4 2 9
split_gain=350.124 98.9043 109.417 81.4974 74.5934 33.2192 29.1135 29.0188 28.0439 27.2264 21.9275 21.1738 20.771 20.1708 16.0874 15.5659 14.0482 19.4456 13.4016 11.6785 9.90296 13.0823 9.64607 9.54564 9.53077 9.42892 14.8245 8.7461 7.40699 7.24293
threshold=0.37797619402408605 1.0000000180025095e-35 1.0000000180025095e-35 0.15075758099555972 5.5000000000000009 1.5000000000000002 78.830558776855483 55.625879287719734 1.5000000000000002 81.165538787841811 1.0000000180025095e-35 1.0000000180025095e-35 25.403225898742679 1.0000000180025095e-35 0.98275861144065868 0.78759399056434642 27.842377662658695 70.064933776855483 0.99772727489471447 0.19139194488525393 61.620294570922859 0.92153847217559826 5.5000000000000009 90.070423126220717 2.5000000000000004 1.0000000180025095e-35 0.94167065620422374 0.32200460135936743 26.766168594360355 0.15075758099555972
decision_type=2 2 2 2 2 2 2 2 2 2 2 2 2 2 2 2 2 2 2 2 2 2 2 2 2 2 2 2 2 2
left_child=1 2 3 -1 8 20 12 14 -2 16 15 13 -5 -9 23 -11 -10 -18 -8 -16 21 29 -13 -7 -4 26 -6 -26 -27 -3
right_child=4 5 24 6 25 7 18 11 9 10 -12 22 -14 -15 19 -17 17 -19 -20 -21 -22 -23 -24 -25 27 28 -28 -29 -30 -31
leaf_value=-0.049153309043527771 0.037777639032295841 -0.0088784256731530408 -0.011697940859015502 2.6085349748699788e-05 -0.098808210968823307 -0.035418811169739571 0.048083889090639528 -0.014839620477246553 0.010050070031981717 0.005465314246748721 0.036416148877002529 0.012449033204002978 -0.034089793359699326 0.0063274424236147335 -0.045017103711100841 0.045485566206689088 -0.014043538142524915 0.038896392977656159 -0.0023329996641514336 0.039824136207992564 0.042518766202936993 0.057424284715796164 0.047860256493074405 0.0073131731899295062 -0.00049816865859371093 -0.095051617607249228 0.025607593030112643 0.026849271465640548 0.044482471790584066 0.022094223171688746
leaf_weight=417.16999381408095 104.98720802366734 41.721276577562094 185.85468935966492 69.240480784326792 2.6125107724219587 114.58809483796358 23.378741195425391 218.99131974764168 217.13551989383996 188.75758816115558 132.87094566598535 81.067590544000268 125.44804415106773 231.55604697018862 5.5487801097333458 27.886713181622326 169.01583409961313 19.329610222950578 30.217271882109344 15.07860057428479 42.885778002440929 14.189007995184509 25.212305238470435 14.751306307502089 205.91520921885967 0.95407973974943061 28.657832623459399 34.074099346995354 303.38327748235315 34.470611781813204
leaf_count=38405 6274 1301 1648 1095 44 4028 263 8493 2921 5270 10625 1882 4075 1623 121 1690 1866 986 422 93 1035 348 1430 270 1286 11 1025 159 31172 311
internal_value=0.000101763 -0.013062 -0.0229893 -0.0356543 0.0213665 -0.000165794 -0.0129732 -0.00448321 0.0135647 0.0101977 0.0204246 0.000774549 -0.0219566 -0.00396094 -0.0240053 0.0106168 0.00138231 -0.00861039 0.019659 0.0170018 0.0227321 0.0133433 0.0208495 -0.0305452 -0.00319796 0.0413586 0.0152132 0.00338467 0.044045 0.00513417
internal_weight=3126.95 1931.36 1091.3 665.455 1195.59 840.061 248.285 706.794 859.983 754.996 349.515 556.827 194.689 450.547 149.967 216.644 405.481 188.345 53.596 20.6274 133.267 90.3809 106.28 129.339 425.844 335.608 31.2703 239.989 304.337 76.1919
internal_count=130172 68288 47353 44260 61884 20935 5855 17940 29632 23358 17585 13428 5170 10116 4512 6960 5773 2852 685 214 2995 1960 3312 4298 3093 32252 1069 1445 31183 1612
is_linear=0
shrinkage=0.05


Tree=82
num_leaves=31
num_cat=0
split_feature=9 13 7 12 9 8 12 9 12 2 4 12 9 8 3 4 4 2 12 13 8 2 2 4 8 8 9 7 8 1
split_gain=327.015 93.18 109.514 76.2418 64.326 40.048 35.6582 30.2674 27.8727 27.2464 23.0769 24.2889 19.8548 41.0376 19.3195 18.6978 20.9516 16.2973 15.6588 14.6465 11.6519 10.67 9.64369 9.42744 8.66613 17.2981 8.57504 24.9135 10.473 11.3538
threshold=0.33974359929561621 1.0000000180025095e-35 1.0000000180025095e-35 6.5000000000000009 0.15075758099555972 41.277122497558601 1.5000000000000002 0.78759399056434642 4.5000000000000009 85.215545654296889 0.037749288603663451 1.5000000000000002 0.17519181966781619 28.13657379150391 55.646631240844734 0.18274582922458651 0.24283374845981601 40.253164291381843 3.5000000000000004 1.0000000180025095e-35 27.707540512084964 24.316333770751957 58.64367866516114 0.5513722598552705 92.193038940429702 97.793998718261733 0.04446640424430371 1.0000000180025095e-35 38.405298233032234 55.625879287719734
decision_type=2 2 2 2 2 2 2 2 2 2 2 2 2 2 2 2 2 2 2 2 2 2 2 2 2 2 2 2 2 2
left_child=1 2 4 7 -1 20 26 10 12 -7 24 -12 13 -8 -14 -10 -17 18 -9 -13 -6 -20 23 -4 -2 -26 27 -3 -28 -30
right_child=3 6 22 -5 5 9 8 17 15 -11 11 19 14 -15 -16 16 -18 -19 21 -21 -22 -23 -24 -25 25 -27 28 -29 29 -31
leaf_value=-0.048771393833935292 0.028233224870502022 -0.047431711362592416 -0.04922409129729316 0.044924038772583108 0.15267053868408081 -0.034158834094852507 -0.0013586420989178565 0.047963425948603783 0.025671646049272873 0.0092057895661962121 0.031165055164826923 -0.0096741491380861813 -0.019372663402407956 -0.033746493484005359 0.019668541172228906 -0.10373563074638648 0.00070477973515026358 0.041479637252122059 0.022911048730489547 0.007873119787317754 0.03168013384050327 -0.011677787430890839 -0.0023899670407505191 0.12133937817724486 -0.015810052540989931 0.048073603820649069 0.060961040868601907 0.031834467219237453 0.0044900203667444065 0.049790755412800182
leaf_weight=397.78685305640101 162.86284716054797 14.682188403792678 16.2405054923147 241.60154370497912 2.1576241739094284 143.03695274610072 214.98152340762317 28.334053728729486 102.02571730595082 48.505984118208289 68.084642396774143 234.20381489861757 48.95958274230361 179.43809894938022 89.822621989063919 5.8034348571673027 27.827394993975759 125.70541263464838 43.783735616132617 241.58939201012254 25.600250640884042 45.43191877566278 412.81403520703316 0.85267779976129432 33.696486657485366 15.457152074202893 24.042829185724258 30.516298476606607 36.253317232243717 22.364089231938124
leaf_count=38271 7902 1127 405 26797 16 4274 1905 1352 2522 500 3554 4040 1333 8543 1606 139 590 10246 1356 5960 564 272 2705 15 1567 668 329 279 574 486
internal_value=-0.000126923 -0.0134824 -0.0232878 0.0197189 -0.0367851 -0.0150433 -0.000596802 0.0136241 -0.00522163 -0.0231773 0.0086873 0.00323271 -0.01037 -0.0160932 0.00589559 0.0150141 -0.0173178 0.0289647 0.0155814 -0.000764325 0.0410847 0.00529713 -0.0039138 -0.0407157 0.0226798 0.00427919 0.0235967 0.0060858 0.0331717 0.0217734
internal_weight=3084.46 1843.71 1046.99 1240.75 617.088 219.301 796.717 999.149 668.858 191.543 755.894 543.878 533.202 394.42 138.782 135.657 33.6308 243.255 117.55 475.793 27.7579 89.2157 429.907 17.0932 212.016 49.1536 127.859 45.1985 82.6602 58.6174
internal_count=129897 66183 46750 63714 43625 5354 19433 36917 16638 4774 23691 13554 13387 10448 2939 3251 729 13226 2980 10000 580 1628 3125 420 10137 2235 2795 1406 1389 1060
is_linear=0
shrinkage=0.05


Tree=83
num_leaves=31
num_cat=0
split_feature=9 8 3 11 9 8 12 9 13 9 7 12 2 5 1 1 3 1 9 8 2 2 2 2 8 3 10 1 12 8
split_gain=332.356 176.251 102.782 68.7074 49.8949 34.8575 31.143 40.8548 29.1343 23.2957 44.1667 18.5491 25.4372 18.4411 17.1633 12.2269 12.1 17.4606 10.8974 10.4753 9.61573 8.93612 8.33111 8.28398 7.33986 6.88999 12.9404 6.1269 6.06382 5.32391
threshold=0.19756097346544269 29.519198417663578 85.215545654296889 1.0000000180025095e-35 0.075498577207326903 41.103500366210945 1.5000000000000002 0.35504202544689184 1.0000000180025095e-35 0.042572464793920524 1.0000000180025095e-35 1.5000000000000002 83.935482025146499 1.0000000180025095e-35 71.039428710937514 87.585617065429702 30.094339370727543 61.620294570922859 0.45643940567970281 40.68782043457032 10.3913631439209 93.908470153808608 17.519181251525882 58.123168945312507 97.793998718261733 25.403225898742679 1.0000000180025095e-35 90.787876129150405 4.5000000000000009 33.413078308105476
decision_type=2 2 2 2 2 2 2 2 2 2 2 2 2 2 2 2 2 2 2 2 2 2 2 2 2 2 2 2 2 2
left_child=1 9 5 13 -3 19 16 20 25 10 -1 21 -13 27 -9 18 -7 -18 -15 29 -8 -10 -5 -12 -17 26 -6 -4 -25 -2
right_child=2 4 3 22 8 6 7 14 11 -11 23 12 -14 15 -16 24 17 -19 -20 -21 -22 -23 -24 28 -26 -27 -28 -29 -30 -31
leaf_value=-0.047905328926485469 0.086661202837421056 -0.049794446532298448 0.048502827667229395 -0.26783958489915283 0.086164186880203039 0.045199183912296693 -0.0064124519420269647 0.00015372610130120055 0.011307919809734474 0.038358599125325729 -0.028032715143624022 -0.04377985110376334 -4.363660480461641e-05 -0.016328821274141689 0.032700221035643608 0.015561016870503239 -0.0025898989447345599 0.051684242578034278 0.011801004810270271 0.1754110965426611 -0.035338910192031302 0.075326699209006434 0.044556967580927337 -0.0011372618567941728 0.048460923454096763 -0.044665767650278049 -0.028379383255892312 7.2381457149905074e-06 0.011180865874279591 0.035886253217486425
leaf_weight=51.584620222449303 7.0687084030360046 339.58286212664098 48.723825301043689 0.21354314778000016 2.7767475172877338 43.333647817838937 39.835822280496359 436.07839858345687 30.029247041791677 35.207970292307436 25.345351692289114 54.316209930926561 85.697337234392762 61.045980355702341 44.65536264423281 240.09754438418895 54.996055774390697 20.284499077126384 78.96478511672467 1.765300822444259 103.04908312670887 6.6598921678960314 363.60263834148645 554.2144444026053 18.240617798641324 112.63108576554805 22.014559109695256 7.5178401209413996 121.8778777346015 19.145728522446007
leaf_count=4324 92 35329 2118 5 22 2693 409 6117 352 484 482 1810 981 974 3060 9220 873 929 2648 33 3535 73 38342 3387 867 8497 713 356 1225 339
internal_value=6.65253e-05 -0.0173134 0.0158417 0.0281795 -0.0365087 0.00273184 0.000666623 -0.0038001 -0.0221463 -0.00139393 -0.00325258 -0.0087178 -0.0170105 0.0152191 0.00317697 0.0114351 0.0241506 0.0120344 -0.000463858 0.0575168 -0.0272743 0.0229287 0.0443736 3.12419e-05 0.017884 -0.0394132 -0.0155499 0.0420204 0.0010833 0.0495777
internal_weight=3030.56 1441.94 1588.62 818.407 653.708 770.213 742.233 623.619 314.125 788.23 753.022 176.703 140.014 454.591 480.734 398.349 118.614 75.2806 140.011 27.9797 142.885 36.6891 363.816 701.438 258.338 137.422 24.7913 56.2417 676.092 26.2144
internal_count=130289 57679 72610 54530 47777 18080 17616 13121 12448 9902 9418 3216 2791 16183 9177 13709 4495 1802 3622 464 3944 425 38347 5094 10087 9232 735 2474 4612 431
is_linear=0
shrinkage=0.05


Tree=84
num_leaves=31
num_cat=0
split_feature=9 8 9 12 13 8 1 11 2 9 7 12 1 12 1 5 5 1 9 2 4 1 12 9 11 0 9 8 4 0
split_gain=264.712 91.5393 161.516 72.7031 57.5457 25.8075 24.5929 42.1923 24.8146 22.7196 32.5236 21.0493 20.2281 17.975 18.7437 16.6196 15.7751 14.9794 11.287 10.6615 10.168 10.2404 10.0924 11.7081 10.0257 9.00868 7.62768 15.9665 7.14613 6.36013
threshold=0.3717105239629746 28.13657379150391 0.091966174542903914 6.5000000000000009 1.0000000180025095e-35 43.108610153198249 48.52813911437989 1.0000000180025095e-35 28.778468132019047 0.042572464793920524 1.0000000180025095e-35 1.5000000000000002 55.217784881591804 1.5000000000000002 91.922958374023452 1.0000000180025095e-35 1.0000000180025095e-35 78.08689117431642 0.21240601688623431 57.83625793457032 0.51389962434768688 73.20508193969728 2.5000000000000004 0.67424243688583385 1.0000000180025095e-35 0.49295900762081152 0.056349206715822227 30.202253341674808 0.70659971237182628 0.59682920575141918
decision_type=2 2 2 2 2 2 2 2 2 2 2 2 2 2 2 2 2 2 2 2 2 2 2 2 2 2 2 2 2 2
left_child=1 9 26 6 11 18 8 13 22 10 -1 15 -7 -8 -15 -4 25 -13 -6 -12 21 -11 23 -2 -18 -10 -3 -28 -21 -5
right_child=3 2 4 29 5 12 7 -9 16 20 19 17 -14 14 -16 -17 24 -19 -20 28 -22 -23 -24 -25 -26 -27 27 -29 -30 -31
leaf_value=-0.046729758229586499 0.014376503266584323 -0.050305017085784991 0.012368855265493865 -0.12543209063775243 0.017910034365318555 -0.019794902370792525 0.041674798706813891 0.043181529956583753 0.0051288954663526662 -0.019527928640361819 -0.030663074900748512 -0.038317348129926897 0.0092890400903148981 -0.0057120008730326922 0.01835786515830503 -0.041006615839930476 -0.014046782819166111 -0.0065975296955213441 0.054894334276106085 0.0036746130682790597 0.085297847026137255 0.050705493582958207 0.005822361482999347 0.050966978060599966 0.051480591283028045 -0.025625803342686732 0.074573003605776067 -0.037381623730666037 -0.048115019559014149 0.045192925337849355
leaf_weight=35.997255682013929 71.981512171216309 316.53794637974352 59.220998886041343 0.54752554185688396 87.064578277058899 97.667572332546115 43.035248948261142 144.4963361704722 31.030911802314222 8.3787720594555175 24.126006687059999 163.23067258205265 154.13185289409012 149.71253904607147 175.92253789398819 19.348911826498806 9.7195511218160391 48.21320354193449 27.034912816248834 671.55923879519105 9.7555014435201866 13.637294368818402 176.76007739827037 31.398229245096445 14.61387515347451 102.33921087998897 3.3477619234472504 65.378155883401632 6.7275077216327182 219.13413152564317
leaf_count=2823 1378 35395 1313 9 1223 2385 2999 13607 285 115 467 7329 3664 4232 7996 546 283 1240 648 4611 89 180 2437 1756 495 1146 76 4964 34 26574
internal_value=0.00031233 -0.0116639 -0.0213312 0.0188425 -0.0062383 0.00694675 0.0128539 0.0202809 0.00414922 0.00140499 -0.000376342 -0.0228734 -0.00199199 0.0113052 0.00729161 -0.000775582 -0.0117154 -0.0310846 0.0266732 0.00199918 0.0428052 0.0239764 0.0130802 0.0254897 0.0253069 -0.0184702 -0.0470268 -0.0319281 0.00316094 0.0447677
internal_weight=2982.05 1811.36 1041.18 1170.69 655.913 365.899 951.01 513.167 437.843 770.182 738.41 290.014 251.799 368.67 325.635 78.5699 157.704 211.444 114.099 702.413 31.7716 22.0161 280.14 103.38 24.3334 133.37 385.264 68.7259 678.287 219.682
internal_count=130299 67102 58783 63197 18348 7920 36614 28834 7780 8319 7935 10428 6049 15227 12228 1859 2209 8569 1871 5112 384 295 5571 3134 778 1431 40435 5040 4645 26583
is_linear=0
shrinkage=0.05


Tree=85
num_leaves=31
num_cat=0
split_feature=9 8 12 9 13 13 9 8 9 7 8 8 12 11 8 0 0 8 12 9 8 2 4 8 4 2 5 11 2 12
split_gain=268.38 143.403 99.3657 65.5164 38.8715 36.0574 30.6921 26.2539 24.1085 38.217 22.2144 29.4582 18.6214 16.1469 14.7596 13.9589 16.3858 16.1197 11.16 14.2874 9.07745 8.99566 8.07386 13.3846 7.67372 10.4659 10.3805 7.60291 6.05247 5.61662
threshold=0.21240601688623431 29.519198417663578 5.5000000000000009 0.075498577207326903 1.0000000180025095e-35 1.0000000180025095e-35 0.73030304908752453 40.431344985961921 0.050641026347875602 1.0000000180025095e-35 97.533905029296889 92.193038940429702 3.5000000000000004 1.0000000180025095e-35 59.277870178222663 0.63168936967849743 0.4524331688880921 96.313285827636733 2.5000000000000004 0.45643940567970281 51.225519180297859 47.140522003173835 0.98275861144065868 37.688747406005866 0.15047170221805575 93.063350677490249 1.0000000180025095e-35 1.0000000180025095e-35 76.277057647705092 2.5000000000000004
decision_type=2 2 2 2 2 2 2 2 2 2 2 2 2 2 2 2 2 2 2 2 2 2 2 2 2 2 2 2 2 2
left_child=1 8 4 -3 6 22 10 27 9 -1 11 -2 -8 -4 -9 16 20 -18 -17 -20 -6 -14 28 -24 26 -26 -11 -7 -5 -10
right_child=2 3 13 5 15 7 12 14 29 24 -12 -13 21 -15 -16 18 17 -19 19 -21 -22 -23 23 -25 25 -27 -28 -29 -30 -31
leaf_value=-0.045798082839624291 -0.0060682399354171418 -0.049672409991815804 0.014283778053654978 -0.049487963472485477 0.062952429883198296 0.033520881001459751 0.040569314690317181 -0.024676886607816098 0.05874374968827966 -0.032339818256357948 0.041941631322397158 -0.053173386898303247 -0.0065792369039939626 0.044381684893059499 0.023428143876128498 0.03889335098226198 -0.01052265443936197 0.034213771207872362 0.0047551941372165367 0.031093579984495169 0.018034883131741449 0.022488212691319811 0.064775798599995701 -0.028793681727646826 -0.021764078092156608 -0.00020580778193537115 0.0057280284984030216 0.00085714387196240873 -0.0257408040728518 0.019943407343608305
leaf_weight=48.953341845422983 389.65815605316311 307.24072359874845 53.506892213597894 84.808707392774522 12.749351349659262 41.909578514285386 57.533719165250659 111.92751898337156 17.441552085801959 18.728008195757866 21.55965324677527 36.280519555322826 64.32071647234261 266.53546423325315 18.594257352873683 95.654800199903548 114.19459763541818 24.446853889152408 100.65984664019197 105.40634181536734 95.510684164240956 45.407284974120557 4.7566475085914162 19.447869678027928 80.846145935356617 185.40581509098411 408.90245409868658 30.987288157455623 39.249520142562687 20.047828106209636
leaf_count=4396 8349 35215 2021 6828 249 591 3604 2472 227 177 842 983 1156 32003 211 4207 1477 741 3555 6461 2183 3446 93 594 937 1015 2927 519 2518 233
internal_value=-0.000246944 -0.0156292 0.0146772 -0.0328044 0.0078899 -0.018068 -0.000744029 -0.00439973 -0.0011261 -0.00310045 -0.00757422 -0.0100806 0.0175297 0.0393497 -0.0178238 0.0175647 0.00874809 -0.00263421 0.0247794 0.0182277 0.0233246 0.00544936 -0.036821 -0.0104055 -8.81349e-05 -0.00675187 0.00406085 0.0196361 -0.0419748 0.0379949
internal_weight=2922.67 1439.25 1483.42 658.922 1163.38 351.681 614.76 203.419 780.325 742.836 447.498 425.939 167.262 320.042 130.522 548.622 246.901 138.641 301.721 206.066 108.26 109.728 148.263 24.2045 693.882 266.252 427.63 72.8969 124.058 37.4894
internal_count=130230 58953 71277 49041 37253 13826 18380 3793 9912 9452 10174 9332 8206 34024 2683 18873 4650 2218 14223 10016 2432 4602 10033 687 5056 1952 3104 1110 9346 460
is_linear=0
shrinkage=0.05


Tree=86
num_leaves=31
num_cat=0
split_feature=8 13 8 0 12 12 12 12 2 11 1 8 2 12 8 1 8 1 1 4 4 3 4 2 3 8 3 0 12 8
split_gain=211.916 78.0348 66.3228 76.2644 58.986 26.1791 23.4268 24.8309 22.7937 40.9323 22.6384 36.5945 16.3334 14.7471 12.9525 11.7883 10.2605 9.73092 9.55639 17.203 15.155 9.00216 15.2038 7.45493 7.38954 7.14025 7.11572 6.92173 6.63679 5.26006
threshold=73.721538543701186 1.0000000180025095e-35 22.291234970092777 0.43343253433704382 6.5000000000000009 1.5000000000000002 1.5000000000000002 4.5000000000000009 41.223155975341804 1.0000000180025095e-35 75.615615844726577 45.625810623168952 32.071428298950202 3.5000000000000004 98.08304595947267 41.223155975341804 92.193038940429702 78.319625854492202 54.653680801391609 0.98275861144065868 0.50333333015441906 70.087718963623061 0.98275861144065868 12.70161294937134 90.366767883300795 35.326616287231452 49.675325393676765 0.4524331688880921 4.5000000000000009 65.176864624023452
decision_type=2 2 2 2 2 2 2 2 2 2 2 2 2 2 2 2 2 2 2 2 2 2 2 2 2 2 2 2 2 2
left_child=1 2 -1 13 5 -2 21 18 12 14 24 -12 16 25 -10 -14 -7 29 19 -8 -20 22 23 -3 -5 -4 -11 -6 -15 -9
right_child=4 6 3 10 27 8 7 17 9 26 11 -13 15 28 -16 -17 -18 -19 20 -21 -22 -23 -24 -25 -26 -27 -28 -29 -30 -31
leaf_value=-0.0037846381205252199 0.039758823086454953 -0.11606121411401998 0.068794993639490029 -0.046855949692539395 -0.14328127278487438 -0.0046282168308682536 -0.025636323323834528 -0.023403141026769769 0.0034043443108393179 -0.017291822176255588 -0.043105554456951162 0.0059714623600884871 -0.032227096103763085 -0.026211338350353809 0.042611282253531911 0.058522023504575076 0.017855006198789547 0.022489516904740006 -0.0050079180654593013 0.018300354012302521 0.039864749408599541 0.034468169771125677 0.053557577429907077 -0.0020357901313868849 -0.023657099390406597 0.013614757748748277 0.040811623576313148 0.043889816851356116 0.041340361067912966 0.034152391578511937
leaf_weight=435.07630073837936 79.643307096790522 1.4788232352584589 6.3331457399763158 323.48399469908327 0.49522129818797012 127.2872052397579 122.02609426248819 19.89238324016333 290.3353158198297 5.4801011309027663 86.334914405364543 67.823443216271698 52.247926590964198 35.372210609726608 22.713209696114063 3.8416824731975785 84.386650068685412 118.70270031318069 383.81482786219567 27.254696253687143 19.786230596713722 64.488728352822363 14.061016688589005 46.710612284950912 38.400964909233153 78.895449286326766 137.00094018876553 191.41443124320358 4.0525887347757807 4.9593766094185403
leaf_count=3306 5614 20 113 28670 7 1253 4175 446 10997 34 9540 2332 329 579 1040 51 1610 3890 9304 272 451 1602 474 1068 2871 1919 12581 25349 41 214
internal_value=-0.000190327 -0.00998385 -0.0188502 -0.0290807 0.0185034 0.0125513 0.00160316 -0.00199512 0.00955539 0.0163605 -0.0375591 -0.0215137 -0.0020218 0.0060184 0.006249 -0.0260115 0.00433502 0.0165331 -0.00680592 -0.0176147 -0.00280807 0.0213758 0.00781275 -0.00553497 -0.0443942 0.0177151 0.0385769 0.0434068 -0.0192675 -0.0119175
internal_weight=2893.79 1898.95 1075.77 640.697 994.846 802.936 823.175 696.436 723.293 455.53 516.043 154.158 267.763 124.653 313.049 56.0896 211.674 143.554 552.882 149.281 403.601 126.739 62.2505 48.1894 361.885 85.2286 142.481 191.91 39.4248 24.8518
internal_count=130152 71287 49371 46065 58865 33509 21916 18752 27895 24652 43413 11872 3243 2652 12037 380 2863 4550 14202 4447 9755 3164 1562 1088 31541 2032 12615 25356 620 660
is_linear=0
shrinkage=0.05


Tree=87
num_leaves=31
num_cat=0
split_feature=8 13 12 7 0 12 12 12 8 1 1 11 4 10 1 12 13 10 4 3 1 4 10 10 12 12 1 12 1 1
split_gain=172.082 67.8375 66.3362 61.0545 74.1349 26.1363 24.4631 24.4629 23.613 32.8423 19.3398 41.3891 16.9171 14.9607 13.1052 12.354 12.2522 11.1821 11.1083 19.1171 10.662 9.97253 9.21091 8.44352 7.95442 10.2918 6.34726 6.30952 6.30712 6.13608
threshold=73.721538543701186 1.0000000180025095e-35 6.5000000000000009 1.0000000180025095e-35 0.43343253433704382 1.5000000000000002 1.5000000000000002 4.5000000000000009 51.225519180297859 78.08689117431642 48.52813911437989 1.0000000180025095e-35 0.15047170221805575 1.0000000180025095e-35 98.386676788330092 3.5000000000000004 1.0000000180025095e-35 1.5000000000000002 0.98275861144065868 58.919960021972663 51.471860885620124 0.063164893537759795 1.5000000000000002 1.0000000180025095e-35 2.5000000000000004 1.5000000000000002 95.311355590820327 4.5000000000000009 27.953488349914554 70.064933776855483
decision_type=2 2 2 2 2 2 2 2 2 2 2 2 2 2 2 2 2 2 2 2 2 2 2 2 2 2 2 2 2 2
left_child=1 3 5 4 15 -2 18 17 13 -10 16 12 -12 -6 26 23 28 20 19 22 -8 -18 -3 -1 25 -5 -9 -17 -7 -21
right_child=2 6 -4 24 8 10 7 14 9 -11 11 -13 -14 -15 -16 27 21 -19 -20 29 -22 -23 -24 -25 -26 -27 -28 -29 -30 -31
leaf_value=0.068821566232236384 0.038528993831396199 -0.02742690353548723 0.043911090998999459 0.0031761648963781267 -0.047710435475811455 -0.0034874099435874689 -0.020587603489502823 -0.00046148925386880969 -0.035746819318288534 0.014218888241533223 0.014284263651140154 0.041148941726627752 -0.009999135506297413 -0.019761670320306665 0.028935895654460409 -0.024293323617686473 -0.045751959651122914 0.035140998082324355 0.064383199136884381 0.019438177524060778 -0.0039212109819742073 0.011137558309460257 0.067975087589794342 0.012529852496110947 0.0031296849842835299 -0.020727861485373859 -0.14802449942787696 0.039728073518794982 -0.024249943044139063 0.04817943814294836
leaf_weight=7.2588933156803241 75.91811885451898 26.110232365317646 184.35517236124724 77.910539571195841 291.80229025240988 89.233371994458139 125.68303868826479 53.423089668620378 100.2813884364441 48.93608707562089 193.75559813156724 109.02034202544019 113.87214863952249 57.28064114972949 85.834653478115797 33.591315410099924 8.1384794255718571 15.55918714404106 13.811186471488325 55.982043376192451 405.78629628755152 144.08725508861244 2.801501225680112 80.94959654007107 242.92935839667916 106.69117799401283 0.73881621658801933 4.3464026972651473 61.985264204442501 27.788196892477572
leaf_count=233 5556 531 25389 725 35092 1557 3859 1626 2983 1559 8620 11841 3253 3909 2864 564 68 441 482 1374 9898 1900 23 1834 1466 932 29 41 644 761
internal_value=-7.53263e-05 -0.00898842 0.016885 -0.0173731 -0.0273401 0.0106258 0.00185403 -0.00186636 -0.0360082 -0.0193605 0.00768401 0.0146769 0.00529547 -0.0431244 0.0167839 0.0069006 -0.00191766 -0.00663936 0.0220607 0.0168733 -0.00786252 0.00809606 -0.0181826 0.0171622 -0.00281554 -0.0106392 -0.00247438 -0.0169586 -0.0119981 0.0289722
internal_weight=2845.86 1865.5 980.366 1051.98 624.447 796.011 813.518 687.025 498.3 149.217 720.092 416.648 307.628 349.083 139.997 126.146 303.444 547.029 126.493 112.682 531.469 152.226 28.9117 88.2085 427.531 184.602 54.1619 37.9377 151.219 83.7702
internal_count=130054 71226 58828 49338 46215 33439 21888 18717 43543 4542 27883 23714 11873 39001 4519 2672 4169 14198 3171 2689 13757 1968 554 2067 3123 1657 1655 605 2201 2135
is_linear=0
shrinkage=0.05


Tree=88
num_leaves=31
num_cat=0
split_feature=8 8 4 13 3 11 3 10 8 1 10 2 0 8 8 13 8 4 5 10 8 10 4 0 4 10 4 3 2 5
split_gain=173.2 55.8249 72.7019 76.804 50.9742 75.9152 23.7152 35.6525 18.2346 19.4571 18.2801 17.9541 15.0298 13.1081 17.6595 25.3224 12.9647 12.045 11.693 10.8388 9.55856 8.08222 7.59317 7.31706 7.29417 6.92002 5.84672 10.1699 14.2604 12.0936
threshold=67.873523712158217 22.291234970092777 0.98275861144065868 1.0000000180025095e-35 55.646631240844734 1.0000000180025095e-35 69.631092071533217 1.0000000180025095e-35 46.48268127441407 78.08689117431642 1.0000000180025095e-35 32.071428298950202 0.66389524936676036 98.219570159912124 92.340286254882827 1.0000000180025095e-35 37.981754302978523 0.10102041065692903 1.0000000180025095e-35 1.5000000000000002 92.340286254882827 1.0000000180025095e-35 1.0000000180025095e-35 0.51937815546989452 0.77032968401908886 1.0000000180025095e-35 0.15047170221805575 88.303691864013686 88.416816711425795 1.0000000180025095e-35
decision_type=2 2 2 2 2 2 2 2 2 2 2 2 2 2 2 2 2 2 2 2 2 2 2 2 2 2 2 2 2 2
left_child=1 26 3 8 11 13 19 -8 10 -10 -3 20 24 14 17 -16 -4 -6 22 -5 21 -2 -13 -24 -7 -18 27 29 -29 -1
right_child=4 2 16 6 5 12 7 -9 9 -11 -12 18 -14 -15 15 -17 25 -19 -20 -21 -22 -23 23 -25 -26 -27 -28 28 -30 -31
leaf_value=-0.031378445305926088 0.047045558411248307 -0.048737498334946561 0.055727963384657547 -0.029894852449057031 0.021401255159951445 0.013780547751802947 -0.012387670830269072 0.022464233627183812 -0.033514231120105369 0.0041777626672401744 -0.013992885023117583 0.03885990756227653 0.044570310851241385 0.044842392001063783 -0.031955419050652904 0.03100508936101903 0.061090922708506148 0.00081883997550535089 0.057518077542882184 0.02985028433675864 0.019506417562468029 -0.0031704559699205722 -0.0097972264551684004 -0.044970095399029512 -0.083853925544943225 0.0081445462609051333 -0.0044612744361451316 -0.055865547890470574 0.002778149770404908 0.026942549667742191
leaf_weight=10.061244749464093 8.4169046180322749 253.66689859330654 19.094655692577362 112.57024644780904 157.42013537697494 26.857064074371014 203.8267393540591 114.65818142704666 123.53187873726711 47.367635351605713 44.497375354636461 4.0556097170338026 300.09263833798468 23.50548581732437 57.593961210455745 22.097493948880583 6.5490083233453324 129.60109359584749 4.308943321928381 8.140218776650725 87.07942177541554 166.909748272039 23.71908445097506 39.262247776612639 2.0596839915961018 106.99567353539169 281.83766324445605 10.693073295056818 339.317477398552 76.281035674735904
leaf_count=140 520 33107 286 4288 7129 1287 9027 3691 5555 1434 3087 38 38689 1327 2422 1143 269 4173 44 122 2368 2184 154 307 62 1824 2203 55 2478 668
internal_value=2.94926e-05 -0.00957107 -0.0169698 -0.0220195 0.016068 0.023562 -0.0069935 0.00015941 -0.0360887 -0.0230673 -0.0435523 -8.13777e-05 0.041253 0.00864606 0.00632595 -0.0144972 0.0176088 0.0121075 -0.0223218 -0.0258659 0.00596558 -0.000759736 -0.0274536 -0.0317238 0.00682623 0.0111984 0.00115212 0.00477778 0.000986543 0.0201466
internal_weight=2812.07 1759.09 1040.9 908.259 1052.98 719.228 439.195 318.485 469.064 170.9 298.164 333.752 329.009 390.218 366.713 79.6915 132.639 287.021 71.3459 120.71 262.406 175.327 67.0369 62.9813 28.9167 113.545 718.19 436.353 350.011 86.3423
internal_count=130081 68234 62690 60311 61847 56232 17128 12718 43183 6989 36194 5615 40038 16194 14867 3565 2379 11302 543 4410 5072 2704 499 461 1349 2093 5544 3341 2533 808
is_linear=0
shrinkage=0.05


Tree=89
num_leaves=31
num_cat=0
split_feature=9 8 12 9 12 3 13 11 13 9 8 8 9 9 9 8 3 1 1 4 8 8 1 0 3 4 4 12 0 9
split_gain=205.314 150.109 80.384 53.804 32.7997 33.4375 31.3003 24.3848 20.6949 17.1929 16.8257 14.2622 13.1073 12.2578 9.63846 25.9399 8.22217 7.70823 7.37446 7.34947 7.20219 9.17892 7.66769 5.78974 4.7017 6.46525 6.1704 7.2157 4.58812 4.58387
threshold=0.19756097346544269 28.13657379150391 6.5000000000000009 0.059714796021580703 1.5000000000000002 85.215545654296889 1.0000000180025095e-35 1.0000000180025095e-35 1.0000000180025095e-35 0.33974359929561621 39.182224273681648 60.221162796020515 0.83666664361953746 0.78759399056434642 0.042572464793920524 1.0000000180025095e-35 91.476997375488295 21.244359016418461 45.308176040649421 0.60172414779663097 41.277122497558601 82.674114227294936 61.620294570922859 0.87294635176658641 87.841831207275405 0.65751880407333385 0.36055555939674383 4.5000000000000009 0.87452492117881786 0.13188406080007556
decision_type=2 2 2 2 2 2 2 2 2 2 2 2 2 2 2 2 2 2 2 2 2 2 2 2 2 2 2 2 2 2
left_child=1 14 4 -3 20 8 29 13 9 -6 16 -12 -10 -7 15 18 -8 -4 23 -20 -2 22 -22 -1 25 28 27 -26 -16 -5
right_child=2 3 17 6 5 7 10 -9 12 -11 11 -13 -14 -15 24 -17 -18 -19 19 -21 21 -23 -24 -25 26 -27 -28 -29 -30 -31
leaf_value=-0.031777792493209223 0.071457311789371716 -0.050200611329801553 -0.091209608855234187 -0.046934658462668664 -0.030960987024898103 0.0062448945744951433 -0.0044350450627207022 0.035727917260809774 0.0035408358734138968 -0.0044102403176136448 -0.022669518367504943 0.037438286101061979 0.036884087810968885 0.036849089617984082 -0.040996200623255263 -0.045877843729601131 0.031567972727230088 0.044436547528432513 0.0016075562794845633 0.040888436194069455 0.009073761053211225 0.043052032399341751 0.038823469824340429 0.064308731477593264 -0.011341075528989353 0.053065052904226695 0.090174094492171328 0.070262786385616186 0.058597852563160691 -0.02721866768653057
leaf_weight=23.346774594858292 9.4667161027900857 261.51876010606065 1.0532511747442175 72.779751664493233 81.082973494194448 349.78867870103568 30.1751156328246 110.70606997981668 245.33008651947603 245.83560560503975 110.10777372308075 10.840422035194932 33.498362164013088 36.094554159790277 6.2356001939624566 30.374533051624894 33.422725990414619 186.01498553296551 660.10441499575973 12.126607418060301 73.522334794979542 55.215981802437454 30.704243065789342 1.6805920526385296 6.0967900166288036 4.4864050270989537 5.4078943030908695 4.8749690484255552 1.4196821469813583 49.552554028108716
leaf_count=345 226 35657 12 7645 2809 10641 532 11881 4267 4307 2506 95 692 2724 93 2796 461 27369 4676 61 1926 4578 1166 12 76 35 51 51 17 2453
internal_value=0.00012801 -0.0141223 0.0130712 -0.0335365 0.0085681 0.00542427 -0.0193355 0.0150421 -0.00246039 -0.0109954 -0.00633437 -0.0172821 0.00754668 0.00910753 0.000471207 -0.000646421 0.0144857 0.0436728 0.00132399 0.00231616 0.0290854 0.0265696 0.0178378 -0.0253256 0.028984 0.00540499 0.0464623 0.0249171 -0.0225264 -0.0389484
internal_weight=2782.87 1324.55 1458.31 568.397 1271.25 1102.34 306.878 496.589 605.747 326.919 184.546 120.948 278.828 385.883 756.154 727.633 63.5978 187.068 697.258 672.231 168.909 159.443 104.227 25.0274 28.5213 12.1417 16.3797 10.9718 7.65528 122.332
internal_count=130160 57562 72598 49349 45217 37321 13692 25246 12075 7116 3594 2601 4959 13365 8213 7890 993 27381 5094 4737 7896 7670 3092 357 323 145 178 127 110 10098
is_linear=0
shrinkage=0.05


Tree=90
num_leaves=31
num_cat=0
split_feature=9 8 12 9 13 12 3 11 8 9 8 2 10 8 9 10 3 3 8 9 8 4 9 9 4 10 12 2 13 4
split_gain=175.523 136.354 76.671 64.9751 33.4863 29.0079 27.0677 23.6692 17.5614 22.925 16.4144 12.7437 11.4739 10.8095 9.23473 9.21202 9.79596 13.3524 7.82716 6.14853 9.95974 5.76434 6.19678 34.9489 28.2874 5.20364 5.03498 17.0424 6.17711 6.20282
threshold=0.18350168317556384 24.575783729553226 6.5000000000000009 0.059714796021580703 1.0000000180025095e-35 1.5000000000000002 81.165538787841811 1.0000000180025095e-35 41.103500366210945 0.30901856720447546 35.90789985656739 89.417694091796889 1.5000000000000002 61.128803253173835 0.37797619402408605 1.5000000000000002 77.032970428466811 30.940170288085941 40.68782043457032 0.13188406080007556 27.127161979675297 0.22335600852966311 0.73508772253990184 0.71825397014617931 0.29679679870605474 1.5000000000000002 1.5000000000000002 68.614070892333999 1.0000000180025095e-35 1.0000000180025095e-35
decision_type=2 2 2 2 2 2 2 2 2 2 2 2 2 2 2 2 2 2 2 2 2 2 2 2 2 2 2 2 2 2
left_child=1 26 5 -3 19 15 8 12 18 -10 11 -6 -8 -12 -9 16 17 -2 -7 -5 -21 -4 23 25 -25 -23 28 -28 29 -1
right_child=2 3 21 4 10 6 7 14 9 -11 13 -13 -14 -15 -16 -17 -18 -19 -20 20 -22 22 -24 24 -26 -27 27 -29 -30 -31
leaf_value=-0.022661302397003015 0.037487399807074183 -0.049809494771177847 0.047549643147876124 -0.046131506449454768 -0.0020386477813318592 0.034554009195823195 0.005076823530676392 0.0096576247983404372 -0.02730739934861642 0.00016054916045493968 -0.015168650789804883 0.04982717998056909 0.040929194099605562 0.040947831754073502 0.040803156605065866 0.057122827799886616 0.038521774801353374 -0.0026622468201584057 0.14803051609581999 0.1899565156564903 -0.024811662423662516 0.029195108953009353 0.043415224317671822 -0.98117351606751013 -0.17683388028895711 -0.047115509153560213 -0.036180817731033536 0.0012602036057302341 0.02848194196887522 0.010713670469941849
leaf_weight=18.064205396920443 32.766876883339137 264.61123997438699 139.75571932736784 70.733316329773515 24.724143803119659 17.313325420022014 380.24721849896014 32.588618321809918 91.118256099522114 456.68396014533937 126.4176350068301 22.732733804732561 23.707289262674749 9.2064567562192661 88.248266923241317 22.143009227700531 57.988092723768204 56.268165058922023 1.6658223066478957 0.54688789695501228 41.764016292989254 13.54701894614846 21.552424655295908 0.1454145610332479 0.44023006781935692 2.675106559880077 32.091435883194208 574.33897091355175 34.299326887354255 60.705246889032423
leaf_count=141 2101 37789 21661 7708 315 297 12220 1472 3641 6983 2871 282 1634 76 11405 1517 3191 1102 25 4 2182 1815 3308 22 70 378 646 4054 339 768
internal_value=0.000147199 -0.0133204 0.0121301 -0.0318043 -0.0157152 0.00779184 0.00480615 0.0129886 -0.00277011 -0.00440831 -0.00250324 0.0228061 0.00718093 -0.0113593 0.0324035 0.0270575 0.0225294 0.0121137 0.044514 -0.0371128 -0.0220357 0.0428372 0.0256684 0.00291194 -0.37655 0.0166111 0.00108495 -0.000721122 0.0107716 0.00305979
internal_weight=2719.09 1280.24 1438.85 560.736 296.125 1260.74 1091.57 524.791 566.781 547.802 183.081 47.4569 403.955 135.624 120.837 169.166 147.023 89.035 18.9791 113.044 42.3109 178.116 38.3602 16.8078 0.585645 16.2221 719.499 606.43 113.069 78.7695
internal_count=130017 57175 72842 51227 13438 45588 37677 26731 10946 10624 3544 597 13854 2947 12877 7911 6394 3203 322 9894 2186 27254 5593 2285 92 2193 5948 4700 1248 909
is_linear=0
shrinkage=0.05


Tree=91
num_leaves=31
num_cat=0
split_feature=9 13 8 9 12 12 4 2 8 12 12 9 0 9 8 8 2 4 2 4 12 4 4 2 12 12 4 2 4 9
split_gain=176.528 56.7138 64.7365 75.3461 46.5443 26.3756 20.9065 17.4634 16.7261 15.8654 17.3156 15.5247 14.8861 14.7204 23.3247 31.0019 14.3457 11.7376 14.2835 12.5125 9.96204 9.94755 11.1857 10.2071 6.78233 7.86333 6.8537 6.64959 7.84273 8.02658
threshold=0.45643940567970281 1.0000000180025095e-35 27.127161979675297 0.13423423469066623 5.5000000000000009 1.5000000000000002 0.18274582922458651 44.575162887573249 42.891986846923835 4.5000000000000009 3.5000000000000004 0.15075758099555972 0.42252655327320104 0.78759399056434642 92.071350097656264 98.08304595947267 85.89511871337892 0.50333333015441906 93.44086074829103 0.51250782608985912 1.5000000000000002 0.24283374845981601 0.76043477654457103 41.223155975341804 2.5000000000000004 1.5000000000000002 0.32200460135936743 91.476997375488295 0.98275861144065868 0.1490740776062012
decision_type=2 2 2 2 2 2 2 2 2 2 2 2 2 2 2 2 2 2 2 2 2 2 2 2 2 2 2 2 2 2
left_child=1 2 11 -4 7 27 9 12 20 10 -7 24 -2 14 -9 -16 -10 18 -8 -19 -5 23 -23 -14 25 -1 -26 28 29 -3
right_child=4 5 3 8 -6 6 17 13 16 -11 -12 -13 21 -15 15 -17 -18 19 -20 -21 -22 22 -24 -25 26 -27 -28 -29 -30 -31
leaf_value=0.0014923906173227965 0.017626450203784307 -0.0041191187041722524 -0.048755123346771685 0.061597117676487123 0.039669322818577261 0.008617089862058714 -0.033196687537504939 0.024230820272668027 -0.022831344238723923 0.020284674664748287 -0.016083968846288706 0.12506065304386971 -0.029994316400497958 0.039414781229679632 -0.029534721943963751 0.04846705909112007 0.0030840093058023491 0.09411961903340707 -0.0078423524118658508 -0.00079031698270795126 0.0033360290352881894 0.0064842721703765975 -0.047182181855188958 0.051200632119976303 -0.0010443454923154726 -0.018623001994557794 0.022408405788736947 0.043275380207805331 0.053705858493922502 0.026172030787589236
leaf_weight=85.105939652305096 122.47843087883666 44.71243183221668 243.25548991840333 10.771360778249798 210.59555469499901 175.82078275782987 93.657543931156397 175.80249905865639 187.87982659228146 118.92178302956745 118.94876757496968 2.3754842765629283 47.677585027180612 79.106098029296845 51.380686175543815 16.937844763044268 74.605622538831085 3.6133567481301716 136.51649415167049 89.182092045433819 23.013478786684573 125.43541007488966 10.524120632559059 4.2126739602535954 210.89313993090764 113.21148620266467 36.550288055557758 28.555462677031755 12.060113091021774 42.807080511469394
leaf_count=1283 4129 1511 36275 155 30215 4666 3362 9039 5495 4904 3106 15 310 8119 2268 822 1529 86 3453 1920 801 945 205 48 1583 1485 202 906 414 638
internal_value=0.000354426 -0.00828139 -0.0164678 -0.0281343 0.0193054 0.00106809 -0.00257369 0.0125364 -0.0112033 0.00486881 -0.00135056 -0.00242216 0.00406441 0.0206703 0.0145963 -0.0101962 -0.0154655 -0.0121068 -0.018159 0.00290538 0.021911 -0.00477807 0.00233015 -0.0234026 -0.00310152 -0.00999068 0.0024199 0.0220051 0.0159056 0.0106967
internal_weight=2696.61 1852.46 987.662 539.526 844.151 864.796 736.661 633.555 296.27 413.691 294.77 448.136 310.328 323.227 244.121 68.3185 262.485 322.969 230.174 92.7954 33.7848 187.85 135.96 51.8903 445.761 198.317 247.443 128.135 99.5796 87.5195
internal_count=129889 73789 48823 44255 56100 24966 21497 25885 7980 12676 7772 4568 5637 20248 12129 3090 7024 8821 6815 2006 956 1508 1150 358 4553 2768 1785 3469 2563 2149
is_linear=0
shrinkage=0.05


Tree=92
num_leaves=31
num_cat=0
split_feature=9 8 12 9 13 13 9 8 8 9 7 0 9 1 12 2 9 12 9 2 2 2 12 12 9 2 4 4 10 4
split_gain=174.983 114.249 66.2501 44.6391 28.9415 27.6036 21.532 21.2961 26.5667 16.9732 36.8539 15.2865 15.5937 15.0265 16.7736 14.7284 13.5607 17.1806 13.1557 12.5937 20.5151 8.6658 8.61218 10.7633 8.59407 8.47515 6.86584 6.62702 10.7881 5.06493
threshold=0.18350168317556384 30.202253341674808 6.5000000000000009 0.075498577207326903 1.0000000180025095e-35 1.0000000180025095e-35 0.78759399056434642 98.08304595947267 91.809112548828139 0.042572464793920524 1.0000000180025095e-35 0.63168936967849743 0.95119047164917003 68.042552947998061 1.5000000000000002 27.842377662658695 0.54006412625312816 2.5000000000000004 0.11882352828979494 40.253164291381843 19.433517456054691 49.151567459106452 4.5000000000000009 1.5000000000000002 0.077935222536325469 34.330356597900398 0.68801230192184459 0.98275861144065868 1.0000000180025095e-35 0.3442887961864472
decision_type=2 2 2 2 2 2 2 2 2 2 2 2 2 2 2 2 2 2 2 2 2 2 2 2 2 2 2 2 2 2
left_child=1 9 4 -3 6 27 7 8 -2 10 -1 12 15 14 -7 -6 17 -13 -15 20 -8 -12 23 -11 -24 -4 -23 -5 -29 -25
right_child=2 3 25 5 11 13 19 -9 -10 22 21 16 -14 18 -16 -17 -18 -19 -20 -21 -22 26 24 29 -26 -27 -28 28 -30 -31
leaf_value=-0.048330963752760941 -0.0021643127323766119 -0.049282320302343266 -0.08071583745262019 -0.0455205558840516 0.012225009865638981 0.0098047922966032711 0.033680416553514336 0.045813269048435773 -0.038766967223339131 0.062341890847698256 -0.054987014967853701 0.036104643587035017 0.041653766763554138 0.035353129464656616 -0.041277332979347763 -0.014350398390342836 0.036873895024379114 0.0065749668270603662 -0.0058140802203926392 0.0337277426626525 -0.021711052324333124 0.00012519666560320249 0.15539293285312991 -0.021585283853388676 0.042822313929787408 0.04245044446623978 -0.047908522722991606 0.085266466824919659 -0.027388212574548761 0.028198888605847284
leaf_weight=43.685208004433662 432.68372160987929 226.05653796019033 1.4086537212133396 80.878272538539022 132.71307703759521 25.115495197474957 30.247519264463335 20.375997961964458 55.988713641650975 9.4439789191819745 7.3490378428250542 71.177038202062249 27.625597949605435 29.590093386359513 44.623352318070829 85.868898534215987 111.90873778983951 159.93547973502427 56.390227450057864 66.381521217525005 37.365021146833897 677.99982187896967 2.3883627541363222 12.839468689169736 5.8441349752247334 164.6078577125445 7.5219970420002928 2.4623393137007961 15.518008363433182 8.4853371060453338
leaf_count=5258 11109 34335 18 8445 2623 305 1716 1006 1790 133 156 2374 1013 608 1672 1366 9234 6335 413 6664 277 4919 16 220 70 27339 40 19 551 109
internal_value=-0.000413517 -0.0139575 0.0117541 -0.0331119 0.00775942 -0.0187531 0.000424435 -0.0042697 -0.00635799 -0.00208708 -0.00378917 0.0157643 0.00625844 -0.00563473 -0.0228808 0.00178499 0.0225872 0.0156694 0.0083536 0.0182576 0.00306918 -0.000980827 0.0300576 0.0179042 0.0754806 0.0414054 -0.000401861 -0.0394167 -0.0119606 -0.0017757
internal_weight=2654.48 1256.19 1398.29 480.634 1232.27 254.578 643.042 509.048 488.672 775.557 736.556 589.229 246.208 155.719 69.7388 218.582 343.021 231.113 85.9803 133.994 67.6125 692.871 39.0013 30.7688 8.2325 166.017 685.522 98.8586 17.9803 21.3248
internal_count=130133 57269 72864 46348 45507 12013 22562 13905 12899 10921 10373 22945 5002 2998 1977 3989 17943 8709 1021 8657 1993 5115 548 462 86 27357 4959 9015 570 329
is_linear=0
shrinkage=0.05


Tree=93
num_leaves=31
num_cat=0
split_feature=9 13 8 9 12 12 8 12 1 2 13 3 9 12 2 9 8 12 3 8 9 9 8 4 9 3 0 9 1 4
split_gain=135.81 50.4555 54.3997 78.5341 46.2949 28.7439 27.7625 20.0141 17.8524 17.5567 15.3311 14.7688 12.5027 12.3387 11.8235 10.5157 17.1359 12.0766 9.83441 9.61588 9.31209 7.93827 7.27331 7.13502 11.1569 8.00717 8.62761 7.87452 6.41614 9.12542
threshold=0.45643940567970281 1.0000000180025095e-35 1.0000000180025095e-35 0.13188406080007556 5.5000000000000009 1.5000000000000002 36.930006027221687 2.5000000000000004 87.20676422119142 85.053192138671889 1.0000000180025095e-35 90.787876129150405 0.69397994875907909 4.5000000000000009 85.053192138671889 0.18898809701204303 30.202253341674808 3.5000000000000004 77.871940612792983 65.176864624023452 0.77097901701927196 0.58578431606292736 92.193038940429702 0.059714796021580703 0.77097901701927196 99.425289154052749 0.65200337767601024 0.71825397014617931 61.620294570922859 0.58411949872970592
decision_type=2 2 2 2 2 2 2 2 2 2 2 2 2 2 2 2 2 2 2 2 2 2 2 2 2 2 2 2 2 2
left_child=1 2 -1 -4 7 28 -5 12 15 -8 19 -10 18 -13 -12 16 -7 -17 21 -9 -21 -2 -20 -6 25 26 -25 -27 29 -3
right_child=4 5 3 6 23 8 9 10 11 -11 14 13 -14 -15 -16 17 -18 -19 22 20 -22 -23 -24 24 -26 27 -28 -29 -30 -31
leaf_value=-0.0023807342366769461 0.016521248541862217 0.0032268947700162969 -0.047998336106768347 0.058825490619482779 0.044917153323737267 -0.0034744139318809522 -0.020648566301501293 0.059442840666508991 0.057485909557455965 0.0068965596898151946 0.0050910497133738377 -0.0034933047474678216 0.040674138961866987 0.017533886358738367 0.029969441926041559 0.011165276408257162 -0.030251796644968378 -0.015818071476007667 0.044734591285756069 -0.013579919218536097 0.0063301860728432737 -0.019296161826020158 -0.0050878650204714297 -0.085959021180760292 0.045962814900457533 -0.0005148819278553503 0.046854342960835717 -0.08393529993839989 0.040670393951821593 0.037593231514427054
leaf_weight=427.62803811393678 35.866007267963141 52.50668620178476 233.97462860820815 14.265026910696177 127.45809109555557 124.6453929618001 199.83173136925325 5.8657224439084521 13.461492874659596 81.418232516851276 122.78076108172536 196.56125668343157 70.730182920116931 108.1538331033662 78.158556188456714 99.625112439040095 114.74921045498922 71.030238781590015 30.440357812680304 142.00843399763107 100.13993270369247 27.202285156585276 9.6466295341961068 1.3473409870639432 33.213898261077702 18.464757063426081 13.226042028982191 3.3407313739880911 38.013291671406478 30.55834240745753
leaf_count=3134 799 1347 37584 237 20438 1483 6229 87 502 1650 2121 4880 5077 4609 6122 1985 6264 1900 1811 3962 4918 651 406 21 5265 2448 1763 435 1279 811
internal_value=-0.000113285 -0.00777333 -0.0156449 -0.0263574 0.0167637 0.00109752 -0.00922317 0.0100809 -0.00265316 -0.0126746 0.00450285 0.00623413 0.0244828 0.00396997 0.0147679 -0.00954922 -0.0163096 -6.57435e-05 0.0133809 -0.00381383 -0.00534614 0.00107267 0.0327452 0.0378868 0.0250108 0.00588168 0.0345755 -0.0132954 0.0236561 0.0158697
internal_weight=2626.31 1806.42 957.118 529.49 819.89 849.305 295.515 622.839 728.227 281.25 448.953 318.177 173.885 304.715 200.939 410.05 239.395 170.655 103.155 248.014 242.148 63.0683 40.087 197.051 69.5928 36.3789 14.5734 21.8055 121.078 83.065
internal_count=130218 73894 48834 45700 56324 25060 8116 25954 21623 7879 17210 9991 8744 9489 8243 11632 7747 3885 3667 8967 8880 1450 2217 30370 9932 4667 1784 2883 3437 2158
is_linear=0
shrinkage=0.05


Tree=94
num_leaves=31
num_cat=0
split_feature=9 8 9 12 1 12 13 12 4 13 9 3 12 2 8 9 7 12 4 2 4 8 8 8 9 9 9 12 1 2
split_gain=133.262 97.8367 64.6741 64.3214 30.5869 27.0787 26.7006 21.5085 17.2607 16.3653 16.4682 15.7288 14.7212 14.4768 14.1599 12.8976 29.7757 12.8565 10.2421 8.1456 7.71656 7.58038 11.4263 11.7297 7.55757 36.8771 7.96252 7.29439 6.68087 6.2447
threshold=0.21240601688623431 29.519198417663578 0.059714796021580703 6.5000000000000009 55.625879287719734 1.5000000000000002 1.0000000180025095e-35 1.5000000000000002 0.82404541969299328 1.0000000180025095e-35 0.16064515709877017 49.675325393676765 4.5000000000000009 30.341388702392582 39.631141662597663 0.04446640424430371 1.0000000180025095e-35 2.5000000000000004 0.84924244880676281 53.001201629638679 0.22335600852966311 49.013114929199226 88.784862518310561 88.247200012207045 0.7379862666130067 0.73030304908752453 0.71825397014617931 1.5000000000000002 27.953488349914554 74.352157592773452
decision_type=2 2 2 2 2 2 2 2 2 2 2 2 2 2 2 2 2 2 2 2 2 2 2 2 2 2 2 2 2 2
left_child=1 15 -3 5 7 21 12 8 -4 10 -6 13 17 -8 -11 16 -1 -7 -13 -18 28 -2 23 -23 25 26 -22 -17 -5 -29
right_child=3 2 4 20 9 6 11 -9 -10 14 -12 18 -14 -15 -16 27 19 -19 -20 -21 24 22 -24 -25 -26 -27 -28 29 -30 -31
leaf_value=-0.046354857180323866 0.055709798070091715 -0.050315797408445322 -0.025267739256305766 -0.29774191838666014 -0.047593847622996628 0.0030092019905417038 0.0096776809285010201 -0.04648662382926054 0.036247353302028489 0.031082347285090142 0.022577109742943288 0.020478095535300816 0.010916455704993945 -0.022686437198795893 -0.0031837910856195094 0.071192647008686757 -0.038953053363243569 -0.015407229568491521 -0.08238567175130769 0.0016217197079783068 0.012195276595419439 0.015762483754584052 0.047804971595600744 -0.13196047467196095 0.042441077751046996 -0.66177868076602453 -0.15827873545291518 -0.016290363309096886 0.048195424145432118 0.034543460225171449
leaf_weight=35.034717687871307 20.704275988508016 200.51621964247897 37.192023777402937 0.13972996175289054 29.848875595256686 156.18883693311363 127.76846988592297 89.036585996858776 16.445932587608695 44.541986116208136 11.614752682857214 307.68066734448075 135.5891001415439 47.360785888507962 93.300251241773367 8.1317591294646245 12.59766775742173 240.97597275255248 2.4391321768052867 682.83916824311018 14.871163958683605 86.068034789059311 33.483303410001099 1.3650964885018755 18.690016134176403 0.21057973569259125 0.71804772969335395 9.1881157299503702 118.58071026206017 17.641304826829582
leaf_count=4314 469 34100 1753 1 3740 3938 1669 7096 201 700 278 16237 7514 561 1272 118 275 6014 92 4859 2197 3727 3333 119 3324 23 75 140 21774 226
internal_value=8.20279e-05 -0.0113449 -0.0280246 0.0112922 -0.0141425 0.00726944 0.00441964 -0.0314187 -0.0064066 -0.000395828 -0.0279376 0.0129043 -0.0033085 0.000925345 0.00788888 4.08425e-05 -0.00137907 -0.00816479 0.0196691 0.000886718 0.0417401 0.0277545 0.0229677 0.0134561 0.0209214 -0.00453493 0.00434315 0.0297082 0.0477883 0.0171347
internal_weight=2600.76 1287.93 522.497 1312.83 321.98 1159.62 1018 142.675 53.638 179.306 41.4636 485.249 532.754 175.129 137.842 765.433 730.472 397.165 310.12 695.437 153.21 141.621 120.916 87.4331 34.4898 15.7998 15.5892 34.9612 118.72 26.8294
internal_count=130139 59072 49140 71067 15040 43673 36025 9050 1954 5990 4018 18559 17466 2230 1972 9932 9448 9952 16329 5134 27394 7648 7179 3846 5619 2295 2272 484 21775 366
is_linear=0
shrinkage=0.05


Tree=95
num_leaves=31
num_cat=0
split_feature=9 13 8 9 12 8 12 12 1 2 9 8 10 9 13 12 12 8 1 1 8 0 1 2 7 10 9 8 12 4
split_gain=124.759 48.4964 54.4353 61.8902 40.7715 22.9659 21.9623 20.0379 17.9211 16.9852 14.7093 14.8634 14.1634 13.8711 13.2947 13.2848 12.8873 11.1874 10.1453 9.4417 8.97713 11.5931 7.45158 6.19397 5.40026 5.28278 12.1258 10.7875 5.22564 4.85137
threshold=0.44097222387790685 1.0000000180025095e-35 27.127161979675297 0.17519181966781619 6.5000000000000009 53.368236541748054 1.5000000000000002 1.5000000000000002 84.561214447021499 85.89511871337892 0.19756097346544269 31.605799674987797 1.0000000180025095e-35 0.15075758099555972 1.0000000180025095e-35 3.5000000000000004 3.5000000000000004 65.176864624023452 41.223155975341804 60.49571609497071 96.313285827636733 0.66671696305274974 61.620294570922859 58.64367866516114 1.0000000180025095e-35 1.0000000180025095e-35 0.04446640424430371 42.022895812988288 5.5000000000000009 0.55217784643173229
decision_type=2 2 2 2 2 2 2 2 2 2 2 2 2 2 2 2 2 2 2 2 2 2 2 2 2 2 2 2 2 2
left_child=1 2 13 -4 7 19 22 -2 10 -7 11 -8 15 23 17 -10 -12 -9 -19 -5 21 -16 25 29 -25 26 -3 -27 -14 -1
right_child=4 6 3 5 -6 9 8 14 12 -11 16 -13 28 -15 20 -17 -18 18 -20 -21 -22 -23 -24 24 -26 27 -28 -29 -30 -31
leaf_value=-0.042314190730531082 0.038133943397794558 -0.0034607647211451495 -0.046107489003936637 -0.00051813683733950501 0.04098797306769069 -0.033403779242101035 -0.006024712895037569 0.041378765303862461 0.016928765492369279 0.0019645585895443404 0.013902894864494031 -0.032260334594778957 0.018456709853927195 0.11928203863711893 0.00079327822564546164 -0.0064654747108493036 -0.016258998584976439 -0.0098168569911669841 0.0073891976817449592 0.034762065551093319 0.037966632703669401 0.023209499594064431 0.040019092334195656 -0.041443579390929616 -0.0017291720649978274 0.035131457365839031 0.046607815113272139 -0.025109099819719812 0.051506797767463919 0.032928908958067056
leaf_weight=15.9139934736304 61.342767381109297 22.804796767886728 230.0284730643034 66.151498163118958 133.37663620570675 104.17517143674195 116.62698967568576 17.20634376630187 93.079787526745349 50.352844019886106 91.440274300053716 100.51039017131552 33.943884561304003 2.3018807116895905 108.26254714466631 174.36158266477287 57.801280924119055 148.87954279687256 201.7973829372786 26.585191728547215 41.581262472085655 123.44666504720226 36.122836196329445 8.739437058567999 416.1894501298666 11.718699496705083 25.743359411833808 20.313989812973887 18.466872612945735 2.4754927335306993
leaf_count=746 5636 968 37954 2468 25489 2211 1728 226 2059 964 1772 5683 1292 14 1325 4369 1492 2018 11854 280 2431 8933 1228 1010 2730 213 525 399 1931 37
internal_value=-0.000210134 -0.00788927 -0.015707 -0.0274403 0.0156448 -0.0100744 0.00109668 0.0108332 -0.00231349 -0.021879 -0.00986315 -0.0181689 0.00633436 -0.00313979 0.00822131 0.00167661 0.00222119 0.00201577 8.43841e-05 0.00959578 0.0165747 0.0127359 0.0211489 -0.00377546 -0.00254597 0.0126897 0.0230888 -0.00307096 0.0301019 -0.0321854
internal_weight=2561.74 1725.85 922.913 477.293 835.893 247.265 802.935 702.517 686.231 154.528 366.379 217.137 319.852 445.62 641.174 267.441 149.242 367.883 350.677 92.7367 273.29 231.709 116.704 443.318 424.929 80.5808 48.5482 32.0327 52.4108 18.3895
internal_count=129985 72073 48414 43877 57912 5923 23659 32423 20326 3175 10675 7411 9651 4537 26787 6428 3264 14098 13872 2748 12689 10258 3333 4523 3740 2105 1493 612 3223 783
is_linear=0
shrinkage=0.05


Tree=96
num_leaves=31
num_cat=0
split_feature=12 13 8 7 0 8 2 12 10 2 3 3 12 12 8 3 4 12 0 8 4 8 10 0 3 3 3 10 8 4
split_gain=102.229 50.1845 34.2161 42.9767 52.8122 21.9516 19.5654 19.1481 12.6471 10.7467 9.89948 9.32317 8.86274 11.7611 8.95625 8.44688 12.0366 8.18374 7.07894 7.04382 9.58226 6.69733 6.48733 5.62877 11.8604 9.65486 5.26728 4.65861 4.95714 4.70737
threshold=6.5000000000000009 1.0000000180025095e-35 74.310997009277358 1.0000000180025095e-35 0.43343253433704382 86.284465789794936 86.391696929931655 1.5000000000000002 1.0000000180025095e-35 88.998897552490249 97.100841522216811 97.617694854736342 2.5000000000000004 4.5000000000000009 82.674114227294936 69.309261322021499 0.98275861144065868 3.5000000000000004 0.91429260373115551 96.313285827636733 0.059714796021580703 97.793998718261733 1.0000000180025095e-35 0.84572094678878795 88.303691864013686 89.927536010742202 71.535182952880874 5.5000000000000009 93.512504577636733 0.18677325546741488
decision_type=2 2 2 2 2 2 2 2 2 2 2 2 2 2 2 2 2 2 2 2 2 2 2 2 2 2 2 2 2 2
left_child=1 2 3 4 8 7 -6 15 -1 11 -11 -9 14 22 18 16 -3 -7 -4 20 -19 -15 -14 25 -25 -5 -2 29 -29 -28
right_child=26 5 12 23 6 17 -8 9 -10 10 -12 -13 13 21 -16 -17 -18 19 -20 -21 -22 -23 -24 24 -26 -27 27 28 -30 -31
leaf_value=0.075982561159515349 -0.018508384200091457 -0.0048074806393704483 -0.01807248467032575 -0.032397120238566911 -0.041487271956303348 0.036305068058477857 -0.01765879018433714 -0.0077545672403247631 0.0010131209272702579 0.029745027905369412 0.0015823390421523715 -0.10850788185961223 -0.023542934455580963 0.0047228884374101096 0.026158661642978184 0.031960502778064753 0.048978712055174581 0.030227303961673741 0.053008709216632144 0.033042527671795094 -0.003177901021805183 0.033766881654272829 -0.0025909750592606729 0.019689870084217045 -0.0045740404190128077 0.015658073964791672 0.047792029984688712 -0.44606519283564272 0.050260359978992614 0.026579489577111388
leaf_weight=5.9207650623284271 3.6682121213525525 49.666462092660367 23.593546070158485 36.000345336273313 253.83995932713151 57.287208025343716 130.40058263391256 296.05386814335361 112.81608197838068 33.591123466845602 439.00646429462358 2.3140153926797202 55.027445554733276 84.562664423137903 68.658040510024875 67.189278800971806 13.157215157523749 30.961763348896056 4.1133232144638887 35.191717007663101 70.00687648402527 25.936362840700895 112.42993766162544 59.932566776871681 315.44555871933699 14.728259254246948 105.4188277698122 0.10074400529265304 0.10048866225406528 34.783188010565937
leaf_count=228 162 1224 521 765 30061 3568 13016 8517 2463 1370 12428 54 1804 4563 3995 2338 653 2432 165 2127 2474 2416 3053 496 1780 83 21039 21 20 6119
internal_value=-0.00026797 -0.00272583 -0.00935407 -0.0144962 -0.0243941 0.00516808 -0.0334005 0.00188686 0.00475144 -0.00110645 0.00358408 -0.00853597 0.00340886 -0.00112119 0.0164754 0.0196369 0.00645701 0.0204503 -0.00751987 0.0137796 0.00706572 0.0115401 -0.00947591 -0.00281265 -0.000700084 -0.018445 0.040639 0.0421843 -0.198217 0.0425293
internal_weight=2541.9 2397.83 1303.41 929.084 502.977 1094.43 384.241 900.978 118.737 770.965 472.598 298.368 374.321 277.956 96.3649 130.013 62.8237 193.448 27.7069 136.16 100.969 110.499 167.457 426.107 375.378 50.7286 144.071 140.403 0.201233 140.202
internal_count=129955 102594 65409 48892 45768 37185 43077 26584 2691 22369 13798 8571 16517 11836 4681 4215 1877 10601 686 7033 4906 6979 4857 3124 2276 848 27361 27199 41 27158
is_linear=0
shrinkage=0.05


Tree=97
num_leaves=31
num_cat=0
split_feature=9 8 9 3 11 1 4 4 1 0 8 9 4 2 9 7 8 8 4 0 4 8 8 3 1 9 9 8 8 8
split_gain=107.991 105.192 51.1495 39.1209 59.6037 26.2485 20.7214 27.4888 19.2436 18 17.6381 16.9501 16.6172 15.4469 14.4565 34.3671 14.0561 12.2153 12.1677 10.9246 10.6663 10.6526 9.33959 8.70799 8.60808 8.90055 13.3208 8.29137 8.20058 7.16373
threshold=0.19756097346544269 30.202253341674808 0.080540537834167494 81.165538787841811 1.0000000180025095e-35 68.042552947998061 0.98275861144065868 0.77032968401908886 68.614070892333999 0.85212409496307384 53.368236541748054 0.61721614003181469 0.14434523880481723 28.778468132019047 0.042572464793920524 1.0000000180025095e-35 36.07402420043946 36.21368598937989 0.27823315560817724 0.47371079027652746 0.98275861144065868 42.524209976196296 92.193038940429702 91.36645889282228 78.08689117431642 0.77097901701927196 0.75499999523162853 72.982837677001967 35.651241302490241 83.291034698486342
decision_type=2 2 2 2 2 2 2 2 2 2 2 2 2 2 2 2 2 2 2 2 2 2 2 2 2 2 2 2 2 2
left_child=1 14 -3 6 9 20 7 8 13 -5 -8 27 22 -2 15 -1 28 -18 -14 29 23 -22 -11 -4 25 26 -6 -12 -7 -9
right_child=3 2 5 4 24 16 10 19 -10 12 11 -13 18 -15 -16 -17 17 -19 -20 -21 21 -23 -24 -25 -26 -27 -28 -29 -30 -31
leaf_value=-0.047831381153640468 0.0073365096585446187 -0.048830481458209396 -0.042152776263362071 0.039348407948872059 0.013269380296797041 0.036877183399974145 0.045119814429098418 -0.079059361178489385 0.032607453349600808 0.017803264758684014 0.0021879364338308347 0.03051515626468634 -0.031983457220667734 -0.012022243768789936 0.030244012441726795 0.0018224422276949721 -0.18915517929282788 -0.0016802393264676375 0.00029722544798060246 -0.026572434024086201 0.032764273463495801 -0.03119444728768539 -0.0056436401236897894 -0.00052477961300508383 0.045231987497525217 0.04666855573673067 -0.24388331449392259 -0.036167148371596611 0.16491803730219146 -0.18428275678186593
leaf_weight=36.694378633983433 172.7848045816645 195.25731838354841 91.426560399588197 40.783223212230951 42.513363721314818 13.726897242944686 41.550781643018126 6.1146312421187776 38.702710997778922 183.91103441920131 63.501542277168483 50.580100508406758 41.588317375164479 255.30009763361886 39.869514008052647 692.54551300406456 0.87707957625388999 92.917692626360804 97.936419564299285 8.6247069081291539 12.423986379988493 13.677138418890534 55.224692177493125 14.564043650403617 168.19937049550936 27.434714238159359 0.50964151881635089 18.108345021959394 1.3758490211330343 2.1993413213640451
leaf_count=5238 2624 35192 7512 2139 3957 326 725 87 2358 7930 972 3179 1092 5381 565 5135 14 2586 2797 194 276 476 2986 347 31043 4824 71 323 41 20
internal_value=0.000613816 -0.0101976 -0.0298101 0.0105195 0.0191376 -0.0143991 0.00189316 -0.00342662 -0.00115608 0.00778716 0.0167044 0.00777267 0.00438789 -0.00420861 0.00092678 -0.000676072 0.00377496 -0.00343333 -0.00932472 -0.0659968 -0.029382 -0.000750461 0.0123886 -0.0364327 0.0390861 0.0244142 0.0102232 -0.00632264 0.0485416 -0.106895
internal_weight=2520.92 1205.36 436.247 1315.57 658.101 240.989 657.467 483.726 466.788 419.444 173.741 132.19 378.66 428.085 769.109 729.24 108.898 93.7948 139.525 16.9387 132.092 26.1011 239.136 105.991 238.657 70.4577 43.023 81.6099 15.1027 8.31397
internal_count=130410 57708 46770 72702 56839 11578 15863 10664 10363 16944 5199 4474 14805 8005 10938 10373 2967 2600 3889 301 8611 752 10916 7859 39895 8852 4028 1295 367 107
is_linear=0
shrinkage=0.05


Tree=98
num_leaves=31
num_cat=0
split_feature=9 8 9 3 11 8 1 9 9 8 8 13 0 8 9 7 3 2 1 0 11 3 9 8 9 13 2 10 4 3
split_gain=100.627 39.9637 114.044 32.6686 46.1313 25.1014 23.6661 23.6478 18.8946 17.9791 24.518 24.5826 17.6995 13.6587 12.9582 25.6828 12.7301 12.6147 11.7212 12.0305 13.3946 10.4836 7.93077 10.6181 7.58241 6.07231 6.14195 5.8729 4.76442 4.11517
threshold=0.37797619402408605 29.519198417663578 0.084523811936378493 81.302967071533217 1.0000000180025095e-35 43.108610153198249 55.625879287719734 0.14087302237749103 0.22401433438062671 92.340286254882827 98.08304595947267 1.0000000180025095e-35 0.83714976906776439 60.221162796020515 0.042572464793920524 1.0000000180025095e-35 91.476997375488295 23.166368484497074 70.064933776855483 0.49295900762081152 1.0000000180025095e-35 62.145593643188484 0.5577777922153474 76.325832366943374 0.22902098298072818 1.0000000180025095e-35 58.919960021972663 1.0000000180025095e-35 0.26365442574024206 68.496238708496108
decision_type=2 2 2 2 2 2 2 2 2 2 2 2 2 2 2 2 2 2 2 2 2 2 2 2 2 2 2 2 2 2
left_child=1 14 -3 13 9 7 8 16 -7 22 11 -11 -8 29 15 -1 -4 -6 19 21 -21 -15 23 -5 -9 26 -17 -12 -27 -2
right_child=3 2 5 4 17 6 12 24 -10 10 27 -13 -14 18 -16 25 -18 -19 -20 20 -22 -23 -24 -25 -26 28 -28 -29 -30 -31
leaf_value=-0.045595602606842256 0.045946597267386202 -0.047630989627823549 -0.031522988042349674 0.033432940500879582 -0.59729990433034574 -0.040873415440121921 0.035765632991470946 0.01897168000141182 -0.010507110757600486 -0.041820485921370054 0.045872438801489751 0.027839782979665557 -0.0045569611818386379 0.0086039684385303041 0.028989964246177759 -0.034479748319765864 0.013544357328035045 0.042134571994762803 0.037415782174526617 -0.044116848924448136 -0.0043268689182859059 -0.16531309490397186 0.029082017483350393 -0.0016272293760961083 0.049166434618051258 0.011873856381362806 -0.001053535029945296 -0.063178323777959011 -0.0026092282998866831 -0.015372934689757338
leaf_weight=30.179408515337855 23.365876377094541 200.00162204541266 33.670009830966592 30.834763056132942 0.077161721885203316 82.89985623350367 31.110474495217204 61.92328625312075 134.07708638138138 48.945746699813753 19.145961048081521 17.085769579745829 217.33064470440149 210.13245699601248 39.437946024350822 14.211147477850316 29.308832029346377 190.08843414485455 21.793814432341605 24.400100566446781 158.81515991874039 0.87008644500747223 91.999954966828227 72.068929196801037 31.301097847288474 185.3728589899838 416.89968261122704 1.3197287190705527 81.859959499910474 3.0989696858450761
leaf_count=4284 337 37137 2523 1143 6 5664 839 1523 2845 2094 1198 1040 6433 4940 573 430 920 37197 2080 696 2360 20 5351 3064 701 1480 2727 166 520 56
internal_value=0.000475967 -0.00712528 -0.01479 0.0136951 0.0228515 -0.00422364 -0.0100444 0.0131197 -0.0221091 0.00999567 -0.00897575 -0.0237958 0.000492344 0.00393667 0.00107498 -0.000436176 -0.0105497 0.0418751 0.00172096 -0.000252377 -0.00962599 0.00788681 0.0184151 0.00887844 0.0291099 0.00151542 -0.0021554 0.0388403 0.00743733 0.0387662
internal_weight=2503.63 1589.58 821.623 914.043 471.566 621.621 465.418 156.203 216.977 281.401 86.4972 66.0315 248.441 442.476 767.961 728.523 62.9788 190.166 416.012 394.218 183.215 211.003 194.904 102.904 93.2244 698.344 431.111 20.4657 267.233 26.4648
internal_count=130347 68599 58585 61748 51259 21448 15781 5667 8509 14056 4498 3134 7272 10489 10014 9441 3443 37203 10096 8016 3056 4960 9558 4207 2224 5157 3157 1364 2000 393
is_linear=0
shrinkage=0.05


Tree=99
num_leaves=31
num_cat=0
split_feature=9 8 9 12 8 12 13 1 1 8 4 12 8 8 9 4 9 7 10 1 4 2 1 13 2 4 12 8 12 4
split_gain=96.1213 87.692 51.3583 51.0843 23.3057 23.2476 21.0523 13.4476 13.433 12.9238 12.2957 11.7921 11.2613 11.2187 13.737 10.4066 8.73697 25.8727 8.17343 11.0679 10.45 7.09288 6.8362 6.22654 5.84274 6.63596 5.56379 6.12904 5.36598 6.92171
threshold=0.19756097346544269 29.519198417663578 0.059714796021580703 6.5000000000000009 40.590608596801765 1.5000000000000002 1.0000000180025095e-35 69.00656890869142 73.20508193969728 60.221162796020515 0.98275861144065868 1.5000000000000002 91.809112548828139 44.327110290527351 0.46410256624221807 0.46225070953369146 0.042572464793920524 1.0000000180025095e-35 1.5000000000000002 60.120481491088874 0.90399384498596203 34.330356597900398 78.830558776855483 1.0000000180025095e-35 49.151567459106452 0.692928045988083 2.5000000000000004 27.127161979675297 4.5000000000000009 0.36055555939674383
decision_type=2 2 2 2 2 2 2 2 2 2 2 2 2 2 2 2 2 2 2 2 2 2 2 2 2 2 2 2 2 2
left_child=1 16 -3 5 7 18 8 11 10 22 -7 -4 -10 -8 -15 -9 17 -1 19 20 -2 -5 -6 -11 -19 -26 27 -18 29 -28
right_child=3 2 4 21 9 6 13 15 12 23 -12 -13 -14 14 -16 -17 26 24 -20 -21 -22 -23 -24 -25 25 -27 28 -29 -30 -31
leaf_value=-0.04713314847118516 -0.0005228877032934301 -0.050262213780090485 0.018789218228548957 -0.07214137956315457 -0.037394742333071572 -0.015325610828052916 0.040914696008581684 0.023091335632303926 0.016343443960088865 -0.058404873896403454 0.005707036722054833 -0.031206861936477516 -0.008027989223115874 0.00012779853601422445 0.017528582865173274 0.21295509711940819 0.022349009800082156 -0.04704242958630226 0.056695503428194571 0.040304502397801284 0.039678459236640706 0.04110889281751437 -0.014501122032540474 0.036746577512423266 0.0018047216496982568 -0.046765196762191749 -0.039222717854529771 0.084455349679393318 0.04214639464543106 0.038936334864511951
leaf_weight=29.28123429371044 62.717099990695715 163.85295684123412 19.195037961471826 1.3979971297085274 100.60088706249371 238.11356071056798 29.991872044745833 41.711495293304324 125.44669052027166 2.0370973446406397 98.121657692827284 30.587872363161296 76.183721086475998 214.16253060661256 241.11902284855023 0.73442359874024887 11.128543382510545 6.3084222245961419 17.810586031526327 46.063333530910313 21.778154621133581 125.20905269077048 48.246396530885249 11.021449250169098 675.02503354288638 7.1065287366509429 8.5626576440408844 6.1776627069339147 6.5976900458335868 4.233006394468247
leaf_count=4330 1427 34112 880 18 7661 6406 731 1319 5058 52 1684 1997 5120 6464 11898 12 115 148 1503 2968 1951 27404 1547 106 4943 37 125 146 79 40
internal_value=0.000313849 -0.0100639 -0.028435 0.00968662 -0.0143619 0.0064259 0.0037437 0.00569975 -0.00306884 -0.02579 -0.00918777 -0.0119296 0.00713498 0.0112946 0.00934333 0.0263765 0.000114655 -0.00110208 0.0249221 0.0205876 0.00983877 0.0398584 -0.0299742 0.0219032 0.000855747 0.00129871 0.0239099 0.0445186 0.00551921 -0.0133665
internal_weight=2470.52 1172.41 417.988 1298.12 254.135 1171.51 1023.14 92.2288 537.866 161.906 336.235 49.7829 201.63 485.273 455.282 42.4459 754.421 717.721 148.369 130.559 84.4953 126.607 148.847 13.0585 688.44 682.132 36.6996 17.3062 19.3934 12.7957
internal_count=130281 57649 47686 72632 13574 45210 37361 4208 18268 9366 8090 2877 10178 19093 18362 1331 9963 9458 7849 6346 3378 27422 9208 158 5128 4980 505 261 244 165
is_linear=0
shrinkage=0.05


Tree=100
num_leaves=31
num_cat=0
split_feature=9 2 13 8 9 11 12 2 8 8 9 4 12 1 4 0 9 0 8 8 1 11 3 0 9 3 12 4 4 9
split_gain=89.3944 37.5468 37.5032 39.8057 63.5809 28.83 18.2016 16.4566 16.3999 19.7343 29.6521 16.371 14.7708 16.5295 11.7343 11.3588 10.0878 13.1137 10.3833 9.36998 8.58126 8.5704 8.30668 9.49459 7.54545 6.75405 15.2731 6.35139 17.9107 8.93684
threshold=0.45643940567970281 41.223155975341804 1.0000000180025095e-35 22.291234970092777 0.11651583760976793 1.0000000180025095e-35 1.5000000000000002 85.053192138671889 91.809112548828139 97.533905029296889 0.78759399056434642 0.21103239059448245 1.5000000000000002 84.561214447021499 0.1651515141129494 0.94785329699516307 0.19756097346544269 0.69089615345001232 51.225519180297859 65.176864624023452 70.064933776855483 1.0000000180025095e-35 45.53429031372071 0.41036629676818853 0.44097222387790685 80.982517242431655 3.5000000000000004 0.98275861144065868 0.76043477654457103 0.61721614003181469
decision_type=2 2 2 2 2 2 2 2 2 2 2 2 2 2 2 2 2 2 2 2 2 2 2 2 2 2 2 2 2 2
left_child=2 11 3 -1 -5 8 14 -8 25 10 -10 22 20 16 -6 24 17 -14 -18 -13 -4 -17 23 -2 -15 26 -3 28 -21 -29
right_child=1 5 12 4 6 -7 7 -9 9 -11 -12 19 13 15 -16 21 18 -19 -20 27 -22 -23 -24 -25 -26 -27 -28 29 -30 -31
leaf_value=-0.0025669751765983874 0.030800997022241546 0.0079412989062356241 0.010301602265903705 -0.048818728275765555 -0.022937978595268277 0.036880522489448467 -0.025893993162713888 0.0031193664824631178 -0.041377411842867896 0.033140529765108943 0.029707701050792502 0.052045426989203704 -0.046816215636814401 0.045377528086703575 0.024560897628680353 0.0014083843871014294 0.021748871060063176 -0.010742111318975393 -0.006817592731927391 0.0028936385779519316 0.042217957119268318 0.02994870424759587 0.029037631493203667 -0.042968127500634251 -0.091632280283134707 0.025287453566794987 -0.15664868965498477 -0.0090991138036787388 -0.059565762948860138 0.02835374032998066
leaf_weight=430.51162761636078 4.9479752574115983 11.315648494288324 89.84672649926506 162.90123824169859 17.387683550827205 211.71562070446089 155.21966753760353 71.33693955373019 46.362440066877753 24.927514002658427 21.461103162262589 10.421426128596066 29.209920211695135 23.590902948752049 51.557480884250253 267.69785144645721 43.522932215128094 183.18364318227395 118.19830665690824 149.41840036166832 27.508302054367959 29.170397163834423 5.9240809697657815 36.819356542080641 1.049607197754084 133.88152470858768 1.6100343167781819 23.811665967106819 12.432760211639104 48.106257470790297
leaf_count=3314 48 548 2474 36693 267 37742 6149 1584 1508 1616 1904 166 1846 735 1010 6840 1039 5611 2551 1214 985 2836 63 230 92 7301 25 469 219 3188
internal_value=-6.91741e-05 0.0143988 -0.00638682 -0.013485 -0.0237387 0.0234374 -0.00991287 -0.0167584 0.0115566 -0.00490223 -0.0188843 0.000424404 0.00137437 -0.00139382 0.0125819 0.00692036 -0.0085389 -0.0157033 0.000870305 0.00565751 0.0177829 0.00421277 -0.0263703 -0.0342291 0.0395413 0.0219551 -0.0125602 0.00358954 -0.00190424 0.0159533
internal_weight=2445.05 743.156 1701.89 888.915 458.403 451.274 295.502 226.557 239.558 92.7511 67.8235 291.882 812.979 695.624 68.9452 321.509 374.115 212.394 161.721 244.191 117.355 296.868 47.6914 41.7673 24.6405 146.807 12.9257 233.769 161.851 71.9179
internal_count=130267 56241 74026 49017 45703 50644 9010 7733 12902 5028 3412 5597 25009 21550 1277 10503 11047 7457 3590 5256 3459 9676 341 278 827 7874 573 5090 1433 3657
is_linear=0
shrinkage=0.05


Tree=101
num_leaves=31
num_cat=0
split_feature=12 13 3 1 8 8 10 12 8 8 1 10 2 10 10 12 1 1 8 0 10 0 0 8 1 0 10 3 8 0
split_gain=77.0968 40.6431 22.7467 47.4515 26.2525 30.3868 21.0279 19.4559 18.8008 17.0345 13.7976 21.1408 13.4505 13.101 13.1941 11.3808 10.0506 7.47576 7.85 6.85882 6.57778 10.0075 36.1963 6.55808 5.77245 5.0762 4.62073 4.28507 4.13251 4.08474
threshold=6.5000000000000009 1.0000000180025095e-35 25.403225898742679 73.20508193969728 75.079616546630874 27.127161979675297 1.0000000180025095e-35 1.5000000000000002 96.313285827636733 98.08304595947267 51.471860885620124 1.0000000180025095e-35 27.842377662658695 1.0000000180025095e-35 1.5000000000000002 2.5000000000000004 58.017766952514656 78.08689117431642 90.338954925537124 0.39541377127170568 1.5000000000000002 0.8961075246334077 0.90715405344963085 83.735466003417983 1.0000000180025095e-35 0.78994339704513561 5.5000000000000009 71.937500000000014 38.967699050903327 0.4524331688880921
decision_type=2 2 2 2 2 2 2 2 2 2 2 2 2 2 2 2 2 2 2 2 2 2 2 2 2 2 2 2 2 2
left_child=1 2 13 4 5 -4 9 16 10 -5 12 -12 -9 28 15 -15 23 18 20 -6 -2 27 -23 24 -3 -8 -19 -22 -1 -20
right_child=17 7 3 6 19 -7 25 8 -10 -11 11 -13 -14 14 -16 -17 -18 26 29 -21 21 22 -24 -25 -26 -27 -28 -29 -30 -31
leaf_value=0.17372076896738367 0.0074652099682472814 0.03933189852380356 -0.0087632971929232969 -0.0056640426405251834 -0.056271044268205311 -0.040061108631372438 0.07393264703328116 0.0028337492148590936 0.037719109268648549 0.04775836395734466 0.00018167628238862374 0.022072022366592212 -0.020856385874583522 0.012122897909593222 0.036061170258128682 -0.019988030628634218 0.040450758852628887 0.045734108483716056 -0.17618865450414326 -0.0028111328838268772 -0.10872517992243136 -0.70764684744585393 -0.049478055230471059 0.052224622548830438 0.001457113202715355 0.022697825955765104 -0.19026272299844543 0.050331274029629093 0.058070781816200484 0.046102704309116824
leaf_weight=0.85586652159690668 7.9221931840293127 11.962582895532249 116.89865361293778 516.04599724570289 6.2471826104447237 230.41186416498385 5.3107872148975721 119.46944319969043 36.687523842789233 15.366166625637559 499.60789679270238 141.54236942436546 120.19644389208406 65.715272572822869 29.738391464110464 47.566158459056169 51.086576065048575 96.808832495706156 0.21048076823353667 151.48073306819424 0.64705675654113326 0.26387970754876722 1.0025311121717093 9.1899203378707153 63.254400000907481 53.901643670164049 0.20785942696966131 1.2252918686717746 7.9241012963466346 11.389065179973839
leaf_count=17 1038 588 2247 17234 77 30414 499 2051 2437 987 14114 9321 3497 1638 1139 996 2733 23405 2 3938 20 53 204 864 1644 5621 39 222 638 2417
internal_value=6.25523e-05 -0.00197293 -0.00807891 -0.010592 -0.0218446 -0.0295268 -0.00097008 0.00526071 0.00264892 -0.0041193 0.00118819 0.00501426 -0.00904725 0.0100603 0.00642084 -0.00136028 0.0229466 0.0391889 0.0133318 -0.00492854 -0.0168048 -0.078062 -0.186619 0.0123523 0.00748076 0.0272931 0.0452285 -0.00463635 0.0693443 0.0420691
internal_weight=2420.14 2300.46 1247.46 1095.66 505.038 347.311 590.625 1053 917.504 531.412 880.816 641.15 239.666 151.8 143.02 113.281 135.493 119.677 22.6605 157.728 11.061 3.13876 1.26641 84.4069 75.217 59.2124 97.0167 1.87235 8.77997 11.5995
internal_count=130094 102694 65445 61017 36676 32661 24341 37249 31420 18221 28983 23435 5548 4428 3773 2634 5829 27400 3956 4015 1537 499 257 3096 2232 6120 23444 242 655 2419
is_linear=0
shrinkage=0.05


Tree=102
num_leaves=31
num_cat=0
split_feature=12 9 8 9 12 9 2 13 8 13 8 8 1 9 2 1 9 7 2 12 0 0 12 2 4 4 8 9 8 9
split_gain=74.2769 48.1836 84.3599 41.2423 24.1741 19.8289 20.0293 19.1686 19.4737 17.8057 11.9988 11.1876 10.4513 10.195 10.1434 10.0632 6.72969 23.2884 7.09877 10.638 6.82298 6.5055 5.50998 5.32553 4.35404 5.91643 15.1771 4.04959 6.90298 2.90224
threshold=6.5000000000000009 0.17519181966781619 30.202253341674808 0.070197045803070082 1.5000000000000002 0.78759399056434642 40.253164291381843 1.0000000180025095e-35 98.08304595947267 1.0000000180025095e-35 42.37849426269532 43.108610153198249 68.042552947998061 0.67424243688583385 32.071428298950202 58.898942947387702 0.053342817351222045 1.0000000180025095e-35 75.716625213623061 1.5000000000000002 0.93329787254333507 0.59682920575141918 1.5000000000000002 49.151567459106452 0.22335600852966311 0.23166368901729587 93.364780426025405 0.80476191639900219 86.685932159423842 0.04446640424430371
decision_type=2 2 2 2 2 2 2 2 2 2 2 2 2 2 2 2 2 2 2 2 2 2 2 2 2 2 2 2 2 2
left_child=1 2 16 -4 10 7 14 8 -6 22 -3 -9 -11 15 -7 -12 17 29 19 -18 -20 -2 -5 -19 -23 26 -26 28 -27 -1
right_child=21 4 3 9 5 6 -8 11 -10 12 13 -13 -14 -15 -16 -17 18 23 20 -21 -22 24 -24 -25 25 27 -28 -29 -30 -31
leaf_value=-0.045704895589607226 -0.070355073021739947 0.070564787280318939 -0.049606380568666716 -0.01455265511690459 -0.010439896479724105 0.011538775104671205 0.037962077026385072 0.034131556222656435 0.045399754196483393 -0.021055922265504838 0.0023210813403584554 0.0043373616225919846 0.008082412858424249 0.048633114949437561 -0.028711851060436784 0.033562934892160771 0.04497121425967459 -0.046372530376864257 0.078712493396745867 -0.040431427229137354 0.018000891650807881 0.046099617435214013 -0.045279896561705113 0.0013387588259055529 0.050627845029077634 0.041057218094480791 -0.52499284889976416 0.050237253199560905 -0.025575053242509568 0.0087966520397931968
leaf_weight=31.348625298123807 1.334921977482735 12.612719296477733 149.64954164181836 21.38274730509147 402.58319472195581 73.277828267775476 72.665503025054932 34.105286441277713 16.243573134765029 51.772025316953659 73.624573727371171 413.65326288668439 75.873221929185092 24.832517538685352 19.903806955553591 39.659630122594535 6.308988611213862 5.8991342894732943 7.5273298919200906 8.6397308879531902 12.013747424352914 86.808297520736232 45.923334270715714 684.35907392017543 0.33566286135465162 8.3759813313372451 0.17380982311442494 10.542301007313652 7.2525265321601173 2.649028001818805
leaf_count=5297 20 316 33861 2188 10974 1787 9073 804 844 1807 2193 14964 969 3295 128 2173 89 143 84 125 144 21847 6651 4982 55 1265 38 2613 1569 79
internal_value=0.000138258 -0.00183235 -0.00934857 -0.0298636 0.00517683 0.00244602 0.0182855 -0.000585335 -0.00827424 -0.0147085 0.0238817 0.00660675 -0.00373589 0.0196187 0.00294115 0.0132585 -3.12223e-05 -0.00105881 0.0215472 -0.00438792 0.0413873 0.0393794 -0.035518 0.000931005 0.0406702 0.0230047 -0.145749 0.0262899 0.010136 -0.0414582
internal_weight=2401.33 2286.51 1103.35 344.601 1183.16 1032.43 165.847 866.585 418.827 194.951 150.729 447.759 127.645 138.117 93.1816 113.284 758.746 724.256 34.4898 14.9487 19.5411 114.824 67.3061 690.258 113.489 26.6803 0.509473 26.1708 15.6285 33.9977
internal_count=130377 102970 56419 45476 46551 38574 10988 27586 11818 11615 7977 15768 2776 7661 1915 4366 10943 10501 442 214 228 27407 8839 5125 27387 5540 93 5447 2834 5376
is_linear=0
shrinkage=0.05


Tree=103
num_leaves=31
num_cat=0
split_feature=9 8 9 1 11 8 9 8 8 13 1 2 1 9 8 8 4 4 4 2 11 0 9 8 9 2 1 13 4 4
split_gain=72.2312 62.321 53.9518 31.4192 33.9653 23.1738 28.1323 18.9129 18.0962 15.1601 11.752 10.7204 9.73087 9.03812 14.5224 28.071 8.24862 7.47579 6.31235 11.5823 9.76694 5.83158 5.78695 5.71643 20.543 6.55997 5.58008 5.14433 5.07608 4.14557
threshold=0.21240601688623431 30.202253341674808 0.080540537834167494 87.585617065429702 1.0000000180025095e-35 47.83648872375489 0.80476191639900219 40.590608596801765 62.173519134521491 1.0000000180025095e-35 43.534002304077156 12.70161294937134 49.151567459106452 0.75499999523162853 92.193038940429702 97.793998718261733 0.50333333015441906 0.50333333015441906 0.98275861144065868 52.704679489135749 1.0000000180025095e-35 0.46700522303581243 0.1490740776062012 1.0000000180025095e-35 0.042572464793920524 49.151567459106452 90.054946899414077 1.0000000180025095e-35 0.24068965017795566 0.29478609561920172
decision_type=2 2 2 2 2 2 2 2 2 2 2 2 2 2 2 2 2 2 2 2 2 2 2 2 2 2 2 2 2 2
left_child=1 22 -3 5 13 -2 9 18 12 16 11 -8 -9 14 26 -16 -7 -11 19 -4 -20 -6 23 25 -25 -1 -5 -26 -27 -24
right_child=3 2 7 4 21 6 10 8 -10 17 -12 -13 -14 -15 15 -17 -18 -19 20 -21 -22 -23 29 24 27 28 -28 -29 -30 -31
leaf_value=-0.054051347252092874 0.032094085828564649 -0.048041959853003371 -0.035283459655119469 0.047504457001349497 -0.25593716760130919 -0.017687759912192742 0.037749191908999252 -0.039865906935039219 0.031043992842885972 -0.0012148531730564278 0.040071013293834327 0.00071149208121254806 -0.014919106526849375 0.038565642401053313 -0.044733054130531268 0.050904528116093341 -0.001650321926027337 0.015059140864476538 0.1090888044826871 0.013877798244459828 0.010033799098286824 0.044093969890637179 -0.0020393839552659784 -0.045404716368675921 -0.04175058834677757 0.003794482623593852 0.010827373299021066 0.019847421905672721 -0.0055453181723853807 0.078125947822475131
leaf_weight=5.4684934820979825 65.153546856250614 153.39062378997914 15.153042014688252 11.144597848411648 0.16218576161190768 191.60134256002493 26.607453463133425 64.877208420541137 15.900140085723249 204.60849978192709 50.840502850711346 73.524787467904389 98.343101933598518 24.918009645305574 29.929882391821593 10.317488017957656 137.8704241218511 107.72015731153078 3.8001725645735842 57.230928234290332 7.210064085200429 113.67273751739413 2.6996607114560893 29.614867765922099 3.8549049044959274 474.34343056567013 149.25863380823284 28.074992872774601 209.82921647466719 4.005377262365073
leaf_count=154 1569 35092 973 368 10 5606 2065 5406 223 8190 8644 1126 3893 2426 972 659 3214 3445 41 2240 187 26403 61 5230 181 3513 6505 283 1447 61
internal_value=-0.000116919 -0.00893077 -0.0244832 0.00852369 0.0214011 0.00342928 0.00107348 -0.0107175 -0.0198748 -0.00349474 0.0204935 0.0105533 -0.024835 0.0101647 0.00663765 -0.0202162 -0.0109767 0.00439794 0.00895132 0.00358626 0.0442225 0.0436665 -0.000396134 -0.000808913 -0.0154096 0.000494081 0.0133756 0.0124107 0.000930055 0.0458488
internal_weight=2371.13 1173.8 415.905 1197.33 339.404 857.927 792.773 262.515 179.12 641.8 150.973 100.132 163.22 225.569 200.651 40.2474 329.472 312.329 83.3942 72.384 11.0102 113.835 757.891 751.186 61.5448 689.641 160.403 31.9299 684.173 6.70504
internal_count=130187 58985 48055 71202 37343 33859 32290 12963 9522 20455 11835 3191 9299 10930 8504 1631 8820 11635 3441 3213 228 26413 10930 10808 5694 5114 6873 464 4960 122
is_linear=0
shrinkage=0.05


Tree=104
num_leaves=31
num_cat=0
split_feature=12 9 8 9 12 3 1 11 2 9 8 5 8 8 12 5 9 12 3 4 10 9 1 10 9 9 11 13 8 9
split_gain=66.3904 38.4946 25.8476 93.2439 19.782 16.3594 15.1356 19.0327 11.7862 10.4486 15.4215 9.85582 9.63381 16.2584 8.9003 8.70684 7.93484 6.89584 8.52568 6.25106 6.15767 5.23864 5.19752 5.05508 4.556 4.04415 3.82942 3.70857 3.48986 3.40431
threshold=6.5000000000000009 0.47493734955787664 30.202253341674808 0.080540537834167494 1.5000000000000002 93.44086074829103 48.52813911437989 1.0000000180025095e-35 24.316333770751957 0.070197045803070082 24.575783729553226 1.0000000180025095e-35 92.193038940429702 98.08304595947267 2.5000000000000004 1.0000000180025095e-35 0.77525252103805553 2.5000000000000004 89.927536010742202 0.24068965017795566 1.0000000180025095e-35 0.67424243688583385 87.585617065429702 5.5000000000000009 0.17519181966781619 0.053342817351222045 1.0000000180025095e-35 1.0000000180025095e-35 52.788888931274421 0.81101191043853771
decision_type=2 2 2 2 2 2 2 2 2 2 2 2 2 2 2 2 2 2 2 2 2 2 2 2 2 2 2 2 2 2
left_child=1 2 9 -4 11 -6 8 12 14 10 19 -5 16 -14 21 20 -8 24 -19 -1 -10 -3 29 -24 -11 -12 -17 -16 -9 -2
right_child=22 6 3 4 5 -7 7 28 15 17 25 -13 13 -15 27 26 -18 18 -20 -21 -22 -23 23 -25 -26 -27 -28 -29 -30 -31
leaf_value=0.0040635118379435025 0.010634543103458557 0.016674313593236848 -0.048257283473548705 0.019838976286330367 -0.015802691885581231 0.001049765470435056 0.013283680421701517 -0.1465076130609394 0.052360739233543507 0.038944672157720156 -0.050244203730515774 -0.010047657021719133 -0.01497793298497789 0.039368759893006602 -0.0047570655342696238 -0.0062443530863017915 0.050622098611558641 -0.054742502956946784 0.028645313245503165 -0.006065825242035759 -0.013540548326232339 0.052185779535067804 0.046794991327821368 -0.2100902952075698 0.1053387453730019 0.0074812184900895059 0.044284488296532094 0.014502126259715154 0.039383034928044035 0.042863546028965971
leaf_weight=486.49443170242012 22.031734748976305 27.454935389105231 146.16561831370927 106.61345961410552 336.04666275950149 251.9924160707742 126.00542650604621 0.25335000827908416 3.6332103679887942 11.675072692334654 19.021265411283824 37.214247091207653 67.083105033263564 17.313395901117474 59.975184634327888 5.7974108271300802 16.039991956204176 4.200416422914711 11.342020007316023 221.72990899113938 145.35105192568153 16.703962861560285 71.524169678799808 0.19202337972819705 3.3181978203356257 3.6099480609409502 10.615894278511405 42.857962908223271 73.824038930935785 13.04511308390647
leaf_count=4059 3890 754 34987 3322 13180 7628 6217 20 139 186 4520 1448 3206 1356 1220 247 1671 49 151 1885 1275 1673 20164 35 57 84 461 873 11935 3313
internal_value=-0.000127648 -0.00195407 -0.00595082 -0.0117971 -0.00451547 -0.00858091 0.0087365 0.0167474 0.00102996 0.000791145 -0.0004061 0.0121061 0.0095505 -0.00382906 0.0113321 -0.00812574 0.0175 0.0294465 0.00610936 0.000892233 -0.0119334 0.0301072 0.0383928 0.0461072 0.0536385 -0.0410363 0.026437 0.00326962 0.0387473 0.0226205
internal_weight=2359.13 2252.33 1639.42 878.032 731.867 588.039 612.909 300.519 312.39 761.391 730.856 143.828 226.442 84.3965 146.992 165.398 142.045 30.5357 15.5424 708.224 148.984 44.1589 106.793 71.7162 14.9933 22.6312 16.4133 102.833 74.0774 35.0768
internal_count=130005 102603 71556 60565 25578 20808 31047 24405 6642 10991 10548 4770 12450 4562 4520 2122 7888 443 200 5944 1414 2427 27402 20199 243 4604 708 2093 11955 7203
is_linear=0
shrinkage=0.05


Tree=105
num_leaves=31
num_cat=0
split_feature=8 13 1 0 3 8 5 10 2 8 10 13 1 8 10 5 7 8 8 4 3 3 10 3 0 3 4 4 8 4
split_gain=45.5162 29.0985 23.134 36.5559 19.0322 17.551 15.794 14.5516 11.8833 11.6295 11.502 10.2148 12.3436 10.75 20.8392 11.5201 9.38249 25.3788 9.18462 9.05195 8.77814 8.56284 8.01229 8.61926 19.0162 17.873 15.2405 12.7174 10.8182 10.6886
threshold=80.096618652343764 1.0000000180025095e-35 72.850124359130874 0.42252655327320104 90.070423126220717 97.793998718261733 1.0000000180025095e-35 1.0000000180025095e-35 69.631092071533217 22.291234970092777 1.0000000180025095e-35 1.0000000180025095e-35 87.20676422119142 93.002056121826186 1.0000000180025095e-35 1.0000000180025095e-35 1.0000000180025095e-35 48.231122970581062 97.533905029296889 0.10582306981086732 28.831169128417972 45.53429031372071 1.5000000000000002 69.631092071533217 0.84857577085495006 93.127067565917983 0.98275861144065868 0.13714733719825747 58.359212875366218 0.80178570747375499
decision_type=2 2 2 2 2 2 2 2 2 2 2 2 2 2 2 2 2 2 2 2 2 2 2 2 2 2 2 2 2 2
left_child=1 2 3 10 9 11 -6 16 -7 -5 -1 13 20 19 15 -15 17 -4 -16 -2 -13 -22 23 26 25 -25 29 -26 -28 -3
right_child=5 22 7 4 6 8 -8 -9 -10 -11 -12 12 -14 14 18 -17 -18 -19 -20 -21 21 -23 -24 24 27 -27 28 -29 -30 -31
leaf_value=0.071877379061556848 0.021578507873036661 -0.013558603337490231 -0.044554985302494847 -0.015375195997243435 0.046017558352510479 0.013792971137538716 -0.015167100271536289 0.03468515382535102 0.044412450958008005 -0.039109419426024673 0.0014589921366696004 0.033274083271713634 0.028560879966641445 0.039719495412565392 0.016366596976900762 -0.046586313167336954 -0.00045241853915986563 0.0048915365438025439 -0.11225204367127213 -0.0020719936370149029 -0.015697625677387441 0.0098831430238845025 0.025712051148064269 0.0060490446104072134 0.0072836934565649568 0.057502471891741791 0.040630640185724445 -0.0088801964370191361 -0.017933570759697502 -0.095952328164363207
leaf_weight=6.1074049631133667 65.734037398826331 132.63357278285548 47.837605671957135 69.596810299437493 13.108329907525329 70.019639963749796 53.988887871615589 24.772343827877194 57.880148238968104 199.72669193753973 114.78005200484768 25.011210478376597 92.692286492092535 4.2779390667565158 37.929519066121429 40.201892351265997 315.94133164733648 56.717036151327193 1.4407361047342409 105.21507812011987 49.47633711155504 96.557938862591982 35.453564197057858 37.683052951702848 312.91622122190893 30.568497282220051 23.361908356891945 199.12194099836051 11.90329674258828 4.0565288495272389
leaf_count=274 6347 4579 10714 1213 492 2042 2339 2242 11978 28465 2450 1150 13600 318 4075 1217 1842 1410 97 4762 301 7594 1829 1589 10108 956 444 5535 233 85
internal_value=-0.000223198 -0.00453873 -0.0106674 -0.0185662 -0.0270403 0.0110609 -0.00321387 -0.00255503 0.0276496 -0.0329762 0.00501663 0.00696919 0.0138669 -0.000170532 -0.0148347 -0.0382857 -0.00474894 -0.0177321 0.0116599 0.00702219 0.00590404 0.00121639 0.00248372 0.00138896 0.00430243 0.029094 -0.008443 0.000997863 0.0208631 -0.0160038
internal_weight=2336.71 1690.28 902.576 457.308 336.421 646.437 67.0972 445.268 127.9 269.324 120.887 518.537 263.738 254.799 83.8501 44.4798 420.496 104.555 39.3703 170.949 171.045 146.034 787.699 752.245 580.29 68.2516 171.955 512.038 35.2652 136.69
internal_count=130280 76799 51441 35233 32509 53481 2831 16208 14020 29678 2724 39461 22645 16816 5707 1535 13966 12124 4172 11109 9045 7895 25358 23529 18188 2545 5341 15643 677 4664
is_linear=0
shrinkage=0.05


Tree=106
num_leaves=31
num_cat=0
split_feature=9 2 4 3 3 0 0 1 11 3 10 13 7 10 3 4 3 3 0 9 10 5 0 3 3 4 10 2 10 3
split_gain=57.7696 20.9694 31.5905 31.3933 24.4578 29.3187 22.4537 18.878 36.7588 18.8013 17.4603 15.2779 15.0812 13.7849 13.2894 11.8254 12.956 10.3877 10.1389 8.17735 8.04961 7.99814 7.97396 8.83504 7.94621 7.94515 7.12963 6.43638 6.21151 5.95651
threshold=0.44097222387790685 85.89511871337892 0.98275861144065868 92.031745910644545 91.36645889282228 0.82336020469665538 0.92942363023757946 43.534002304077156 1.0000000180025095e-35 97.617694854736342 1.0000000180025095e-35 1.0000000180025095e-35 1.0000000180025095e-35 1.0000000180025095e-35 87.026645660400405 0.24283374845981601 45.53429031372071 92.031745910644545 0.41036629676818853 0.78759399056434642 1.5000000000000002 1.0000000180025095e-35 0.56228029727935802 61.16780090332032 52.419982910156257 0.10582306981086732 1.5000000000000002 90.070423126220717 5.5000000000000009 28.831169128417972
decision_type=2 2 2 2 2 2 2 2 2 2 2 2 2 2 2 2 2 2 2 2 2 2 2 2 2 2 2 2 2 2
left_child=1 2 3 6 25 17 11 15 19 21 12 -1 -7 -4 -8 16 18 -6 -2 26 22 -5 23 -17 -10 -3 -9 -12 -26 -22
right_child=7 4 13 9 5 10 14 8 24 -11 27 -13 -14 -15 -16 20 -18 -19 -20 -21 29 -23 -24 -25 28 -27 -28 -29 -30 -31
leaf_value=-0.029506794857051467 0.037443569846736295 0.047522747636340568 0.078373118352610238 0.060361373890313721 -0.11314385412077044 -0.015993228345836125 0.06604157787738768 7.4166470785679031e-05 -0.022377101482252987 -0.080783780021701806 -0.11457298393083129 -0.012086377022609601 -0.0010452351589027027 0.0078888086877777191 -0.027892170518763883 0.0075458974788942743 0.03020835941192429 0.059716758484306347 -0.035524747110769479 0.028835145803829221 0.037958317244642853 0.0026984576323136091 -0.023716596578003221 -0.11113890239018331 0.038778471382184265 0.0091793159283997724 0.036710336181621755 0.020636591012590626 -0.12831295233319265 0.0072977198685062602
leaf_weight=274.50045039621182 5.3198523884639135 33.149827432818711 7.4378012223169199 20.882105010561645 0.90409257658757525 254.3067797315307 11.876911635743456 194.79537879303098 5.5858002267777911 3.3797309265937647 0.89059530361555417 232.43047628737986 501.4720021225512 102.98062621010467 5.5131677903700611 159.27813409129158 11.859484499320386 22.451161639764905 45.283809940330684 34.534283666172996 32.225666338112205 8.4458537013269979 25.501071851933375 1.5836340556852508 169.50729152117856 22.803768655285239 14.2511875834316 75.194910765858367 0.55802872939966519 31.154645978705958
leaf_count=31236 55 1033 291 609 53 19094 238 8399 50 142 46 8156 3196 1893 180 3196 200 667 293 3781 1551 322 633 60 37929 831 1232 4300 85 477
internal_value=0.000320021 -0.00506216 -0.0117953 -0.0166384 -0.000130054 -0.00222539 -0.019603 0.0119361 0.018868 0.0308868 -0.00377659 -0.0215194 -0.00607498 0.0126366 0.0362618 0.00262787 -0.0168299 0.0530252 -0.0278537 0.0062953 0.00749444 0.0437556 0.00225954 0.00637748 0.0363029 0.031896 0.00257174 0.0190539 0.0382302 0.0228871
internal_weight=2310.06 1578.62 667.447 557.029 911.173 855.22 524.321 731.438 419.232 32.7077 831.864 506.931 755.779 110.418 17.3901 312.206 62.4631 23.3553 50.6037 243.581 249.743 29.328 186.363 160.862 175.651 55.9536 209.047 76.0855 170.065 63.3803
internal_count=130228 72287 43067 40883 29220 27356 39810 57941 51476 1073 26636 39392 22290 2184 418 6465 548 720 348 13412 5917 931 3889 3256 38064 1864 9631 4346 38014 2028
is_linear=0
shrinkage=0.05


Tree=107
num_leaves=31
num_cat=0
split_feature=9 12 2 3 0 4 8 8 8 9 8 3 0 11 4 12 4 1 1 4 0 8 13 12 9 8 0 1 9 10
split_gain=60.3924 24.9101 22.7587 26.1052 37.0847 21.7158 24.5478 22.4215 20.6852 34.7459 13.7001 12.9352 22.2765 15.0224 15.2438 12.6666 12.5572 12.1794 26.6584 11.8918 10.4203 10.188 9.88078 9.64038 13.6727 9.57318 9.42961 6.3303 6.10131 5.77418
threshold=0.37797619402408605 6.5000000000000009 90.070423126220717 96.590469360351577 0.79644659161567699 0.98275861144065868 75.766986846923842 54.576482772827156 22.291234970092777 0.12060606107115747 66.862743377685561 48.331480026245124 0.60041731595993053 1.0000000180025095e-35 0.91106721758842479 4.5000000000000009 0.2149859964847565 90.054946899414077 86.70682525634767 0.13714733719825747 0.95000949501991283 76.961540222167983 1.0000000180025095e-35 2.5000000000000004 0.21980676054954532 28.13657379150391 0.70836466550827037 87.585617065429702 0.30901856720447546 1.5000000000000002
decision_type=2 2 2 2 2 2 2 2 2 2 2 2 2 2 2 2 2 2 2 2 2 2 2 2 2 2 2 2 2 2
left_child=2 10 5 17 -5 6 8 23 19 -10 29 12 16 22 -15 25 -12 18 26 -1 -20 -17 -13 24 -7 -6 -4 -3 -25 -2
right_child=1 27 3 4 15 7 -8 -9 9 -11 11 13 -14 14 -16 21 -18 -19 20 -21 -22 -23 -24 28 -26 -27 -28 -29 -30 -31
leaf_value=0.0099310632130195087 0.022692622081394911 0.017337797669667865 -0.11070731652412098 0.074615294702422924 -0.0033068194357740778 0.012812045958178751 0.049138490684290992 -0.029640196892886651 -0.044965160671416815 -0.012912903868453021 -0.023322791523808221 -0.0021664039675201941 -0.081307304706153521 0.027220686160446234 -0.25907884413883042 0.0099086584168374108 0.0055541192456057195 0.048943259970350365 -0.060751099125153279 -0.016876343701398042 -0.25929753154809759 -0.040093660198454263 0.017067568168570586 -0.025787616030636271 0.064998688035263083 -0.017392935921324737 0.033838481787249762 0.045949192714671412 0.040070484898964726 0.059318851031022829
leaf_weight=83.091491905972362 54.438514917623252 28.654390925774351 1.21395390713588 15.338654346531255 384.58431953960098 28.670006108703092 13.946069491095839 26.296662317588925 134.02876060642302 229.04834313248284 45.726832678541541 168.11587435752153 8.6085037598386389 127.31166598177515 0.46663891896605392 182.54029044369236 213.0603606342338 38.180541939334944 1.5524654760956758 82.38927647517994 1.1506367411930112 10.7891675948631 110.76535305776633 12.584549734834583 22.323676293715835 175.73463172954507 15.990219549508764 59.425135166849941 4.8806917071342459 13.411980700911952
leaf_count=759 1279 6894 45 388 2821 711 274 432 30895 8210 332 7902 65 13783 14 5678 4843 1016 58 1115 33 582 6754 339 442 14022 496 19401 27 486
internal_value=0.00072652 0.0115016 -0.00538078 9.07516e-05 -0.00235068 -0.0124821 -0.0163395 0.00960301 -0.0180672 -0.0247449 0.00851697 0.00636128 -0.00218047 0.0119778 0.0261751 -0.00391713 0.000451666 0.0324113 0.000704261 -0.00341576 -0.145267 0.00711817 0.0054729 0.0246772 0.035658 -0.00772469 0.0236391 0.0366412 -0.00738346 0.0299325
internal_weight=2294.32 829.985 1464.33 827.075 768.987 637.26 542.504 94.7556 528.558 363.077 741.906 674.055 267.396 406.66 127.778 753.648 258.787 58.0878 19.9073 165.481 2.7031 193.329 278.881 68.4589 50.9937 560.319 17.2042 88.0795 17.4652 67.8505
internal_count=130096 61753 68343 25139 23491 43204 41253 1951 40979 39105 35458 33693 5240 28453 13797 23103 5175 1648 632 1874 91 6260 14656 1519 1153 16843 541 26295 366 1765
is_linear=0
shrinkage=0.05


Tree=108
num_leaves=31
num_cat=0
split_feature=9 12 8 9 12 3 12 5 3 13 9 8 2 1 9 3 12 2 3 0 9 0 3 13 0 5 0 1 1 8
split_gain=52.6698 30.8252 30.347 67.7098 21.0913 20.9231 20.507 18.0583 20.851 17.0919 12.2929 15.8198 11.4172 10.3344 9.34912 8.87826 7.26913 8.3395 13.2318 9.1069 8.00697 11.1693 7.10101 6.72398 7.45098 7.17681 6.3811 6.08431 5.45982 5.33739
threshold=0.28869047760963445 6.5000000000000009 30.202253341674808 0.070197045803070082 1.5000000000000002 69.631092071533217 1.5000000000000002 1.0000000180025095e-35 90.366767883300795 1.0000000180025095e-35 0.78759399056434642 60.221162796020515 40.253164291381843 87.20676422119142 0.23205128312110904 27.429467201232914 1.5000000000000002 91.010101318359389 96.076923370361342 0.84049087762832653 0.17519181966781619 0.83791977167129528 24.121212005615238 1.0000000180025095e-35 0.98759469389915477 1.0000000180025095e-35 0.4524331688880921 85.89511871337892 89.699382781982436 85.254531860351577
decision_type=2 2 2 2 2 2 2 2 2 2 2 2 2 2 2 2 2 2 2 2 2 2 2 2 2 2 2 2 2 2
left_child=2 4 16 -4 29 6 15 8 -7 -9 11 22 26 -13 -8 -5 23 20 28 -20 21 -18 -6 24 25 -1 -12 -3 -19 -2
right_child=1 27 3 5 10 7 14 9 -10 -11 12 13 -14 -15 -16 -17 17 18 19 -21 -22 -23 -24 -25 -26 -27 -28 -29 -30 -31
leaf_value=-0.0091696398967519698 0.019811424093115981 0.017208395904351591 -0.048982819235183543 0.029868702629890193 0.037004633183954971 -0.0067016024046810466 -0.044130468367212627 -0.026393036715041319 0.061321166943895347 0.0048715885538000263 0.020066074736873475 -0.0072231349387008306 0.032540739543840201 0.007513603623165172 -0.011986766551788102 -0.011200152498619834 -0.045173671511649666 0.0068978619915581437 0.060882761750515095 -0.002119669247999759 0.064113923443381363 -0.0081099243870210325 0.0083531608429259184 0.029808405550104916 -0.03951054122079585 0.022304225887741363 -0.0068421288419479864 0.045283191981443698 0.056077973453359568 0.045954947909918498
leaf_weight=31.898391695925966 51.280706266174093 28.10844529978931 119.8548313814681 20.363650050247088 35.878075344488025 20.403937595663592 70.826790974242613 60.340946537908167 25.154100093524903 158.64828761573881 38.54388774652034 396.20910143712536 62.22114867484197 170.01359266531654 33.236911057960242 37.198190840426832 26.029308182187378 9.2537838956341165 5.8056553970091036 476.90296866698191 3.1841093404218546 92.78039334481582 54.437936478294432 34.245856404071674 8.9900006467942131 41.907829617382959 51.432860924862325 61.570184130920097 14.464465239318086 31.524054110050201
leaf_count=1322 2903 6623 33761 409 202 858 7165 4127 505 3035 1474 8669 9066 10810 1256 1483 1297 95 57 4765 28 1747 1628 550 97 874 439 20578 175 4129
internal_value=-0.000191561 0.00854099 -0.00682618 -0.0157816 0.00573029 -0.0064443 -0.0206181 0.00221521 0.030856 -0.00374316 0.0032695 0.00030147 0.0160727 -0.00279829 -0.0338641 0.00332877 -0.000266598 -0.0023974 0.000429592 -0.00136192 -0.014133 -0.01623 0.019735 0.0111741 0.00346665 0.0087015 0.0046847 0.0364836 0.0368901 0.0297644
internal_weight=2272.71 981.22 1291.49 546.028 891.541 426.173 161.626 264.547 45.558 218.989 808.737 656.539 152.198 566.223 104.064 57.5618 745.463 628.421 506.427 482.709 121.994 118.81 90.316 117.042 82.7962 73.8062 89.9767 89.6786 23.7182 82.8048
internal_count=130127 66521 63606 52599 39320 18838 10313 8525 1363 7162 32288 21309 10979 19479 8421 1892 11007 8164 5092 4822 3072 3044 1830 2843 2293 2196 1913 27201 270 7032
is_linear=0
shrinkage=0.05


Tree=109
num_leaves=31
num_cat=0
split_feature=9 12 12 2 3 3 12 5 3 0 0 12 10 10 8 7 9 9 3 12 2 0 9 3 8 8 1 8 9 8
split_gain=54.4409 19.8553 15.3382 15.1562 21.6276 23.3312 22.5861 21.6748 21.5978 27.0332 18.0461 15.4446 14.772 14.4621 12.3865 11.1212 10.6159 10.2573 9.27532 9.15657 8.85124 8.0314 8.72354 7.52571 6.61822 6.14 5.85915 5.7777 6.08542 5.58011
threshold=0.45643940567970281 5.5000000000000009 2.5000000000000004 85.89511871337892 24.121212005615238 92.770034790039077 2.5000000000000004 1.0000000180025095e-35 91.734970092773452 0.82336020469665538 0.92000734806060802 2.5000000000000004 1.0000000180025095e-35 1.5000000000000002 66.079193115234389 1.0000000180025095e-35 0.71825397014617931 0.23205128312110904 96.49015045166017 4.5000000000000009 91.945945739746108 0.7759331762790681 0.44097222387790685 94.494949340820327 73.721538543701186 76.325832366943374 63.224515914916999 67.873523712158217 0.78759399056434642 60.221162796020515
decision_type=2 2 2 2 2 2 2 2 2 2 2 2 2 2 2 2 2 2 2 2 2 2 2 2 2 2 2 2 2 2
left_child=3 2 16 4 6 10 14 26 21 23 13 -12 15 -6 17 -11 29 -1 -9 27 -14 -5 -23 -10 -24 -25 -7 -4 -29 -2
right_child=1 -3 19 8 5 7 -8 18 9 12 11 -13 20 -15 -16 -17 -18 -19 -20 -21 -22 22 24 25 -26 -27 -28 28 -30 -31
leaf_value=0.0094226443013163616 0.06682840717269263 0.030734083022339067 0.040322266273895811 -0.023500853619661335 -0.021134141039386305 0.044199991338900492 -0.020752383389660106 0.0029178397997901167 -0.058649884561586256 -0.014524832749255444 0.050673820197698394 -0.023028810196714128 -0.12251011833036306 0.030343573699010404 -0.034713856269562783 -0.0017588368261221212 0.042874671638895259 0.04687423342397215 -0.098651853858464991 0.014989731309201499 0.018869990127690944 0.039391997467447468 0.052570083671577374 0.065302215918254483 -0.13027241053676589 -0.079042124215657816 0.11049084530835046 -0.0075763210738161021 0.008767211302057789 0.010680116156760538
leaf_weight=33.04543666751124 4.6422847011126569 120.37917985091917 7.9923011646606019 6.5528286627959451 466.56683636829257 15.668954012915494 43.855476366821676 6.5264259895775485 1.4313357654027665 258.20817535091192 17.471729540731761 11.983251370955257 1.123329009162261 14.054743573069571 8.1754002128727716 502.81618287228048 43.757002839585766 40.92265007016249 3.428486124612391 118.00243968307041 76.394635706441477 50.457915501669049 0.77810979401692693 19.780789966229353 1.3598036561161277 0.7652313846629103 4.2339252615347496 194.97701184544712 80.459329954581335 94.524440304376185
leaf_count=922 118 30308 181 345 38621 510 659 252 76 19364 427 448 61 336 148 3199 4546 831 131 7374 4972 1688 50 616 92 49 136 5237 4354 4064
internal_value=0.000347047 0.0123581 0.00829445 -0.00468837 -0.0104331 -0.0147859 0.00821981 0.0281734 -0.000528623 -0.00253749 -0.0173006 0.0206892 -0.0039722 -0.0196288 0.0236877 -0.00609022 0.0223604 0.0301426 -0.0320629 0.00328646 0.0168212 0.0286972 0.0352005 0.0522036 -0.0637255 0.0599261 0.058302 -0.00158607 -0.00280212 0.0133086
internal_weight=2250.34 664.734 544.355 1585.6 665.933 539.934 125.999 29.8578 919.668 860.52 510.077 29.455 838.542 480.622 82.1435 761.024 142.924 73.9681 9.95491 401.431 77.518 59.1487 52.5958 21.9774 2.13791 20.546 19.9029 283.429 275.436 99.1667
internal_count=130115 56182 25874 73933 43421 40861 2560 1029 30512 28337 39832 875 27596 38957 1901 22563 8728 1753 383 17146 5033 2175 1830 741 142 665 646 9772 9591 4182
is_linear=0
shrinkage=0.05


Tree=110
num_leaves=31
num_cat=0
split_feature=12 13 9 9 8 8 9 12 12 1 4 5 1 9 1 12 8 3 4 9 9 9 8 3 3 4 9 10 3 8
split_gain=43.3683 30.1815 16.7299 15.1798 15.0886 16.9625 57.1905 12.926 9.41059 9.06652 8.38308 13.3472 8.14627 7.86091 7.65044 7.03294 5.81523 6.13902 5.33014 5.11872 4.93898 13.8131 14.0112 5.87633 4.67394 7.50833 5.94246 4.11883 4.1123 3.99821
threshold=6.5000000000000009 1.0000000180025095e-35 0.73030304908752453 0.46862745285034185 97.533905029296889 27.127161979675297 0.13423423469066623 1.5000000000000002 3.5000000000000004 48.52813911437989 0.13714733719825747 1.0000000180025095e-35 61.620294570922859 0.15075758099555972 87.585617065429702 2.5000000000000004 66.079193115234389 30.940170288085941 0.92153847217559826 0.80476191639900219 0.71825397014617931 0.7379862666130067 86.900657653808608 71.937500000000014 69.028213500976577 0.40967366099357611 0.8834841549396516 5.5000000000000009 80.277778625488295 52.788888931274421
decision_type=2 2 2 2 2 2 2 2 2 2 2 2 2 2 2 2 2 2 2 2 2 2 2 2 2 2 2 2 2 2
left_child=1 2 4 7 5 13 -7 12 -4 16 11 -9 18 -1 19 -12 -5 -18 -3 20 28 22 -22 -23 25 -10 -26 -16 -2 -11
right_child=14 3 8 9 -6 6 -8 10 24 29 15 -13 -14 -15 27 -17 17 -19 -20 -21 21 23 -24 -25 26 -27 -28 -29 -30 -31
leaf_value=-0.003085896754240822 -0.040164096527840587 0.0033440915160356573 0.030561015992058772 0.10355527366731135 0.038676044339520294 -0.046523758292407992 -0.0075833526091217685 -0.034965170149829243 -0.027602096557243112 -0.19467557946047118 0.0021540771030276657 0.0066795100168592116 0.038470909106592101 0.085484810490671109 0.045864015604806227 -0.013155086152291433 0.023473821578249718 -0.00054864829629641231 0.042833064648453295 0.041391943994148611 0.050578067039200182 -0.32387923879955816 -0.36074391320159588 0.015522472254809676 -0.00020050066813681266 0.0073069792179219599 0.040123515336478552 -0.16532045899601133 0.024006406354848284 0.027350698304380514
leaf_weight=427.37220571492799 3.1104224587325051 66.160046032862738 37.526804683031514 1.5490657365880895 16.132834371179342 119.19038510834798 451.32355329277925 20.47676401771605 26.16940547991544 0.20316440053284068 123.25333225284703 318.63778367987834 32.146923216991127 2.5199152119457713 57.147667487384751 191.69914352265187 36.804275205824524 95.877791285747662 9.8127204675693047 11.012515281094236 0.31398424552753512 0.13343410054221783 0.60784847149625421 2.8831043976824731 24.341563797323033 37.439584278035909 14.626443414250387 0.23181847017258306 12.651691301958635 103.61891854275018
leaf_count=4503 262 1730 3605 46 978 36465 13472 822 316 15 4466 9387 1313 14 20207 4888 1442 1348 430 3301 37 13 79 744 2321 1022 2795 34 2702 11423
internal_value=-0.000156383 -0.00156083 -0.00706105 0.00479942 -0.00929348 -0.0100671 -0.0157187 0.00135705 0.00913666 0.015821 -0.00129031 0.00416488 0.0173722 -0.00256672 0.0342306 -0.00716401 0.00723936 0.00611487 0.00844453 0.0140906 -0.00117084 -0.0512548 -0.220644 0.000509317 0.00129877 -0.00705498 0.0149349 0.0450108 0.0113433 0.0269162
internal_weight=2244.98 2156.88 1156.64 1000.24 1016.54 1000.41 570.514 762.187 140.104 238.053 654.067 339.115 108.12 429.892 88.0925 314.952 134.231 132.682 75.9728 30.713 19.7005 3.93837 0.921833 3.01654 102.577 63.609 38.968 57.3795 15.7621 103.822
internal_count=130180 102801 65491 37310 55432 54454 49937 23036 10059 14274 19563 10209 3473 4517 27379 9354 2836 2790 2160 7138 3837 873 116 757 6454 1338 5116 20241 2964 11438
is_linear=0
shrinkage=0.05


Tree=111
num_leaves=31
num_cat=0
split_feature=9 4 13 8 9 12 8 11 9 8 8 8 9 12 2 2 9 8 8 9 2 2 4 13 8 9 13 0 0 12
split_gain=46.8388 16.5971 15.4509 25.2008 51.9404 17.5491 16.299 15.0924 14.8432 16.2586 12.2381 15.3783 15.3834 10.5843 10.4456 9.42167 9.19164 17.7901 11.9925 9.43173 9.11117 9.9135 9.13301 7.38164 7.7804 6.73405 5.7405 5.35704 5.31847 4.83876
threshold=0.45643940567970281 0.048199767246842391 1.0000000180025095e-35 22.291234970092777 0.13188406080007556 1.5000000000000002 53.368236541748054 1.0000000180025095e-35 0.80476191639900219 71.465583801269545 92.193038940429702 97.793998718261733 0.75499999523162853 1.5000000000000002 35.948717117309577 84.924243927001967 0.18350168317556384 33.413078308105476 46.188034057617195 0.070197045803070082 40.253164291381843 12.70161294937134 0.86874485015869152 1.0000000180025095e-35 98.31455230712892 0.2788888961076737 1.0000000180025095e-35 0.83318904042243969 0.61842489242553722 2.5000000000000004
decision_type=2 2 2 2 2 2 2 2 2 2 2 2 2 2 2 2 2 2 2 2 2 2 2 2 2 2 2 2 2 2
left_child=2 7 3 -1 -5 -4 13 10 9 -3 -2 12 -12 -6 -9 -8 17 27 28 -19 21 -10 -22 24 -11 -20 -23 -7 -18 -25
right_child=1 8 5 4 6 16 15 14 20 23 11 -13 -14 -15 -16 -17 18 19 25 -21 22 26 -24 29 -26 -27 -28 -29 -30 -31
leaf_value=-0.0015911779799911996 0.025197475054184515 0.033393906480756512 0.019032184196405667 -0.046842545485434435 0.032289339962831662 -0.028767344011990711 -0.026095608704401602 -0.017930108549053417 0.038080756616839878 -0.013095779635341254 -0.047083154020790892 0.045678662274245906 0.026254882932071927 -0.0022280450729524272 0.046724395204085133 -0.0010876148441798671 0.0017335733439684188 -0.050328556228531489 -0.014928860134589226 -0.016397858241809816 0.038242576095256803 -0.011133395001401786 -0.43121646520025081 0.021290083234834008 0.0506929756165901 0.0052920221161730958 0.019171676505774872 0.00096670204987703452 0.042036275938129211 -0.00039479285461321481
leaf_weight=418.84144790610299 65.961084938142449 32.998353020986542 103.10503947024699 118.59782907203771 31.921102202264592 16.05848105950281 103.54919376852922 6.8836696296930304 23.510605954565108 152.31240833736956 23.669703167397529 9.9813482924364489 10.245617486769332 72.993731576483697 67.546882123453543 59.191538878483698 11.693796186707912 25.570641172351316 56.913618402089924 102.89152989024296 47.511708496371284 41.393712606281042 0.10382605087943275 33.158548044739291 4.9351756013929835 148.87472353270277 25.102950783446431 267.19082853361033 27.286505699390545 114.75619898340665
leaf_count=3287 4632 1037 3411 37577 541 574 2533 46 2098 5366 728 896 986 3723 21550 1382 288 4895 1681 2619 9917 328 16 1962 300 6452 355 4131 809 6271
internal_value=-0.00054798 0.0106219 -0.00526009 -0.0100862 -0.019298 -0.000144813 -0.00709299 0.0233612 0.00568752 5.35729e-05 0.0115835 -0.00887339 -0.0249282 0.00827412 0.0407449 -0.0169998 -0.0031567 -0.00771851 0.00451646 -0.0231518 0.019531 0.0101738 0.0372189 -0.00355164 -0.0110938 -0.000300343 0.000306979 -0.000719034 0.0299458 0.00446638
internal_weight=2224.75 660.072 1564.68 805.095 386.253 759.585 267.656 184.288 475.783 338.161 109.858 43.8967 33.9153 104.915 74.4306 162.741 656.48 411.711 244.769 128.462 137.623 90.0073 47.6155 305.162 157.248 205.788 66.4967 283.249 38.9803 147.915
internal_count=130391 56488 73903 49043 45756 24860 8179 28838 27650 14936 7242 2610 1714 4264 21596 3915 21449 12219 9230 7514 12714 2781 9933 13899 5666 8133 683 4705 1097 8233
is_linear=0
shrinkage=0.05


Tree=112
num_leaves=31
num_cat=0
split_feature=12 11 10 12 13 7 8 5 12 4 1 1 2 1 4 12 2 0 8 2 2 8 12 8 10 8 0 8 1 0
split_gain=38.7144 20.9792 18.9992 17.9095 16.1443 16.0826 18.1645 19.3971 15.204 15.1939 13.9788 13.355 12.0588 11.9681 13.6509 10.6861 9.52378 10.2905 9.40237 8.42221 7.17766 13.7093 7.46803 5.73854 4.99617 7.65398 5.8508 7.40275 4.80723 4.47803
threshold=4.5000000000000009 1.0000000180025095e-35 1.5000000000000002 2.5000000000000004 1.0000000180025095e-35 1.0000000180025095e-35 79.557674407958999 1.0000000180025095e-35 2.5000000000000004 1.0000000180025095e-35 95.311355590820327 78.319625854492202 81.892700195312514 55.217784881591804 0.90399384498596203 2.5000000000000004 85.89511871337892 0.94785329699516307 52.788888931274421 45.512083053588874 69.282051086425795 89.19553375244142 3.5000000000000004 96.313285827636733 1.5000000000000002 65.176864624023452 0.42252655327320104 97.793998718261733 74.543037414550795 0.99772727489471447
decision_type=2 2 2 2 2 2 2 2 2 2 2 2 2 2 2 2 2 2 2 2 2 2 2 2 2 2 2 2 2 2
left_child=2 9 4 -4 5 6 7 -1 13 -2 16 24 20 14 -6 -8 18 -18 -11 -15 22 -22 -5 -10 25 28 -26 -28 -3 -7
right_child=1 11 3 12 8 29 15 -9 23 10 -12 -13 -14 19 -16 -17 17 -19 -20 -21 21 -23 -24 -25 26 -27 27 -29 -30 -31
leaf_value=-0.010466055521676428 0.011688165111000959 0.0057731360327847332 0.048573927570794359 0.010412302245798083 -0.0062746004885135933 0.0044213041784787795 0.015733826612032608 -0.033830773676875085 -0.0059350576040697097 -0.010891224516026371 -0.23575649330602075 0.038426890745959522 0.044256172005195799 0.21283200179322215 0.035706084964851129 -0.0093567921242314108 0.010062645794259887 -0.029050686351416413 -0.11658048143895572 0.018395104771031397 -0.045515301396945734 -0.41097529822886536 -0.042267877418597694 0.023737975893812185 0.025131441764203996 0.039939202517138804 -0.019868476195273578 0.028181275811898266 -0.083167891216948078 -0.0073759416075427665
leaf_weight=209.86865680105984 190.67612392408773 9.9566562389954907 33.975889842258766 16.06371497083456 134.66995566268452 214.97830940596759 61.688096944009885 154.01995680807158 411.73466346971691 4.2956370289903116 0.70731617254204948 99.689546928508207 10.835162337869404 0.55884065153077145 22.616320935310796 135.97490016487427 40.09090224490501 28.966142021818087 4.1251721419394016 163.7966371269431 1.2197653898037959 0.3249792142305522 11.57509942864999 16.964971447596326 21.33709116699174 29.426074639428407 30.242628396488726 10.906727186171336 1.7928166491910804 128.53166139125824
leaf_count=16000 7364 234 2330 311 5110 1871 3559 27317 11359 166 38 29330 1234 16 945 3981 1209 882 55 6443 60 39 163 1277 793 5010 1725 654 63 576
internal_value=0.000553801 0.0132424 -0.00291084 0.0218772 -0.00401883 -0.00851474 -0.0137277 -0.0203554 0.00140414 0.00407695 -0.0144851 0.0253606 -0.000788337 0.00962106 -0.000238164 -0.00152633 -0.012465 -0.00634353 -0.0626661 0.0190562 -0.0175123 -0.1224 -0.0116501 -0.0047608 0.012795 0.0263173 0.0038844 -0.00713278 -0.00779811 7.11033e-06
internal_weight=2201.61 472.213 1729.4 73.9946 1655.4 905.062 561.552 363.889 750.341 268.861 78.1852 203.352 40.0187 321.642 157.286 197.663 77.4779 69.057 8.42081 164.355 29.1836 1.54474 27.6388 428.7 103.662 41.1755 62.4864 41.1494 11.7495 343.51
internal_count=130114 47523 82591 4137 78454 53304 50857 43317 25150 9714 2350 37809 1807 12514 6055 7540 2312 2091 221 6459 573 99 474 12636 8479 5307 3172 2379 297 2447
is_linear=0
shrinkage=0.05


Tree=113
num_leaves=31
num_cat=0
split_feature=9 8 9 1 11 12 3 12 9 5 3 4 2 9 2 9 11 3 12 0 12 2 3 12 0 0 9 8 8 9
split_gain=38.0507 27.1183 62.5533 21.2066 23.5 20.3676 17.2446 16.7806 15.3276 14.1974 27.5135 17.5584 12.1806 10.4967 10.2446 9.75337 9.01812 16.974 9.224 9.00081 8.82532 10.7074 13.4501 12.409 10.1794 10.1259 7.55722 9.77714 8.85916 7.32144
threshold=0.28869047760963445 30.202253341674808 0.056349206715822227 87.585617065429702 1.0000000180025095e-35 2.5000000000000004 69.631092071533217 1.5000000000000002 0.8603896200656892 1.0000000180025095e-35 92.770034790039077 0.17712418735027316 40.253164291381843 0.69397994875907909 32.495286941528327 0.23205128312110904 1.0000000180025095e-35 80.982517242431655 4.5000000000000009 0.55772042274475109 1.5000000000000002 92.718276977539077 96.922348022460952 5.5000000000000009 0.92381352186203014 0.90002673864364635 0.75499999523162853 70.632461547851577 97.793998718261733 0.64852941036224376
decision_type=2 2 2 2 2 2 2 2 2 2 2 2 2 2 2 2 2 2 2 2 2 2 2 2 2 2 2 2 2 2
left_child=1 20 -3 5 26 13 7 19 16 10 -8 -11 14 29 -10 -9 17 -7 -18 -4 -1 23 -23 25 -24 -22 27 -5 -29 -2
right_child=3 2 6 4 -6 8 9 15 12 11 -12 -13 -14 -15 -16 -17 18 -19 -20 -21 21 22 24 -25 -26 -27 -28 28 -30 -31
leaf_value=0.01350538925862243 0.013509015232819076 -0.050176752066050906 0.018357077734088838 0.035993440567794729 0.043611954627407828 -0.091482171589102976 -0.0095428746412558954 -0.042630371706422587 0.014223982938137146 0.0085078049372377621 0.069548733927239981 -0.020567761513632484 0.043627743402009395 0.03695067050411327 -0.034448657386447416 -0.0094776579456750387 -0.0086044203999533463 -0.014474307280869509 0.01212179930292917 -0.022256005243335167 -0.024285099402958865 0.043332349434584638 0.016160400176111332 -0.20772912598563498 -0.0031494333344086241 0.0051525685056724906 0.038611501621780508 -0.0019347178720109149 0.05075279696105453 -0.01823628862690143
leaf_weight=115.55733339034487 172.456880469108 97.503845433471724 35.261650282191113 24.115499417763203 75.936616495018825 7.8402882465161374 23.13816634635441 65.087382018333301 49.263365893624723 130.24582785600796 20.953185428166762 86.347195470705628 27.084001581650227 45.143773507792503 13.850483275949953 33.656598571222275 195.00155404093675 81.952691920101643 74.071575818350539 22.251058823894709 78.301808557007462 18.708242485299706 82.194267818704247 0.82609177683479984 402.30873514618725 46.596564047969878 20.99216766608879 125.58538283640519 8.5196777358651143 20.300569481449202
leaf_count=2836 4600 32720 775 832 26052 106 977 7357 1213 4263 429 3465 6229 4293 99 1279 3186 2117 7808 1228 2557 221 670 12 4172 553 2465 6356 669 687
internal_value=0.000392144 -0.00529489 -0.0141229 0.00799167 0.0203007 0.00341992 -0.00569146 -0.0188255 -0.00284647 0.00218118 0.0280432 -0.00308349 0.0155791 0.0152484 0.00354266 -0.0313304 -0.00747758 -0.0211983 -0.00289882 0.00264431 0.00080523 -0.00152823 0.00173271 -0.0145801 0.000126413 -0.0133026 0.0104232 0.00668323 0.00141251 0.0101657
internal_weight=2201.05 1258.94 514.445 942.115 255.149 686.965 416.941 156.257 449.064 260.684 44.0914 216.593 90.1979 237.901 63.1138 98.744 358.866 89.793 269.073 57.5127 744.493 628.936 503.211 125.724 484.503 124.898 179.213 158.221 134.105 192.757
internal_count=130226 63514 52493 66712 36374 30338 19773 10639 20758 9134 1406 7728 7541 9580 1312 8636 13217 2223 10994 2003 11021 8185 5063 3122 4842 3110 10322 7857 7025 5287
is_linear=0
shrinkage=0.05


Tree=114
num_leaves=31
num_cat=0
split_feature=9 8 9 12 8 9 13 12 12 9 8 8 9 8 9 12 8 13 1 1 3 3 2 12 3 9 13 12 12 12
split_gain=36.8407 50.3999 39.8549 22.6983 17.008 13.35 13.2039 10.6908 8.90332 8.89558 8.72951 8.49997 7.9984 11.9693 9.83898 11.2343 6.18478 6.1272 5.98828 5.75702 5.60286 8.63356 5.54176 5.2631 6.27503 5.26047 5.57961 9.95538 4.92774 4.87792
threshold=0.19756097346544269 30.202253341674808 0.056349206715822227 6.5000000000000009 46.759708404541023 0.73508772253990184 1.0000000180025095e-35 2.5000000000000004 1.5000000000000002 0.35504202544689184 41.688949584960945 60.221162796020515 0.070197045803070082 1.0000000180025095e-35 0.042572464793920524 4.5000000000000009 35.26820373535157 1.0000000180025095e-35 60.120481491088874 87.585617065429702 21.637426376342777 63.245613098144538 49.151567459106452 1.5000000000000002 25.403225898742679 0.80476191639900219 1.0000000180025095e-35 10.500000000000002 3.5000000000000004 2.5000000000000004
decision_type=2 2 2 2 2 2 2 2 2 2 2 2 2 2 2 2 2 2 2 2 2 2 2 2 2 2 2 2 2 2
left_child=1 12 -3 4 16 8 23 -7 18 -10 -8 -12 13 22 -15 -16 -2 -9 -6 25 28 -22 -1 24 -4 26 27 -5 -18 -14
right_child=3 2 6 19 5 7 10 17 9 -11 11 -13 29 14 15 -17 20 -19 -20 -21 21 -23 -24 -25 -26 -27 -28 -29 -30 -31
leaf_value=-0.046306525684342403 0.059100817609833017 -0.050167165429571448 0.027674365830494076 -0.02768873509191801 0.0063614433212050613 0.04040324492659049 0.010486748732849969 0.0029529413749712387 -0.011302753666994569 0.0018178754326075638 -0.019222463434588912 0.029349190369927471 0.050924977538154795 -0.046261355413473496 -0.011147077554119558 0.12764653644599694 0.063235394269048145 0.023365664428605219 0.033772319203041308 0.043973951303959841 -0.017146175236511445 0.027423581895222711 0.0021283977526805743 -0.040251318981310152 -0.029541168777607714 0.045155849617000698 0.018249029379536263 -0.35096011395897075 0.0050176177771475601 0.0079884218250301006
leaf_weight=5.9580627605319014 12.954689862672238 92.952693664934486 7.320082736201587 5.3774437031243041 62.492917678318918 34.204916075570509 66.71176787558943 111.12303379666992 172.62470596702769 513.33351543196477 77.013920877594501 10.200212182477115 12.49031923338771 23.929570950800553 8.99216832220554 1.7401027008891112 12.129904438625092 54.936277095694095 29.251186193432659 48.309423562372103 16.215498117730021 32.93253900622949 671.76542927697301 42.772279636235908 13.876320271519942 9.5552474905271065 12.113320350414142 0.24919331003911782 5.1899608690291634 14.062148075085132
leaf_count=161 288 32873 92 1023 2355 4223 1474 7330 5276 17229 2049 102 198 5230 189 10 251 4273 2222 20282 771 836 4996 7838 2291 3313 2726 57 53 170
internal_value=0.000883792 -0.00586448 -0.0227559 0.00713646 0.00524407 0.00343695 -0.0110623 0.014949 0.000472504 -0.00148399 -0.00312774 -0.0135417 0.00124118 0.000236886 -0.0284212 0.0113566 0.0274961 0.00970594 0.015101 0.0336029 0.0213362 0.0127186 0.00170259 -0.0301551 -0.00978204 0.0152474 -0.000862189 -0.0420058 0.0457902 0.0281858
internal_weight=2182.78 1049.79 310.847 1132.99 1057.39 977.967 217.895 200.264 777.702 685.958 153.926 87.2141 738.938 712.385 34.6618 10.7323 79.4226 166.059 91.7441 75.6046 66.4679 49.148 677.723 63.9687 21.1964 27.2952 17.74 5.62664 17.3199 26.5525
internal_count=130181 57673 46719 72508 45107 42908 13846 15826 27082 22505 3625 2151 10954 10586 5429 199 2199 11603 4577 27401 1911 1607 5157 10221 2383 7119 3806 1080 304 368
is_linear=0
shrinkage=0.05


Tree=115
num_leaves=31
num_cat=0
split_feature=9 8 9 8 12 12 10 4 8 1 8 1 1 1 8 8 9 4 2 9 10 8 9 1 9 8 10 4 1 0
split_gain=29.1675 40.0454 44.7438 18.0379 17.0235 18.2975 16.7463 12.6886 12.1572 14.0725 11.9273 9.20832 8.3792 8.23276 8.17987 13.001 8.09158 8.03329 7.47705 6.58453 11.9897 9.38712 6.36514 6.3603 6.19786 5.90836 4.38484 4.04151 5.05747 4.00295
threshold=0.19756097346544269 29.519198417663578 0.056349206715822227 41.472446441650398 6.5000000000000009 2.5000000000000004 1.5000000000000002 1.0000000180025095e-35 41.103500366210945 61.620294570922859 62.173519134521491 87.585617065429702 68.614070892333999 69.282051086425795 92.520183563232436 97.793998718261733 0.82480818033218395 0.98275861144065868 70.659969329833999 0.77097901701927196 1.5000000000000002 86.121250152587905 0.5577777922153474 55.217784881591804 0.71825397014617931 96.594776153564467 5.5000000000000009 0.61602565646171581 53.694938659667976 0.75075361132621776
decision_type=2 2 2 2 2 2 2 2 2 2 2 2 2 2 2 2 2 2 2 2 2 2 2 2 2 2 2 2 2 2
left_child=1 27 -3 12 5 6 8 14 -2 -10 23 19 17 -14 22 -16 25 -4 -18 20 24 -22 -7 -5 -6 -9 -13 29 -29 -1
right_child=4 2 3 10 11 7 -8 16 9 -11 -12 26 13 -15 15 -17 18 -19 -20 -21 21 -23 -24 -25 -26 -27 -28 28 -30 -31
leaf_value=-0.015485846327985057 0.048286497385049525 -0.050160536360807896 -0.017222532727501648 -0.038813525677800262 0.022579977346802366 0.0090417025675936166 0.049335328807435422 -0.0093635363499508465 0.0007034990354452997 0.023177203153888867 0.035536094107996713 0.043680568217501242 0.15692127494706951 0.020423587390930101 -0.023285590404167611 0.038849095447659389 0.0016090062999327089 0.033216812933029118 0.038408540098547467 0.036576878046750222 -0.019940126686524475 -0.17527095944244833 0.031577401326223518 -0.015437945322570232 -0.08717831808379356 0.022655235225528675 -0.18306712067047767 0.01279722286545616 0.085858640881874324 0.00093041583717022158
leaf_weight=39.33491431013681 19.570278594852425 91.317299315473065 36.717112721642479 47.670959586976096 11.202597870957112 105.35207510436885 29.389801292447373 377.41893145651557 223.49403833551332 101.19634201331064 8.8586910786107165 46.163954657269642 1.1333369826897968 43.68169808248058 35.002411905443296 11.084921916481106 77.093959911493585 10.055917888414113 16.813837749883533 10.717979004839433 2.1559463022276755 1.7721568495035169 44.597126328153536 74.698592094937339 1.4530193330720056 14.979641825659199 0.21419965894892712 20.177544806618247 2.6836639638058832 663.66329219192266
leaf_count=1880 455 33743 3254 5382 2448 5031 2293 9976 7420 5385 94 20301 48 1594 2242 1547 2036 249 3927 3676 359 338 4364 3337 279 506 32 267 19 7755
internal_value=0.000272234 -0.00576981 -0.020684 -0.0086036 0.00583463 0.00421333 0.0131075 -0.000657086 0.0100147 0.00770788 -0.0204885 0.0290713 0.00842518 0.0238755 0.0100818 -0.00834096 -0.00498609 -0.00637838 0.00819782 0.00603315 -0.0137071 -0.0900174 0.0157442 -0.0245443 0.00997839 -0.00814123 0.0426333 0.000684679 0.0213739 1.18754e-05
internal_weight=2169.67 1039.99 314.134 222.816 1129.67 1055.99 373.65 682.343 344.261 324.69 131.228 73.6799 91.5881 44.815 196.037 46.0873 486.306 46.773 93.9078 27.3017 16.5837 3.9281 149.949 122.37 12.6556 392.399 46.3782 725.859 22.8612 702.998
internal_count=130237 57622 47701 13958 72615 45182 15553 29629 13260 12805 8813 27433 5145 1642 13184 3789 16445 3503 5963 7100 3424 697 9395 8719 2727 10482 20333 9921 286 9635
is_linear=0
shrinkage=0.05


Tree=116
num_leaves=31
num_cat=0
split_feature=9 8 9 3 5 3 4 4 12 9 11 12 9 8 8 8 1 9 3 11 3 3 1 8 4 8 8 9 9 3
split_gain=31.2269 23.3943 56.3774 18.5647 18.1883 21.7671 18.8525 17.375 16.3242 15.4061 15.0071 12.841 12.1348 10.2708 10.2021 9.69727 10.6713 9.56264 9.41696 9.27214 13.4901 9.81823 11.5076 10.3531 8.66628 7.94722 11.8675 17.1456 7.76312 7.10636
threshold=0.30901856720447546 30.202253341674808 0.075498577207326903 64.747306823730483 1.0000000180025095e-35 92.770034790039077 0.17712418735027316 0.037749288603663451 1.5000000000000002 0.070197045803070082 1.0000000180025095e-35 2.5000000000000004 0.69397994875907909 43.108610153198249 1.0000000180025095e-35 61.128803253173835 23.629112243652347 0.22902098298072818 76.253131866455092 1.0000000180025095e-35 82.446311950683608 81.165538787841811 79.337715148925795 83.960041046142592 0.063164893537759795 75.079616546630874 79.557674407958999 0.41421568393707281 0.042572464793920524 39.077413558959968
decision_type=2 2 2 2 2 2 2 2 2 2 2 2 2 2 2 2 2 2 2 2 2 2 2 2 2 2 2 2 2 2
left_child=1 9 -3 8 5 -5 -6 10 13 14 25 12 15 -4 -1 16 -9 -10 -17 21 24 22 -13 -23 -21 -2 27 -27 -16 -12
right_child=7 2 3 4 6 -7 -8 11 17 -11 29 19 -14 -15 28 18 -18 -19 -20 20 -22 23 -24 -25 -26 26 -28 -29 -30 -31
leaf_value=0.00084714978108776831 0.036066596430259931 -0.048082767324617602 0.033442894879186204 0.0010506418010672847 0.0076926867738597408 0.066051485536574653 -0.021287685989741248 0.049888318924019653 -0.046138143221791945 0.036633147900558848 -0.023812947722552977 -0.09826127711289695 0.038025424865207082 -0.012943795448372226 -0.04387424231433279 -0.0083094200311001828 0.0010034650734668472 -0.015291531134620793 0.021307324520416115 -0.049790591947511113 0.024512591404127468 0.0094593307718890476 0.0542448080382852 -0.023552804562008364 -0.00031840362059446414 -0.14313085807710171 0.0104794691616844 -0.0073441658654559072 0.0077990860322061338 0.042213818166051097
leaf_weight=672.37760204542428 25.324834100436419 93.310163694550283 18.316806172719225 30.227650985587388 141.93708804924972 22.441672185203061 92.813791199121624 24.514402059605345 51.747036734363064 29.092173305805773 4.3356534801423541 6.284992951899766 40.72064239368774 34.241086207795888 22.834140763152391 88.938411037437618 20.498620450496674 48.836457495577633 38.439924521837384 9.1440826230682415 58.170460309134796 40.183891268447042 1.5400469126179812 58.073536783456802 277.3056841797661 3.0864509525708845 112.84908364806324 9.4201963939703983 10.66253014304675 67.833771734731272
leaf_count=5129 1062 34349 702 1160 4462 505 3574 500 6386 443 35 75 4433 939 5251 1919 524 1567 2154 333 15003 923 34 2004 5115 147 7364 591 200 23246
internal_value=0.000219524 -0.00481127 -0.0127772 -0.00529957 0.00219244 0.0287466 -0.00376532 0.00741872 -0.0193608 0.000975105 0.0194988 0.0033633 0.0134765 0.0032223 -0.000494519 0.00767775 0.0276265 -0.0311611 0.000628249 -0.00141865 0.00256028 -0.0143446 -0.0682465 -0.010052 -0.00189766 0.0105191 0.00535794 -0.0408543 -0.0274258 0.0382472
internal_weight=2155.5 1268.84 533.872 440.562 287.42 52.6693 234.751 886.665 153.141 734.966 222.85 663.815 213.112 52.5579 705.874 172.391 45.013 100.583 127.378 450.703 344.62 106.082 7.82504 98.2574 286.45 150.681 125.356 12.5066 33.4967 72.1694
internal_count=130129 64667 53644 19295 9701 1665 8036 65462 9594 11023 32445 33017 9530 1641 10580 5097 1024 7953 4073 23487 20451 3036 109 2927 5448 9164 8102 738 5451 23281
is_linear=0
shrinkage=0.05


Tree=117
num_leaves=31
num_cat=0
split_feature=9 8 9 12 8 9 1 1 12 3 8 12 0 5 4 8 9 7 9 12 12 1 4 1 2 1 8 4 8 0
split_gain=30.9459 30.1832 39.9853 18.9674 17.0663 13.2366 10.8362 10.8011 12.4145 9.73436 9.36627 8.33722 8.12081 7.99392 21.1908 8.98425 5.48504 7.953 7.9288 6.09688 5.36122 5.97153 5.25532 9.52777 6.346 6.08338 16.8414 4.61753 5.68163 4.2288
threshold=0.19756097346544269 30.202253341674808 0.056349206715822227 6.5000000000000009 43.108610153198249 0.77525252103805553 59.317129135131843 62.115564346313484 1.5000000000000002 27.429467201232914 97.793998718261733 2.5000000000000004 0.4524331688880921 1.0000000180025095e-35 0.36055555939674383 32.274866104125984 0.070197045803070082 1.0000000180025095e-35 0.042572464793920524 4.5000000000000009 3.5000000000000004 69.00656890869142 0.22335600852966311 87.20676422119142 64.747306823730483 58.64367866516114 86.520839691162124 0.2674796879291535 87.332859039306655 0.84240257740020763
decision_type=2 2 2 2 2 2 2 2 2 2 2 2 2 2 2 2 2 2 2 2 2 2 2 2 2 2 2 2 2 2
left_child=1 16 -3 4 20 10 12 8 9 -4 11 -6 -7 14 -9 -15 17 18 -1 -20 -2 29 24 27 25 -5 -27 28 -24 -22
right_child=3 2 7 22 5 6 -8 13 -10 -11 -12 -13 -14 15 -16 -17 -18 -19 19 -21 21 -23 23 -25 -26 26 -28 -29 -30 -31
leaf_value=-0.043508618787035713 0.043510702555821457 -0.05014381053456754 0.033071090467472447 -0.0055815287585130749 0.0057936687187568059 0.024366791110177834 0.035242139683798933 0.0029736093989368205 -0.037484995018983801 -0.018067408520097552 0.038754738113524471 -0.0045922827210675499 -0.0034385107948511975 0.072503861439357706 0.15021665611419055 -0.0061280134365969356 0.020841757157537392 -0.00067322101089553599 -0.0087340564176232437 0.08818480169322504 -0.0050598957649921721 0.044710348068442485 0.042270800279746293 -0.50343557830092378 0.042857953872725424 -0.683571049567821 0.050283551037833919 0.021045361943521051 -0.11074734496161449 -0.099942108054448739
leaf_weight=21.683761319844052 34.594933898304589 80.007510467548855 13.984950144542379 0.87656924314796814 309.96550115034916 42.242310575209558 49.224791721208021 10.443901063874362 52.448484406340867 27.812553234631196 15.337364736245943 513.06213037599809 69.402369559044018 3.7688094968907526 3.1898521268740287 100.55763212358579 27.664566932246089 666.22005568444729 9.2415379604790342 1.9682706631720055 4.8429791494272632 5.0411158560309559 0.99568794202060162 0.09007088583893974 47.292736859060824 0.13551571243442595 0.18478490621782839 17.644543732982129 1.5525368128437547 1.5502203153446314
leaf_count=5163 869 32778 172 85 10710 2668 9312 511 6981 2108 1071 18122 1987 107 78 3908 376 5067 195 11 79 268 190 9 21617 6 42 4887 470 18
internal_value=-0.000153597 -0.00645066 -0.0200218 0.00560623 0.00393275 0.00256152 0.0156988 -0.00866504 -0.0212851 -0.000957072 4.06823e-05 -0.000680766 0.00708201 0.00141793 0.0374237 -0.00328742 -0.000994128 -0.00185819 -0.0258584 0.00828341 0.0337004 0.00401885 0.0310411 0.00967025 0.0399804 -0.0737219 -0.260202 0.011959 -0.0509574 -0.0280669
internal_weight=2133.03 1018.99 292.214 1114.04 1045.26 999.234 160.869 212.206 94.246 41.7975 838.365 823.028 111.645 117.96 13.6338 104.326 726.778 699.114 32.8936 11.2098 46.0292 11.4343 68.7724 20.2828 48.4896 1.19687 0.320301 20.1928 2.54822 6.3932
internal_count=129865 57455 46643 72410 45104 43870 13967 13865 9261 2280 29903 28832 4655 4604 589 4015 10812 10436 5369 206 1234 365 27306 5556 21750 133 48 5547 660 97
is_linear=0
shrinkage=0.05


Tree=118
num_leaves=31
num_cat=0
split_feature=9 1 13 11 1 3 4 12 5 12 2 1 2 3 13 12 3 9 1 3 3 1 12 4 12 9 4 0 9 12
split_gain=29.5888 17.7487 17.7444 16.2937 12.0755 23.6843 11.7876 11.5195 11.2994 12.6388 10.8108 10.7286 11.4935 10.7036 10.5 9.96636 9.06046 8.86077 8.80147 21.3078 7.71699 7.7069 8.09078 7.69281 9.01424 7.65584 7.63191 13.0297 7.20294 7.17467
threshold=0.45643940567970281 43.534002304077156 1.0000000180025095e-35 1.0000000180025095e-35 61.143791198730476 28.831169128417972 0.32200460135936743 2.5000000000000004 1.0000000180025095e-35 3.5000000000000004 32.071428298950202 46.065429687500007 46.247655868530281 24.121212005615238 1.0000000180025095e-35 1.5000000000000002 45.53429031372071 0.44097222387790685 80.901721954345717 94.028518676757827 88.493064880371108 84.561214447021499 3.5000000000000004 0.15047170221805575 3.5000000000000004 0.059714796021580703 0.36451049149036413 0.62879189848899852 0.67424243688583385 4.5000000000000009
decision_type=2 2 2 2 2 2 2 2 2 2 2 2 2 2 2 2 2 2 2 2 2 2 2 2 2 2 2 2 2 2
left_child=2 10 4 14 5 -1 18 11 -8 -10 23 13 -13 17 -3 -7 -12 -4 20 -20 -6 -9 -23 -2 28 -14 27 -18 -25 -24
right_child=1 3 7 -5 6 15 8 21 9 -11 16 12 25 -15 -16 -17 26 -19 19 -21 -22 22 29 24 -26 -27 -28 -29 -30 -31
leaf_value=0.0044505770975694662 -0.026456018831836715 0.00089097296003110861 0.035503381417070871 0.031747517002984782 -0.015136863497577969 -0.013756980727146895 0.059244248330795037 -0.010198878750066531 -0.0086360660359398305 0.036148860550822247 -0.033449644348825962 0.11629988313186697 0.0052535711308962021 -0.010683652877691192 0.02469799688330189 -0.037823550465339729 0.074437817953209154 -0.10312385822191286 0.030511008819273468 -0.0085433508402483222 -0.05539711207920972 0.018239567764912316 -0.01123240410683524 0.013141255060819741 0.0017696173339773 0.026533560786979212 -0.019195682708682004 -0.018545199725663215 0.050100880106481796 0.0075383950475743818
leaf_weight=84.240685486933216 16.720352840609848 137.33422509557568 21.507027177372951 125.51721578242723 65.241743703256361 73.916224884800613 11.412231075577436 194.22865226655267 49.172901849844493 23.179969090851955 37.118142083287239 2.9208147446624926 81.693439031951129 82.437322108540684 69.881678699748591 102.90854321257211 7.6758745079860073 1.2179733081720758 39.473025225917809 303.13855021656491 14.558385421754791 64.960831726202741 103.78646677872166 41.459701511310413 137.44898188207299 87.574383129365742 18.384767877636477 7.3996217793319374 19.327842637198046 99.914621308678761
leaf_count=2125 129 7421 587 37264 5273 10202 476 5418 2132 640 226 50 3656 3079 5287 15530 59 20 939 10692 862 1700 2946 932 2206 2544 751 188 1828 4989
internal_value=0.000472098 0.00968327 -0.00330571 0.017531 -0.00863409 -0.0173685 -0.00412924 0.00221703 0.0130052 0.00571185 0.0005383 0.010275 0.0179601 -0.00230845 0.00891968 -0.0277633 -0.0164406 0.0280735 -0.00752703 -0.00404381 -0.0224818 -0.00261105 0.00287455 0.0061131 0.00886016 0.0162632 0.00242795 0.0287982 0.0248928 -0.0020254
internal_weight=2125.75 618.268 1507.48 332.733 767.242 261.065 506.177 740.242 83.7651 72.3529 285.535 277.351 172.189 105.162 207.216 176.825 70.5784 22.725 422.412 342.612 79.8001 462.891 268.662 214.957 198.237 169.268 33.4603 15.0755 60.7875 203.701
internal_count=130151 56291 73860 49972 48871 27857 21014 24989 3248 2772 6319 9936 6250 3686 12708 25732 1224 607 17766 11631 6135 15053 9635 5095 4966 6200 998 247 2760 7935
is_linear=0
shrinkage=0.05


Tree=119
num_leaves=31
num_cat=0
split_feature=12 13 11 2 2 12 10 1 8 10 1 7 2 8 10 0 8 8 8 1 12 8 12 2 8 12 8 12 1 0
split_gain=26.5899 20.5236 15.1826 15.8517 19.2695 12.6182 12.5275 11.3751 10.035 9.65546 11.7583 8.31833 16.0973 18.149 17.3911 7.07332 10.6691 7.43223 7.03124 6.97566 11.9513 6.37402 6.22173 6.20867 5.75934 13.8507 8.97034 4.93002 4.31412 4.12696
threshold=4.5000000000000009 1.0000000180025095e-35 1.0000000180025095e-35 93.063350677490249 91.715686798095717 2.5000000000000004 1.5000000000000002 90.054946899414077 77.509689331054702 1.5000000000000002 49.151567459106452 1.0000000180025095e-35 27.36185455322266 51.225519180297859 1.0000000180025095e-35 0.99772727489471447 84.237243652343764 97.043918609619155 96.313285827636733 84.561214447021499 3.5000000000000004 96.014438629150405 5.5000000000000009 75.204917907714858 38.55961990356446 5.5000000000000009 25.701179504394535 2.5000000000000004 89.699382781982436 0.58425417542457592
decision_type=2 2 2 2 2 2 2 2 2 2 2 2 2 2 2 2 2 2 2 2 2 2 2 2 2 2 2 2 2 2
left_child=1 6 3 4 23 8 11 -4 9 10 -3 12 14 -14 -1 16 22 -18 19 21 -21 -7 -5 -2 25 26 -9 -8 -6 -13
right_child=2 5 7 15 28 18 27 24 -10 -11 -12 29 13 -15 -16 -17 17 -19 -20 20 -22 -23 -24 -25 -26 -27 -28 -29 -30 -31
leaf_value=0.067036243999327935 -0.13294464954119267 -0.00745305417028255 0.01315301000461493 0.017999286189087065 -0.26675822593022136 -0.0087388543651728493 0.043456728278248709 0.016614483770262822 0.030934911430124879 0.058844052026216148 0.014056888911064356 0.056077236143328747 -0.035623848279876788 -0.011433300796703613 -0.0041388724634346058 0.011253252657566869 -0.04905056709468264 0.052208388491633465 0.029308328652649113 0.019228799402110808 -0.0066181752755991724 -0.14072723083932717 -0.019820351973590906 -0.016418846825364732 0.044000551968472509 0.059430840109001098 -0.21451230798167364 0.0051875620574692262 -0.078780234064506488 -0.0035382506774518856
leaf_weight=9.0661210510879737 1.2652297110762436 108.50903988128994 119.96783918095753 31.767656362848356 1.110570839839055 236.72795454529114 14.798472375376148 0.69134592963382502 51.523529917933047 8.6463613943196815 153.28516763751395 2.9280996546149245 112.88554764061701 247.6011643873062 160.86865814356133 186.8698126305826 17.632786098867658 2.0197090841829768 16.912498686928302 74.279220780357718 112.39986576000229 0.91825544252060254 16.534896693425253 11.845051228650844 56.185528062633239 2.495354425162077 1.0688327278476206 19.511858008569106 0.42090171296149481 339.12588157970458
leaf_count=719 40 4150 14179 821 39 5823 1121 10 4023 386 5196 78 35980 9509 4614 7296 592 92 1368 2420 3942 27 543 335 23449 98 52 760 33 2372
internal_value=4.95643e-05 -0.0028569 0.0108387 0.00332289 -0.0472689 0.00318499 -0.00794209 0.0220646 0.0107113 0.00685835 0.0051414 -0.00910752 -0.0130281 -0.0190085 -0.000341638 0.0062298 -0.0075842 -0.0386441 -0.00230683 -0.00356692 0.00366628 -0.00924885 0.00505289 -0.0276644 0.0397528 -0.0163294 -0.123733 0.0216935 -0.215095 -0.00302792
internal_weight=2119.86 1669.99 449.876 269.467 14.6418 763.202 906.786 180.409 321.964 270.441 261.794 872.475 530.421 360.487 169.935 254.825 67.955 19.6525 441.238 424.325 186.679 237.646 48.3026 13.1103 60.4411 4.25553 1.76018 34.3103 1.53147 342.054
internal_count=130067 82488 47579 9791 447 27335 55153 37788 13755 9732 9346 53272 50822 45489 5333 9344 2048 684 13580 12212 6362 5850 1364 375 23609 160 62 1881 72 2450
is_linear=0
shrinkage=0.05


Tree=120
num_leaves=31
num_cat=0
split_feature=12 13 8 12 1 4 5 1 10 8 8 8 0 8 7 0 10 2 1 1 10 2 0 0 1 8 0 10 13 12
split_gain=22.2712 18.1202 11.6548 9.40949 8.89002 17.2402 13.1512 19.2231 12.2719 12.0836 17.2252 8.51048 7.86609 7.47779 6.40565 6.35074 10.9597 10.5875 6.34968 6.32716 5.23056 4.41063 4.3225 16.3485 11.9439 5.68824 4.27194 4.17001 4.43172 5.88795
threshold=6.5000000000000009 1.0000000180025095e-35 96.313285827636733 1.5000000000000002 73.20508193969728 0.41421362757682806 1.0000000180025095e-35 58.898942947387702 1.0000000180025095e-35 98.08304595947267 92.340286254882827 40.093458175659187 0.92144301533699047 27.127161979675297 1.0000000180025095e-35 0.6728879213333131 1.0000000180025095e-35 30.341388702392582 61.620294570922859 87.585617065429702 1.0000000180025095e-35 34.330356597900398 0.8961075246334077 0.89772999286651622 69.614067077636733 93.512504577636733 0.8995817005634309 2.5000000000000004 1.0000000180025095e-35 8.5000000000000018
decision_type=2 2 2 2 2 2 2 2 2 2 2 2 2 2 2 2 2 2 2 2 2 2 2 2 2 2 2 2 2 2
left_child=1 4 3 18 5 12 7 -7 9 10 -6 -10 14 -8 -1 17 -17 -5 20 21 -3 -2 -23 24 -24 -25 -13 -21 29 -29
right_child=19 2 -4 15 8 6 13 -9 11 -11 -12 26 -14 -15 -16 16 -18 -19 -20 27 -22 22 23 25 -26 -27 -28 28 -30 -31
leaf_value=-0.026381662222859339 -0.078357704562149438 0.019391461815251108 0.034629195390700938 0.0013937848666376257 -0.0017577240708553125 -0.00045915188143352066 -0.0058064177647552707 0.056557927540371922 0.12610491286014788 0.050729014747755263 -0.034604789992616423 0.051638190670949075 0.040718973044685067 -0.036989789269391497 -0.0066825262848036948 -0.0002690926846458975 0.016035458076316258 -0.023240444262665708 0.034638713055134704 0.044745163013507644 -0.0068384471932832315 0.043903229839178652 -0.74799454103789853 -0.013456018087870603 0.050181748045093746 0.050136530612539434 0.011473233634439193 -0.29522873339223604 0.050133481235118994 -0.025086760778563505
leaf_weight=178.55645999137778 1.3559890459291661 45.769121653283946 29.37994474649895 125.31399260717444 444.73134956334252 213.11878068081569 41.185089557431638 15.884508525021372 1.9358925756532688 10.032311704708262 43.84772129310295 8.1390318470075709 5.1378117979038498 36.055690994253382 53.672103342600167 478.60865314397961 131.35403348132968 66.903132162755355 33.038898630300537 36.889304619049653 32.503781992709264 8.2635385858593526 0.1252658036537494 11.993176389252769 0.074889901326969266 4.9752173606539136 35.47557959984988 0.28954342554788925 0.84608574362937361 0.66489968774840236
leaf_count=23419 23 1993 2794 2358 15857 8533 428 1227 102 978 1432 1292 347 6116 903 14975 9722 1978 2218 19469 1222 2011 29 3023 25 2067 4726 133 416 351
internal_value=-0.000515765 -0.00144124 0.0036319 0.00263496 -0.00583859 -0.010361 -0.00252181 0.00349576 -0.00132074 -0.00359022 -0.0047056 0.0235218 -0.020475 -0.0203627 -0.0218288 0.000744639 0.00324205 -0.00718041 0.0162578 0.0281856 0.00849917 0.0095066 0.0141914 -0.00010952 -0.44935 0.00518963 0.0189685 0.0411186 -0.0331816 -0.107038
internal_weight=2096.12 2030.64 942.872 913.492 1087.77 543.61 306.244 229.003 544.162 498.611 488.579 45.5505 237.366 77.2408 232.229 802.18 609.963 192.217 111.312 65.4779 78.2729 26.7881 25.4321 17.1685 0.200156 16.9684 43.6146 38.6898 1.80053 0.954443
internal_count=130167 102620 37260 34466 65360 40973 16304 9760 24387 18267 17289 6120 24669 6544 24322 29033 24697 4336 5433 27547 3215 7178 7155 5144 54 5090 6018 20369 900 484
is_linear=0
shrinkage=0.05


Tree=121
num_leaves=31
num_cat=0
split_feature=12 10 13 12 4 4 11 12 10 2 4 5 3 1 10 11 8 4 0 2 0 2 0 0 2 0 10 2 8 8
split_gain=27.9547 19.0705 13.8499 12.9745 10.9199 16.1106 11.6466 10.8846 11.9999 14.6457 10.1292 9.13858 9.00903 23.2173 13.5449 11.6214 7.71487 9.10551 7.09092 7.01405 6.526 10.6498 22.0182 5.59737 5.45651 5.17829 5.14055 9.27868 5.00485 4.84159
threshold=4.5000000000000009 1.5000000000000002 1.0000000180025095e-35 2.5000000000000004 0.19292803853750232 0.26006440818309789 1.0000000180025095e-35 1.5000000000000002 1.0000000180025095e-35 37.884435653686531 0.25866188108921057 1.0000000180025095e-35 31.698564529418949 60.120481491088874 1.0000000180025095e-35 1.0000000180025095e-35 78.41568756103517 0.71563342213630687 0.59682920575141918 37.248718261718757 0.87150537967681896 69.282051086425795 0.85001030564308178 0.57139068841934215 77.485187530517592 0.6839854121208192 1.0000000180025095e-35 85.89511871337892 95.093433380126967 45.910001754760749
decision_type=2 2 2 2 2 2 2 2 2 2 2 2 2 2 2 2 2 2 2 2 2 2 2 2 2 2 2 2 2 2
left_child=1 2 12 -3 6 10 24 8 19 -10 26 -8 14 18 -1 -15 25 -18 -14 -4 21 23 -23 -5 -2 -9 27 -6 29 -7
right_child=4 3 7 20 5 28 11 16 9 -11 -12 -13 13 15 -16 -17 17 -19 -20 -21 -22 22 -24 -25 -26 -27 -28 -29 -30 -31
leaf_value=0.072522852334278007 -0.085972588361855062 0.048504275362871267 0.064356894090203023 -0.012823349137792357 -0.15934367551218584 0.024019203438544492 -0.0046439141733736382 -0.015923214513350561 -0.037388931643850709 0.028250585180316243 -0.15033929833179926 0.039758817327029683 -0.013772683434877996 -0.0061907474610757305 -0.00025240584878305483 0.033299794766175131 0.012109507699833761 -0.029338791247467046 -0.031050539740192697 0.020352121802500532 0.038336201225822451 -0.030196363118611402 -0.45728038607535942 0.043587451673889506 0.010827038325369076 -0.0025170836494162671 0.00030643292691810914 -0.031102559952526733 0.028883451130700774 -0.002760564940065179
leaf_weight=6.7564179152250281 1.4661942120874289 28.346504068467766 10.566535556688903 20.682705702260144 1.5461809654953054 21.707780373399146 13.923912710510193 89.240978861926123 19.665552532998845 14.964767242548985 1.7129064975306381 69.065317827858962 105.06914854014758 479.92159839568194 119.07663701777346 19.38239630125463 133.65228493604809 14.70870230020955 136.56961966794915 63.321331082610413 10.0617020688951 1.2804732769727696 0.39483939413912583 5.5848554119002065 205.73128434817772 373.50938535830937 11.782439405214971 16.073017730028369 23.541463545290753 75.853869623388164
leaf_count=669 36 2333 542 293 32 618 1454 3087 601 801 49 25573 6137 21968 3294 1626 5289 481 19730 3073 1140 184 37 145 8102 11208 1547 343 3519 6247
internal_value=-0.00037096 -0.00335905 -0.00445746 0.0229031 0.0107921 -5.40674e-05 0.0164815 0.000669806 0.0152623 -0.00902419 -0.0321455 0.0323089 -0.00871431 -0.010815 0.00365515 -0.00465777 -0.00192147 0.00800027 -0.0235378 0.0266451 0.0038079 -0.00862509 -0.130852 -0.000829614 0.0101421 -0.00510244 -0.0252597 -0.0423564 0.00819106 0.00319802
internal_weight=2095.16 1652.76 1586.41 66.3511 442.404 152.218 290.187 719.63 108.518 34.6303 31.1145 82.9892 866.776 740.943 125.833 499.304 611.111 148.361 241.639 73.8879 38.0046 27.9429 1.67531 26.2676 207.197 462.75 29.4016 17.6192 121.103 97.5616
internal_count=130158 82638 78506 4132 47520 12355 35165 25082 5017 1402 1971 27027 53424 49461 3963 23594 20065 5770 25867 3615 1799 659 221 438 8138 14295 1922 375 10384 6865
is_linear=0
shrinkage=0.05


Tree=122
num_leaves=31
num_cat=0
split_feature=12 11 1 9 7 9 12 12 0 9 10 9 13 9 1 0 13 2 11 12 1 2 4 0 4 9 4 2 2 12
split_gain=22.5845 17.7528 14.1776 14.0314 19.5699 54.5976 16.0069 14.4405 17.6644 10.9528 6.75991 6.41147 8.1768 10.5698 6.34839 11.4531 5.82768 5.66878 10.0815 4.9965 4.87267 8.64505 9.44295 7.33594 6.04768 4.8658 4.68193 4.65694 4.61871 4.55374
threshold=5.5000000000000009 1.0000000180025095e-35 92.380260467529311 0.28869047760963445 1.0000000180025095e-35 0.050641026347875602 2.5000000000000004 1.5000000000000002 0.67684677243232738 0.71825397014617931 1.5000000000000002 0.8603896200656892 1.0000000180025095e-35 0.84807693958282482 71.535182952880874 0.50397351384162914 1.0000000180025095e-35 94.201679229736342 1.0000000180025095e-35 4.5000000000000009 84.680576324462905 92.718276977539077 0.25866188108921057 0.94001582264900219 0.35355392098426824 0.30151516199111944 0.79449471831321727 91.945945739746108 53.001201629638679 1.5000000000000002
decision_type=2 2 2 2 2 2 2 2 2 2 2 2 2 2 2 2 2 2 2 2 2 2 2 2 2 2 2 2 2 2
left_child=3 2 20 4 5 -1 9 27 -9 14 -3 12 13 -12 15 -5 19 18 -18 -8 23 -22 -23 24 -2 -16 -21 -7 -6 -30
right_child=1 10 -4 6 28 7 16 8 -10 -11 11 -13 -14 -15 25 -17 17 -19 -20 26 21 22 -24 -25 -26 -27 -28 -29 29 -31
leaf_value=-0.047904180933534345 -0.067395521662747856 0.040347510844662732 0.014173476129641495 0.018639297586218389 -0.033791331607076529 0.0066256223738814131 -0.010457598578889872 -0.029479123161045191 -0.0029659115821115091 0.040520140254674618 -0.053742454287033239 0.050240546995811201 0.01375354893712856 -0.41373554453250094 -0.05208845368286933 -0.0071396349974487579 -0.053793151241210417 0.013660216053716215 0.0012922306419541375 -0.00051109512098555365 -0.18802462357547209 -0.02142500173556984 -0.13809494736989467 0.051405925448289203 0.039282064092312552 0.030812393943861434 0.035041928564490975 0.036138516276927636 0.011558354630099384 -0.00065128130785419448
leaf_weight=90.19344638613984 4.5360585097223538 68.228833436616696 61.15179255977273 84.457528276485391 9.6249037049710733 89.192734729498625 206.34771237196401 87.30275615490973 224.03958932496607 33.392862098524347 3.7620108104310943 5.610657360404729 8.4088234367081895 0.21558445878326882 1.8515862384811033 87.956869459478185 8.8125903713516873 95.191405798541382 144.4938465107698 65.058914375025779 1.0293181955348671 12.224419873557052 2.0210551994387069 3.815049743745476 1.8788624205626545 40.177135625854135 10.796755568124352 15.722677125711924 89.273018961772323 528.22210737504065
leaf_count=36654 157 25470 2590 2056 278 3514 5577 7739 8610 4544 1014 2576 2977 101 67 2423 305 7770 3076 3821 31 322 29 121 58 2810 497 492 818 3567
internal_value=-0.000211293 0.017095 0.00111246 -0.00177603 -0.00532564 -0.0126361 0.00339229 -0.00499435 -0.0104004 0.0138835 0.0331573 0.00589868 -0.0141868 -0.073254 0.00973571 0.00548823 -0.00150709 0.00407648 -0.00187427 -0.00642378 -0.0302034 -0.0480886 -0.0379774 -0.00349837 -0.0361508 0.0271602 0.00454927 0.0110484 0.000578182 0.0011139
internal_weight=2084.99 172.882 86.6566 1912.11 1133.57 506.451 778.537 416.258 311.342 247.836 86.2259 17.9971 12.3864 3.9776 214.443 172.414 530.701 248.498 153.306 282.203 25.5048 15.2748 14.2455 10.23 6.41492 42.0287 75.8557 104.915 627.12 617.495
internal_count=130064 35446 3308 94618 61672 57009 32946 20355 16349 11900 32138 6668 4092 1115 7356 4479 21046 11151 3381 9895 718 382 351 336 215 2877 4318 4006 4663 4385
is_linear=0
shrinkage=0.05


Tree=123
num_leaves=31
num_cat=0
split_feature=9 2 13 8 12 1 8 2 10 9 8 8 4 12 1 12 12 9 9 2 0 4 0 2 1 8 4 13 8 4
split_gain=19.5765 19.2256 16.6014 13.8373 10.9198 10.5204 16.1397 14.4547 14.9807 13.7287 10.9363 9.52661 8.68848 7.62585 7.56352 12.1139 7.568 10.7758 7.02089 7.60133 6.88944 6.00029 5.62454 4.48346 4.35467 15.3794 4.23935 4.14315 3.6174 3.43697
threshold=0.78759399056434642 40.253164291381843 1.0000000180025095e-35 98.08304595947267 1.5000000000000002 74.352157592773452 92.193038940429702 30.341388702392582 1.0000000180025095e-35 0.44722221791744238 27.127161979675297 96.69602203369142 0.89039039611816417 3.5000000000000004 87.20676422119142 6.5000000000000009 2.5000000000000004 0.13423423469066623 0.80476191639900219 33.589742660522468 0.96672847867012035 0.10582306981086732 1.0000000180025095e-35 12.70161294937134 16.807909011840824 90.486961364746108 0.60749301314353954 1.0000000180025095e-35 83.735466003417983 0.13714733719825747
decision_type=2 2 2 2 2 2 2 2 2 2 2 2 2 2 2 2 2 2 2 2 2 2 2 2 2 2 2 2 2 2
left_child=2 13 3 5 28 7 9 8 -1 -7 -9 -8 -3 21 16 20 17 -6 24 23 -16 -2 -5 -20 25 -15 -18 -21 29 -4
right_child=1 12 4 22 14 6 11 10 -10 -11 -12 -13 -14 18 15 -17 26 -19 19 27 -22 -23 -24 -25 -26 -27 -28 -29 -30 -31
leaf_value=0.065178178878969831 -0.059278553968431937 0.036380078136000783 0.032432040352757936 -0.2403761830986838 -0.0091655760364511354 -0.0020873932762762626 -0.047403129493892526 -0.0063966513177854695 -0.0038240974725181863 0.023230866798410476 -0.026352666295793182 0.0012758884971287067 -0.41239703589012522 -0.31004164949895774 0.02712584231387451 0.050221704722681164 -0.0094206773795827425 0.016444171396410467 0.028351675100034498 -0.062147164001468351 0.0027453463400381973 0.045120700049890161 0.047678213648931156 -0.0028915778087115901 -0.031459430676554552 0.051285732729027603 0.006117547278295242 -0.0026525783449481612 0.051695522058830969 0.01078832410878146
leaf_weight=8.2487526617478562 1.5374822616577137 73.480218758690171 24.160085743060336 0.17160779936239023 68.547438506502658 401.4060226555448 28.685066963662393 111.15244612481911 169.44602038513403 61.783955819089897 179.55973118531983 15.471586132072842 0.10800911672413249 0.68076451867818766 32.463824861682951 15.839857613784259 266.11921420507133 102.48863233882003 15.53909003920853 7.2472952264361066 269.70513342716731 13.129556446336208 13.566449818317777 43.986178358085454 1.8523618429899213 0.51901734247803688 52.56843320117332 4.9080072254873812 7.6379737758543333 76.170819526421838
leaf_count=450 24 21867 978 15 3749 13944 1382 2271 5118 6180 29914 621 11 20 2013 8738 10204 2702 1071 61 10515 1307 1307 399 10 25 985 35 1178 2883
internal_value=0.000162102 0.0167937 -0.00126072 -0.0057507 0.00359106 -0.00645228 -0.00146373 -0.0118555 -0.000620949 0.00128976 -0.0187226 -0.030347 0.0357214 0.00121371 0.00159481 0.00759899 -0.00230409 0.00618036 -0.00525565 -0.00209329 0.00536469 0.034177 0.04408 0.00526448 -0.0795249 -0.153734 -0.0068576 -0.0381247 0.0185254 0.0160002
internal_weight=2068.18 162.988 1905.19 989.492 915.701 975.754 507.347 468.407 177.695 463.19 290.712 44.1567 73.5882 89.3998 807.733 318.009 489.724 171.036 74.7327 71.6806 302.169 14.667 13.7381 59.5253 3.05214 1.19978 318.688 12.1553 107.969 100.331
internal_count=129977 24830 105147 61202 43945 59880 22127 37753 5568 20124 32185 2003 21878 2952 38906 21266 17640 6451 1621 1566 12528 1331 1322 1470 55 45 11189 96 5039 3861
is_linear=0
shrinkage=0.05


Tree=124
num_leaves=31
num_cat=0
split_feature=9 8 9 8 9 4 5 3 11 9 11 8 1 8 8 12 3 9 8 9 4 8 4 12 5 3 4 1 0 12
split_gain=20.1529 31.2533 34.3718 15.7928 15.0647 13.496 11.629 10.7701 10.041 9.71597 11.1083 9.05806 8.78253 8.42733 6.87264 6.8652 6.09705 5.97891 5.939 5.24227 4.97592 4.02146 3.95378 10.3492 10.0652 9.53298 6.76212 7.20837 7.11022 6.38934
threshold=0.19756097346544269 30.202253341674808 0.056349206715822227 47.466186523437507 0.8834841549396516 0.10102041065692903 1.0000000180025095e-35 49.675325393676765 1.0000000180025095e-35 0.29520697891712194 1.0000000180025095e-35 38.967699050903327 68.323558807373061 75.766986846923842 86.685932159423842 1.5000000000000002 95.040985107421889 0.54772728681564342 34.384952545166023 0.20344828069210055 0.15849281847476962 85.421901702880874 0.36451049149036413 3.5000000000000004 1.0000000180025095e-35 86.72955703735353 0.20227272808551791 74.352157592773452 0.90715405344963085 3.5000000000000004
decision_type=2 2 2 2 2 2 2 2 2 2 2 2 2 2 2 2 2 2 2 2 2 2 2 2 2 2 2 2 2 2
left_child=1 22 -3 18 5 7 14 17 -9 10 -7 -4 15 -11 21 -13 -14 -5 -2 -20 -16 -6 26 24 25 -24 29 -28 -29 -1
right_child=3 2 11 4 6 9 -8 8 -10 13 -12 12 16 -15 20 -17 -18 -19 19 -21 -22 -23 23 -25 -26 -27 27 28 -30 -31
leaf_value=0.006827165294526507 0.058562564431356594 -0.050130906150630865 0.0070022018858477688 -0.053680117821262668 -0.042307184763704493 -0.0010211207876388493 0.049149251305811166 0.0071966847392072337 0.030069348683274058 0.0075617539476837319 -0.037934359653508137 -0.0097266493183649494 0.023206474669241774 -0.0057016286997727981 -0.018638841493658721 -0.042092349265647491 -0.011662080282374178 -0.00084026784407495328 -0.014835025069054712 0.025695292414209266 0.017748773150470545 -0.28464979108005994 0.0096016127962715633 0.035684543656379818 -0.0064854770585667798 0.08899385229684216 -0.032163251761785187 0.033272387917633782 -0.0095256014981522138 -0.004835320364736587
leaf_weight=253.88068793609273 11.90901973727159 68.589454207918607 60.558772991178557 9.5698188324458915 0.40541220863815297 40.925861306255683 27.167636027676053 207.93792811851017 62.376471555093303 189.35439241374843 40.598704845178872 27.425757052376866 15.916570115368811 325.86641821509693 10.959235448623074 40.695708079845645 59.04366171406582 12.150964010972528 9.1877629267983121 60.596081096795388 65.832950376905501 0.29629402002319694 11.513334626797588 27.238632405293174 81.2600930853514 5.6299728275043881 31.750006505288184 10.926022707950322 86.808280398952775 218.52318249503151
leaf_count=3961 256 32855 3108 380 32 713 10944 10586 19057 4576 2143 1801 694 15976 665 6208 1989 85 429 1834 4967 19 381 205 1465 91 1403 118 797 2497
internal_value=4.41534e-05 -0.00506589 -0.0195179 0.00479595 0.00305819 0.000945307 0.0210007 0.00975281 0.0124747 -0.00336491 -0.0194037 -0.0092069 -0.0160673 -0.000827059 0.0111324 -0.0290619 -0.00425832 -0.0241206 0.0259283 0.0203591 0.0125558 -0.144636 0.000341805 0.00840935 0.000859412 0.0356745 -0.00134227 -0.0114651 -0.00474108 0.00143237
internal_weight=2074.9 999.76 272.23 1075.13 993.442 888.781 104.662 292.035 270.314 596.745 81.5246 203.64 143.082 515.221 77.4939 68.1215 74.9602 21.7208 81.6929 69.7838 76.7922 0.701706 727.53 125.642 98.4034 17.1433 601.888 129.484 97.7343 472.404
internal_count=130235 57573 46655 72662 70143 53516 16627 30108 29643 23408 2856 13800 10692 20552 5683 8009 2683 465 2519 2263 5632 51 10918 2142 1937 472 8776 2318 915 6458
is_linear=0
shrinkage=0.05


Tree=125
num_leaves=31
num_cat=0
split_feature=12 10 12 4 12 13 1 9 2 2 8 8 13 11 4 4 11 9 12 10 4 10 9 11 8 2 4 8 1 8
split_gain=23.671 16.6893 11.6622 11.2021 10.6622 9.10768 11.268 11.1218 11.2503 10.1701 8.35736 18.7404 14.2693 7.95423 8.23571 7.84909 7.12275 6.50893 7.97897 6.00925 5.85958 5.83528 5.8667 5.80224 5.1425 4.66879 4.3835 4.24805 4.16831 3.69928
threshold=4.5000000000000009 1.5000000000000002 2.5000000000000004 1.0000000180025095e-35 1.5000000000000002 1.0000000180025095e-35 74.352157592773452 0.21240601688623431 42.206478118896491 32.071428298950202 88.784862518310561 88.247200012207045 1.0000000180025095e-35 1.0000000180025095e-35 0.033908046782016761 0.32200460135936743 1.0000000180025095e-35 0.1695402339100838 5.5000000000000009 5.5000000000000009 0.92153847217559826 1.5000000000000002 0.94868421554565441 1.0000000180025095e-35 42.891986846923835 77.058032989501967 0.85912698507308971 84.237243652343764 45.308176040649421 34.217561721801765
decision_type=2 2 2 2 2 2 2 2 2 2 2 2 2 2 2 2 2 2 2 2 2 2 2 2 2 2 2 2 2 2
left_child=1 4 29 16 10 6 9 8 -7 -6 11 20 -13 14 -5 -8 -2 18 -18 -19 -1 -15 26 28 -9 -16 -23 -27 -4 -3
right_child=3 2 23 13 5 7 15 24 -10 -11 -12 12 -14 21 25 -17 17 19 -20 -21 -22 22 -24 -25 -26 27 -28 -29 -30 -31
leaf_value=0.001391221723815078 0.013445773115026281 0.12856519452484128 -0.16558466689354351 -0.15651420545853467 -0.0065538598230883392 -0.049952222737343739 -0.0057210960899513712 0.037065664997519419 -0.0053057828505508331 -0.023616916366351423 0.040987121148974931 -0.36666812458975789 0.050671232006799252 0.022566121758764168 -0.10671994355277988 0.018460836349485844 -0.087805922999946051 0.041924134290971367 0.043847885034755521 -0.26778428816676664 0.026406356720578828 -0.016976792730380573 0.029532084498980257 -0.00501014525192314 0.0047714610141590579 1.9701307808981588e-05 0.017140525198203426 -0.026084580879861832 0.050622991998867363 0.043662186311027466
leaf_weight=235.8445254402468 183.07351660332642 1.3531135212397227 0.22995493933558364 0.95097616338170965 161.0638499611523 14.754644385306163 291.41332730709109 12.936654560966415 322.99736073240638 190.75073499965947 15.398293052217921 0.59725754288956423 0.31171118188649416 52.115615763934329 1.192018950707278 37.923489172826521 2.2901451650541267 44.083623937796801 2.3133859364315867 0.15718085831031103 25.989711389294825 36.177817589021288 13.140693282592109 30.558691849932075 261.6688800745178 57.760380661464296 12.726790800690649 21.344030012842268 7.2914758583065122 24.743912054575048
leaf_count=17770 7375 37 8 34 4855 1364 11514 279 9781 18852 2616 55 48 10874 49 1301 33 22017 46 29 1397 3016 1265 1076 8642 1569 490 700 720 2313
internal_value=6.23529e-05 -0.00267495 0.0223175 0.0105409 -0.0036955 -0.0056052 -0.00958324 -0.00118025 -0.00725616 -0.0158053 0.00518562 0.00308744 -0.223551 0.0017216 -0.0102362 -0.00293652 0.0179718 0.034936 -0.0216467 0.0408238 0.00387423 0.0102319 -0.000128412 0.00467267 0.00629284 -0.00850379 -0.0080982 -0.00702378 0.0440128 0.0480644
internal_weight=2063.15 1635.83 64.1771 427.326 1571.65 1293.51 681.151 612.358 337.752 351.815 278.141 262.743 0.908969 195.408 81.2474 329.337 231.918 48.8443 4.60353 44.2408 261.834 114.161 62.0453 38.0801 274.606 80.2964 48.9046 79.1044 7.52143 26.097
internal_count=130125 82628 4154 47497 78474 56588 36522 20066 11145 23707 21886 19270 103 17997 2352 12815 29500 22125 79 22046 19167 15645 4771 1804 8921 2318 3506 2269 728 2350
is_linear=0
shrinkage=0.05


Tree=126
num_leaves=31
num_cat=0
split_feature=9 8 9 8 8 12 12 9 2 9 1 9 3 9 1 11 1 3 5 1 9 7 12 2 0 9 12 3 8 13
split_gain=15.9213 30.1319 32.4253 13.0545 12.7523 9.32129 9.98741 11.4465 8.89764 8.32395 8.04132 7.50284 7.33506 6.88365 5.53882 8.74134 7.32966 5.49647 16.7588 5.86779 4.80391 9.4529 5.81298 5.07137 5.17086 4.93501 4.64428 4.40361 4.31446 6.16216
threshold=0.19756097346544269 29.860438346862797 0.056349206715822227 36.930006027221687 38.967699050903327 6.5000000000000009 2.5000000000000004 0.69397994875907909 1.0000000180025095e-35 0.19139194488525393 87.585617065429702 0.77097901701927196 70.087718963623061 0.71825397014617931 87.585617065429702 1.0000000180025095e-35 86.391696929931655 94.201679229736342 1.0000000180025095e-35 1.0000000180025095e-35 0.070197045803070082 1.0000000180025095e-35 2.5000000000000004 51.744421005249031 0.60819187760353099 0.042572464793920524 3.5000000000000004 89.927536010742202 27.127161979675297 1.0000000180025095e-35
decision_type=2 2 2 2 2 2 2 2 2 2 2 2 2 2 2 2 2 2 2 2 2 2 2 2 2 2 2 2 2 2
left_child=1 20 -3 26 17 6 7 8 -5 12 11 13 -6 -7 16 -16 -8 19 -19 -4 21 25 28 -23 -25 -1 -2 -24 -22 -30
right_child=3 2 4 5 9 10 14 -9 -10 -11 -12 -13 -14 -15 15 -17 -18 18 -20 -21 22 23 27 24 -26 -27 -28 -29 29 -31
leaf_value=-0.044849762865115328 0.064696076026208124 -0.050124177830479767 0.032796180514198733 0.022973675776371289 -0.034569976556652997 -0.0036685927871720233 -0.0040679916468242478 0.033606951175028384 0.0011129325719109447 -0.19190403744166806 0.04017641457411289 0.03881295542000085 -0.0095582986892179794 -0.090060043918259336 0.0012922344994782333 0.033953592869010056 -0.05359882086321667 0.13948116626022863 0.012619888950627517 -0.017492313551796191 0.018786778224075991 -0.040951420908709443 -0.055240218045500028 0.05356268731400779 0.00061990222267651034 -0.00059551321206779094 0.0035028655200039895 0.01641788465374697 -0.0016194849044794037 0.11427813102612308
leaf_weight=17.93780194059946 11.702474765013902 65.727695281151682 7.7162728072144118 57.67138139414601 41.871051334077492 12.205834017950112 446.96042331214994 40.65574239671696 241.29115294839721 0.68405361566692491 30.268384661409073 8.4828107601497305 97.733812055550516 2.8428031720686695 173.91918292595074 23.220775824273005 7.5961096307728431 2.8908980677370009 26.167967240908183 23.365628499654122 6.251053082058208 7.2856138786301008 3.001492031849919 4.6449987422674885 649.09534989111125 9.7096561305224878 4.218312259996309 7.504286274779588 1.6366793382912872 3.8325008642859757
leaf_count=4751 269 33238 173 1715 5889 2932 14248 5076 8469 27 20131 3704 4831 484 8787 5924 467 59 859 2058 71 213 38 82 4776 180 160 112 75 39
internal_value=-0.000693294 -0.00529854 -0.0196488 0.00354746 -0.00965483 0.00286294 0.00176289 0.00871502 0.00532998 -0.0179125 0.0231324 0.00120867 -0.0170599 -0.0199886 -0.00186007 0.00513936 -0.0048957 0.00960759 0.0252406 -0.00500789 7.41155e-05 -0.000664278 0.0229532 0.000533743 0.000996075 -0.0293079 0.0484826 -0.00405478 0.0471627 0.0795952
internal_weight=2038.09 977.057 266.157 1061.04 200.43 1045.11 991.315 339.618 298.963 140.289 53.7998 23.5314 139.605 15.0486 651.696 197.14 454.557 60.1408 29.0589 31.0819 710.899 688.673 22.226 661.026 653.74 27.6475 15.9208 10.5058 11.7202 5.46918
internal_count=129837 57471 47134 72366 13896 71937 44686 15260 10184 10747 27251 7120 10720 3416 29426 14711 14715 3149 918 2231 10337 10002 335 5071 4858 4931 429 150 185 114
is_linear=0
shrinkage=0.05


Tree=127
num_leaves=31
num_cat=0
split_feature=9 13 1 10 5 4 2 7 2 4 2 2 9 7 9 9 3 12 3 4 9 3 4 12 2 12 4 12 4 10
split_gain=14.5534 10.2346 9.92562 15.3274 15.0667 13.9493 8.80522 8.11922 7.57592 7.09705 7.09499 9.82411 6.80008 6.71443 25.079 6.61831 10.642 6.94254 6.45414 8.30189 6.24972 10.3671 11.7288 6.96283 6.24891 6.23625 6.37038 6.23319 5.68337 4.97249
threshold=0.80476191639900219 1.0000000180025095e-35 61.620294570922859 1.0000000180025095e-35 1.0000000180025095e-35 0.10582306981086732 40.253164291381843 1.0000000180025095e-35 12.70161294937134 0.71563342213630687 16.108108520507816 24.316333770751957 0.8834841549396516 1.0000000180025095e-35 0.15075758099555972 0.23205128312110904 73.765182495117202 1.5000000000000002 33.030302047729499 0.38138528168201452 0.2788888961076737 56.562757492065437 0.98275861144065868 2.5000000000000004 33.589742660522468 1.5000000000000002 0.18274582922458651 1.5000000000000002 0.37602458894252783 5.5000000000000009
decision_type=2 2 2 2 2 2 2 2 2 2 2 2 2 2 2 2 2 2 2 2 2 2 2 2 2 2 2 2 2 2
left_child=1 2 4 13 15 27 8 -7 -2 18 -11 -12 29 14 -4 17 -17 -1 19 -10 21 22 -3 -24 -20 -23 -27 -6 -15 -8
right_child=6 20 3 -5 5 7 12 -9 9 10 11 -13 -14 28 -16 16 -18 -19 24 -21 -22 25 23 -25 -26 26 -28 -29 -30 -31
leaf_value=-0.0051110526724974445 0.032468770650047434 -0.034938579210609735 -0.048945183204372078 0.023591762699192269 0.057585331698736655 -0.04985738659827426 0.0099572584886357604 -0.017973074180175297 -0.062856696423012448 -0.19298992491019626 0.05303917689035445 -0.090310459504161264 0.043627992374946301 -0.001544395310279275 -0.0028493866058062565 -0.0035298872124887868 0.046394092897507275 -0.037938674148588251 0.021118297662127805 0.02994625276181756 0.0075865402741165048 0.016241307106196597 0.032057948003656161 -0.04787902306509953 -0.019938980288880179 0.0040336156702288845 -0.0083159481924026581 -0.0070802211047304858 0.019526533260162966 -0.27592375809412711
leaf_weight=38.179400803637691 19.127148473635316 41.746647399151698 35.620058347587474 57.060481175663881 5.2839152991073233 48.346919544739649 20.965818203869279 34.013293163850904 7.4001612672582251 0.81365341460332175 1.9731589164584873 3.0314074975904077 35.962637059972622 327.31539051234722 171.93992823711596 188.01000515255146 11.316928168060256 27.856964005390182 34.116786080645397 3.5736193056218326 355.04917965666391 62.196050128433853 12.830706524779091 3.4584178831428281 12.72385690291412 274.39153436874039 168.58053057477809 12.643364301882682 35.470103468745947 0.15321658656466652
leaf_count=6323 2096 2421 16222 8605 675 12298 5513 586 84 24 68 58 14577 2016 4892 3815 484 4487 304 58 27455 1890 284 78 102 7440 5221 2050 168 24
internal_value=-0.000274436 -0.00141365 -0.00493196 -0.00111585 -0.0114799 -0.0279897 0.015296 -0.0366897 0.00487615 -0.00341783 -0.0560549 -0.0337918 0.0304032 -0.00358774 -0.01076 -0.0052404 -0.000695418 -0.0189591 0.00187937 -0.0326354 0.00239127 -0.000883872 -0.0208979 0.0150862 0.00996544 0.00141543 -0.00066622 0.0119794 0.000515742 0.00788322
internal_weight=2051.15 1911.31 993.057 627.406 365.651 100.287 139.841 82.3602 82.7598 63.6326 5.81822 5.00457 57.0817 570.345 207.56 265.363 199.327 66.0364 57.8144 10.9738 918.253 563.204 58.0358 16.2891 46.8406 505.168 442.972 17.9273 362.785 21.119
internal_count=130318 107410 62621 31903 30718 15609 22908 12884 2794 698 150 126 20114 23298 21114 15109 4299 10810 548 142 44789 17334 2783 362 406 14551 12661 2725 2184 5537
is_linear=0
shrinkage=0.05


Tree=128
num_leaves=31
num_cat=0
split_feature=9 13 2 8 9 8 9 11 8 4 4 1 5 9 0 10 8 1 12 4 4 9 0 10 12 0 4 1 8 13
split_gain=17.7355 13.2781 9.47415 8.68902 8.28613 8.81745 18.641 9.81919 8.23629 7.17867 7.88019 6.83145 16.7057 9.76804 27.06 10.8396 7.3362 6.35668 5.41267 9.00194 8.09415 4.80272 14.6168 21.1565 4.67005 4.66233 4.65991 3.94006 3.74769 5.2522
threshold=0.85357144474983226 1.0000000180025095e-35 40.253164291381843 98.219570159912124 0.19756097346544269 30.202253341674808 0.075498577207326903 1.0000000180025095e-35 46.188034057617195 1.0000000180025095e-35 0.033908046782016761 61.620294570922859 1.0000000180025095e-35 0.83666664361953746 0.99772727489471447 1.0000000180025095e-35 1.0000000180025095e-35 24.316333770751957 3.5000000000000004 0.35067567229270941 0.096006143838167204 0.81534090638160717 0.94001582264900219 1.0000000180025095e-35 3.5000000000000004 0.72779932618141185 0.087595909833908095 1.0000000180025095e-35 93.626689910888686 1.0000000180025095e-35
decision_type=2 2 2 2 2 2 2 2 2 2 2 2 2 2 2 2 2 2 2 2 2 2 2 2 2 2 2 2 2 2
left_child=1 3 24 11 5 18 -7 -8 -6 17 -11 12 25 15 -15 -13 -14 -10 20 -20 -3 27 -23 -24 26 -1 -2 -5 -26 -30
right_child=2 4 -4 21 8 6 7 -9 9 10 -12 13 16 14 -16 -17 -18 -19 19 -21 -22 22 23 -25 28 -27 -28 -29 29 -31
leaf_value=-0.0067563952797541297 -0.0592731828438023 0.022367111048741221 0.037493812570538257 -0.1511628595801906 0.029992093310374987 -0.047048717382472433 0.005060490370209076 -0.024239300849774555 -0.10334383199100472 -0.10990565945679372 0.0022236924994536839 -0.0049366725422619936 -0.012811233380725644 0.05031626848537997 -0.50335886097230054 0.017493465727901104 -0.041180113930074591 0.018174123529242185 -0.0083466371591590337 0.034477145299729124 -0.00068543844542820259 0.050531643426745369 0.050314269206292284 -0.98039629231544456 0.0401138155580123 0.024248381763986956 0.050454676455430794 0.05084768468064077 -0.012431579686918551 0.020804224386709185
leaf_weight=254.51058682019357 1.0823983843438316 68.740151958074421 41.990234576398507 0.24709407752379497 37.138217538711615 29.84381866757758 98.088431768352166 40.360762381926179 1.0877053290605534 1.5747943858150382 312.10276819381397 567.49795275402721 38.227601969614625 0.5671656159684052 0.36122547776903957 59.511078794370405 56.428415164584294 101.67009054287337 122.96182117587887 13.632261683233081 85.365001260768622 0.53203723335173059 0.10225645126774907 0.097026158939115703 5.8996068877167991 12.731659728335215 9.1208825092762691 10.431003243429585 37.267080277670175 17.454166262410581
leaf_count=14157 14 786 16669 22 1279 7582 1481 1686 10 126 14587 23127 709 134 105 9516 14960 15551 1516 125 1282 86 17 27 222 1182 929 1095 770 380
internal_value=-0.000589393 -0.00172503 0.0186758 -0.00570106 0.00263738 -0.00209887 -0.011207 -0.003481 0.00743022 0.00541813 0.00166076 -0.00620114 -0.0116727 -0.00304773 -0.165112 -0.00280777 -0.0297231 0.0168878 0.00317404 -0.00407277 0.00959738 0.0376835 -0.0862747 -0.451515 0.00751893 -0.0052793 0.0388144 0.0461731 0.00225149 -0.00183052
internal_weight=2026.63 1913.81 112.814 1001.25 912.566 458.992 168.293 138.449 453.574 416.435 313.678 989.836 361.898 627.937 0.928391 627.009 94.656 102.758 290.699 136.594 154.105 11.4094 0.73132 0.199283 70.8241 267.242 10.2033 10.6781 60.6209 54.7212
internal_count=130132 111148 18984 65137 46011 14458 10749 3167 31553 30274 14713 63890 31008 32882 239 32643 15669 15561 3709 1641 2068 1247 130 44 2315 15339 943 1117 1372 1150
is_linear=0
shrinkage=0.05


Tree=129
num_leaves=31
num_cat=0
split_feature=9 7 9 13 1 11 0 0 4 4 1 2 3 4 4 0 13 4 9 1 0 0 3 2 9 0 0 10 11 0
split_gain=13.8889 26.509 39.1198 14.215 8.60228 16.0225 15.6128 10.28 8.73759 7.18138 12.9146 7.80419 20.8839 14.1183 15.1456 12.9178 7.651 7.37638 7.16906 6.79916 8.96676 6.5255 6.51042 15.0714 6.00225 5.96536 5.75307 5.74279 4.28498 4.1046
threshold=0.1695402339100838 1.0000000180025095e-35 0.053342817351222045 1.0000000180025095e-35 76.253131866455092 1.0000000180025095e-35 0.45975114405155187 0.92727673053741466 0.14854215830564502 0.50333333015441906 59.317129135131843 69.028213500976577 49.675325393676765 0.13714733719825747 0.39811320602893835 0.47371079027652746 1.0000000180025095e-35 0.29478609561920172 0.18350168317556384 55.217784881591804 0.83714976906776439 0.9636862874031068 42.997200012207038 17.519181251525882 0.20344828069210055 0.86785015463829052 0.87452492117881786 1.0000000180025095e-35 1.0000000180025095e-35 0.99772727489471447
decision_type=2 2 2 2 2 2 2 2 2 2 2 2 2 2 2 2 2 2 2 2 2 2 2 2 2 2 2 2 2 2
left_child=1 2 -1 -4 9 7 -7 -6 24 11 22 12 15 16 -15 -2 -13 -14 29 28 -21 -10 27 -24 -9 -12 -27 -11 -5 -8
right_child=4 -3 3 19 5 6 18 8 21 10 25 13 17 14 -16 -17 -18 -19 -20 20 -22 -23 23 -25 -26 26 -28 -29 -30 -31
leaf_value=-0.047266089884578533 0.0075590543061579019 0.0012260391786328118 -0.028716793777117812 0.005255601222394754 0.02797038546983216 -0.77037829947084502 0.0085685441363832684 0.036805431308497463 -0.010581716356194449 0.052740914962590202 0.056712221603353902 -0.011016313554646946 0.027871120120930116 -0.056443745554845194 -0.009313167052804593 -0.02058932576212617 0.040725656193287781 0.0004200251410754993 0.033175210779451778 0.051417890927187508 0.0041804367865283408 -0.077892093312838931 -0.086069486289641298 -0.0027264941158245022 0.0040230387211571779 -0.19932191112474817 0.013310695120867008 0.0063409870760177765 -0.028894450257027578 -0.11199553350606928
leaf_weight=77.673197433934547 64.931283947080374 673.48678862582892 48.192658820305951 15.217568301362915 41.766665429109707 0.060917444294317558 1.511842048726975 15.11316692875698 62.207597073866054 6.8798916732193893 17.611723623587753 14.77248624782078 68.094915208523162 27.776843936298974 44.123401135439053 109.48490724642761 13.836198799079284 38.199789335951209 79.241158422315493 11.245180056663228 94.224680010229349 3.8219450297765425 5.8762965044006696 70.54770346020814 183.43999994371552 0.33215180481783946 7.5259009434375912 217.03504100744613 23.17341213230975 1.3243581391870975
leaf_count=37812 1192 5182 9900 417 2008 10 18 214 1627 1079 2215 690 1958 1407 3692 2777 680 1101 33397 201 1561 102 120 3353 10241 8 630 5516 1271 29
internal_value=0.000368982 -0.00407864 -0.017324 -0.00521438 0.00419828 0.0101755 0.0297857 0.00491759 0.00127851 0.000914019 0.00636484 -0.00374451 0.000536228 -0.0157002 -0.0275209 -0.0101103 0.014008 0.0180058 0.0303796 0.00265881 0.00921689 -0.0144778 0.00346592 -0.0091348 0.00651832 0.0405488 0.00432293 0.00776665 -0.0153579 -0.0477286
internal_weight=2038.73 943.213 269.727 192.053 1095.52 388.488 82.1383 306.349 264.583 707.029 325.809 381.22 280.711 100.509 71.9002 174.416 28.6087 106.295 82.0774 143.861 105.47 66.0295 300.339 76.424 198.553 25.4698 7.85805 223.915 38.391 2.8362
internal_count=130408 56344 51162 13350 74064 47646 33454 14192 12184 26418 12921 13497 7028 6469 5099 3969 1370 3059 33444 3450 1762 1729 10068 3473 10455 2853 638 6595 1688 47
is_linear=0
shrinkage=0.05


Tree=130
num_leaves=31
num_cat=0
split_feature=12 12 4 4 8 9 3 8 4 9 4 4 7 9 10 8 12 3 3 4 3 9 8 8 10 9 9 1 3 4
split_gain=16.0329 12.1875 11.9919 12.6861 10.2575 9.73087 24.6597 16.945 11.3585 13.4199 11.081 11.003 8.84004 24.4444 8.73738 8.01741 5.86273 6.12527 6.24668 4.62292 8.67972 4.61113 7.37034 6.72431 4.46908 4.41206 4.40459 3.97181 8.87788 5.14973
threshold=4.5000000000000009 1.5000000000000002 0.18274582922458651 0.26006440818309789 83.735466003417983 0.30901856720447546 69.631092071533217 60.221162796020515 0.77032968401908886 0.73508772253990184 0.57735043764114391 0.98275861144065868 1.0000000180025095e-35 0.053342817351222045 1.5000000000000002 52.788888931274421 6.5000000000000009 71.535182952880874 69.309261322021499 0.92153847217559826 56.562757492065437 0.3717105239629746 71.465583801269545 72.982837677001967 2.5000000000000004 0.8603896200656892 0.15075758099555972 26.766168594360355 95.861873626708999 0.34654632210731512
decision_type=2 2 2 2 2 2 2 2 2 2 2 2 2 2 2 2 2 2 2 2 2 2 2 2 2 2 2 2 2 2
left_child=1 4 16 21 14 6 11 27 10 -10 -9 -3 13 -8 19 -13 -2 18 -18 20 -1 23 -23 -4 -19 -26 -21 29 -29 -7
right_child=2 5 3 -5 -6 7 12 8 9 -11 -12 15 -14 -15 -16 -17 17 24 -20 26 -22 22 -24 -25 25 -27 -28 28 -30 -31
leaf_value=-0.020784094895075697 0.012244547859280865 -0.03994666289319259 -0.037351534421870933 0.0050034553436140751 0.038460426527809705 0.12684091722691773 -0.047796613519972865 -0.002260450955641256 -0.033409217521773546 0.018656784137505517 0.022267383078800936 0.0059385972470017119 -0.00022121479162629022 -0.0046593087190827439 0.055342633060251639 -0.047976915281112635 -0.009043824706098531 0.044219474713103245 -0.2681314762108527 0.052901778441463834 0.0048512014694269343 0.085472310622049519 -0.02334163938469036 -0.13568726084211452 -0.11372198361240438 0.050107784322679816 0.0077200708931634918 -0.010621348339806111 0.050165559151719746 0.034433097286360986
leaf_weight=40.211417733458802 235.26704120560316 78.194893057458103 13.174087065039201 117.69611816026736 23.796850917977281 1.592571198008957 40.032825601403601 353.74725138780195 52.260354611556977 16.216273240745068 52.937606901745312 28.603465434163809 447.67079700902104 182.79962014744524 8.0714285685680789 9.0853145243599993 0.93360078451223916 28.74941677693278 0.30986141855828464 8.2764240670949238 184.61445812496822 1.7225341261364544 16.113168943556957 2.0027440851554266 0.91489389108028152 0.74608811235520989 15.489016690698916 15.798090467927977 9.6913769820239395 28.281895807012916
leaf_count=2732 13770 13118 329 10483 4408 34 19175 13261 510 976 937 839 2581 6666 603 206 68 20069 30 103 14428 86 1751 35 464 481 1082 414 333 219
internal_value=-0.000126393 -0.0024069 0.0085962 -0.00267941 0.00705695 -0.00442239 -0.00795261 0.00081039 -0.00223983 -0.0210792 0.000932303 -0.0292504 -0.00427169 -0.0124091 0.00414533 -0.00705836 0.0149626 0.0351647 -0.0736065 0.00248302 0.000266179 -0.0300703 -0.0128326 -0.050328 0.0396123 -0.0401321 0.0234548 0.0269889 0.0124905 0.0393592
internal_weight=2015 1597.37 417.63 150.709 280.46 1316.91 786.387 530.525 475.161 68.4766 406.685 115.884 670.503 222.832 256.663 37.6888 266.921 31.6539 1.24346 248.591 224.826 33.0125 17.8357 15.1768 30.4104 1.66098 23.7654 55.3639 25.4895 29.8745
internal_count=130191 82625 47566 12684 23356 59269 42585 16684 15684 1486 14198 14163 28422 25841 18948 1045 34882 21112 98 18345 17160 2201 1837 364 21014 945 1185 1000 747 253
is_linear=0
shrinkage=0.05


Tree=131
num_leaves=31
num_cat=0
split_feature=12 11 1 12 10 13 0 1 13 4 1 3 2 2 3 1 4 7 10 13 0 0 12 12 0 3 4 3 2 1
split_gain=9.76813 13.3847 10.9219 10.9201 9.16436 8.96843 6.46379 9.29768 7.62161 7.08516 4.68909 12.6593 11.1229 10.7256 9.276 8.20111 4.6745 7.69685 4.27783 4.07332 4.00409 3.77209 5.74594 4.00957 3.51228 7.36763 4.95059 4.68353 3.93819 3.5034
threshold=5.5000000000000009 1.0000000180025095e-35 96.051948547363295 1.5000000000000002 1.5000000000000002 1.0000000180025095e-35 0.98759469389915477 79.118217468261733 1.0000000180025095e-35 0.92153847217559826 74.352157592773452 96.922348022460952 94.39203262329103 29.89361667633057 91.476997375488295 91.010101318359389 0.12060606107115747 1.0000000180025095e-35 1.5000000000000002 1.0000000180025095e-35 0.96002480387687694 0.95906403660774242 7.5000000000000009 8.5000000000000018 0.4524331688880921 42.206478118896491 0.8989795744419099 31.698564529418949 34.330356597900398 32.200460433959968
decision_type=2 2 2 2 2 2 2 2 2 2 2 2 2 2 2 2 2 2 2 2 2 2 2 2 2 2 2 2 2 2
left_child=3 2 16 4 6 10 7 9 -8 -1 13 15 -13 29 -15 -12 17 -2 20 -4 21 23 -23 -3 28 27 -27 -26 -7 -5
right_child=1 18 19 5 -6 24 8 -9 -10 -11 11 12 -14 14 -16 -17 -18 -19 -20 -21 -22 22 -24 -25 25 26 -28 -29 -30 -31
leaf_value=0.00087435348676271707 -0.022284633936636516 0.031734519510620764 0.023122787972700287 -0.001705476827619094 0.055575337194075349 0.0093056566753932854 -0.040129672632904713 0.030864498656161005 0.056143984088602605 0.027909205496502051 0.0055508586085404044 -0.12160486846816002 -0.0056479674724850886 -0.024420357195453699 -0.0017651735186595371 0.043426685742136213 -0.018032186179024367 -0.16293350225606773 0.0045920323100391812 -0.0036771366374671378 0.048380033277563586 -0.47808016446229901 0.050077808237896239 -0.016461351968659482 0.014698253534976167 0.0019597072179072771 -0.1564007264394339 -0.022124902896278657 0.075656577620134197 0.083092250415984767
leaf_weight=194.15096978622023 2.5768339855712865 24.322223047143787 32.331074491026811 178.07323256065138 9.7767377126729098 77.865343238576315 13.095108196954241 38.508765898179263 2.4385814128909251 27.691543875087518 45.352976666530594 2.0802729815477496 352.69792199647054 151.62120284460252 64.361137392581441 20.867813040153123 25.120749279391021 1.5625265352427957 15.448347308323717 25.252040353836492 26.618988859234378 0.094639421091413989 0.11296170193236321 5.2461656910600132 10.320937638869507 605.53028583351988 0.4939209611620744 52.868541634874418 2.3024965977529055 1.226428847759961
leaf_count=16950 168 5995 1333 5117 1528 1581 525 2142 152 2128 2335 102 14407 17343 3219 1236 680 13 6687 1088 17196 41 75 2103 196 24380 24 1153 146 16
internal_value=3.25551e-05 0.0119381 -0.00126969 -0.000987927 0.00800217 -0.00262821 0.00631629 0.00818571 -0.025016 0.00424899 -0.00625407 -0.00258202 -0.00632789 -0.010165 -0.0176693 0.0174865 -0.0261446 -0.0753768 0.0279034 0.0113702 0.0342891 0.0216922 -0.190694 0.0231834 0.00132134 0.00013658 0.00183064 -0.0161105 0.0112113 -0.00112545
internal_weight=2010.01 158.687 86.8432 1851.32 285.662 1565.66 275.885 260.351 15.5337 221.843 816.281 420.999 354.778 395.282 215.982 66.2208 29.2601 4.13936 71.8433 57.5831 56.395 29.776 0.207601 29.5684 749.382 669.214 606.024 63.1895 80.1678 179.3
internal_count=130059 35379 3282 94680 23425 71255 21897 21220 677 19078 43775 18080 14509 25695 20562 3571 861 181 32097 2421 25410 8214 116 8098 27480 25753 24404 1349 1727 5133
is_linear=0
shrinkage=0.05


Tree=132
num_leaves=31
num_cat=0
split_feature=9 8 9 8 4 12 1 11 8 9 8 4 3 8 9 9 4 1 4 4 3 10 12 2 3 5 1 1 9 4
split_gain=13.1048 26.8106 25.4318 14.5807 8.32963 8.79269 10.8779 8.67108 8.20095 8.12926 12.8669 7.9352 7.22982 6.36882 6.34805 12.4999 5.50351 4.21935 7.18821 6.35977 4.01307 3.42437 3.34621 10.4744 5.96623 9.10869 15.591 10.247 5.09407 4.25795
threshold=0.17519181966781619 30.202253341674808 0.056349206715822227 36.930006027221687 1.0000000180025095e-35 2.5000000000000004 78.08689117431642 1.0000000180025095e-35 39.631141662597663 0.44097222387790685 71.465583801269545 0.98275861144065868 35.388994216918952 62.173519134521491 0.20344828069210055 0.21240601688623431 0.033908046782016761 68.908988952636733 0.46225070953369146 0.98275861144065868 79.277816772460952 5.5000000000000009 1.5000000000000002 68.614070892333999 79.008567810058608 1.0000000180025095e-35 46.065429687500007 33.549783706665046 0.04446640424430371 0.692928045988083
decision_type=2 2 2 2 2 2 2 2 2 2 2 2 2 2 2 2 2 2 2 2 2 2 2 2 2 2 2 2 2 2
left_child=1 22 -3 -2 7 6 11 14 17 16 -11 -6 -9 20 -5 -16 -7 19 -19 -4 -10 -14 24 -24 25 27 -27 -1 -26 -25
right_child=3 2 8 4 5 9 -8 12 13 10 -12 -13 21 -15 15 -17 -18 18 -20 -21 -22 -23 23 29 28 26 -28 -29 -30 -31
leaf_value=0.074282583298614036 0.04310841335903353 -0.050106531393543367 -0.022740154919823716 0.040711169575454648 -0.0011086769530945931 -0.11075948544229951 0.036501034123282532 -0.046136292559961226 -0.03511461323694947 0.03567703987548828 -0.0026811939643016126 0.019013936941314952 0.032890367590660531 0.028580028135721386 -0.21077906506542343 0.0035717646294295201 -0.013071938909455103 0.013690163408012303 0.17262830846915786 0.03558631008342699 -0.014273577667752108 -0.1552830282927905 -0.031310769694104339 -4.5406212940814624e-05 -0.0042389078028518285 -0.019943752381289474 0.068238781301534851 -0.021893752843365238 0.078938313623005685 -0.059665020994621148
leaf_weight=3.3938804781064418 22.243562512507197 54.233176782843657 20.900794504326772 11.746338547207413 213.75317539751995 1.4558757608756412 27.447869960567914 3.1346465547103426 36.718468730105087 23.41409585706424 329.88553055410739 63.56062917818781 52.472227509133518 6.6399220363236955 0.68283946439623733 171.75446215004195 148.99845033220481 29.457826652098451 0.72898896737024088 6.0196163207292548 62.269885247340426 0.24289029301144083 28.68917670333758 573.67411141772754 62.936369801056571 7.0858607112895724 17.129654809017666 15.053479394293388 1.8962151478044678 3.0104799130931488
leaf_count=86 563 32816 2169 176 8438 40 2126 49 5951 671 21113 3268 23622 72 10 9777 4015 1085 11 138 3217 35 1728 6319 957 328 400 986 36 40
internal_value=-0.000721397 -0.00506401 -0.0204536 0.00304957 0.00219978 -0.000228396 0.00647532 0.0103787 -0.0105714 -0.00428402 -0.000139093 0.00350345 0.0276365 -0.0188245 0.00514565 0.00272295 -0.0140172 0.00469389 0.0175284 -0.0096979 -0.0220043 0.0320233 -0.000380055 -0.00182358 0.00774935 0.0222704 0.0424351 -0.00419957 -0.00180615 -0.00035664
internal_weight=2000.63 929.838 216.969 1070.79 1048.55 808.516 304.762 240.033 162.736 503.754 353.3 277.314 55.8498 105.628 184.184 172.437 150.454 57.1072 30.1868 26.9204 98.9884 52.7151 712.869 605.374 107.495 42.6629 24.2155 18.4474 64.8326 576.685
internal_count=130242 56339 45459 73903 73340 39671 13832 33669 12643 25839 21784 11706 23706 9240 9963 9787 4055 3403 1096 2307 9168 23657 10880 8087 2793 1800 728 1072 993 6359
is_linear=0
shrinkage=0.05


Tree=133
num_leaves=31
num_cat=0
split_feature=12 4 4 10 2 1 4 5 8 12 10 11 12 12 8 10 3 8 10 8 3 4 8 8 8 8 1 1 4 4
split_gain=10.2858 8.20171 15.335 12.0311 10.1963 8.80477 12.4376 13.9584 9.85499 12.9004 9.10252 6.5233 6.23549 5.77819 4.11052 4.04865 5.11846 3.25415 4.02428 2.9719 2.91656 13.7751 2.7446 2.69397 14.1617 21.2543 12.7825 3.98469 5.16327 3.08403
threshold=6.5000000000000009 0.98275861144065868 0.81892696022987377 1.0000000180025095e-35 20.144927978515629 59.870130538940437 0.50333333015441906 1.0000000180025095e-35 64.208858489990249 1.5000000000000002 1.5000000000000002 1.0000000180025095e-35 3.5000000000000004 4.5000000000000009 42.891986846923835 1.5000000000000002 77.032970428466811 49.886877059936531 1.5000000000000002 98.31455230712892 75.93103408813478 0.2524509876966477 1.0000000180025095e-35 86.121250152587905 87.730617523193374 87.528800964355483 77.459678649902358 79.337715148925795 0.32392686605453497 0.51754924654960643
decision_type=2 2 2 2 2 2 2 2 2 2 2 2 2 2 2 2 2 2 2 2 2 2 2 2 2 2 2 2 2 2
left_child=1 2 5 22 -4 8 10 -8 9 -1 -7 -10 17 19 -6 16 20 -5 -19 -14 -2 -22 -3 29 25 26 -25 -26 -29 -17
right_child=15 3 4 12 14 6 7 -9 11 -11 -12 -13 13 -15 -16 23 -18 18 -20 -21 21 -23 -24 24 27 -27 -28 28 -30 -31
leaf_value=0.00027637052896468115 -0.022397979853231421 0.28320009839644544 -0.094669647335306542 0.029031993248889793 -0.076282918554644183 -5.5972935777702463e-05 0.060486664993599643 0.0026100023331558251 -0.018592585522393693 -0.022733824000077472 0.030878599430040551 0.0029953840581526422 -0.013807693638268684 0.022931821781889159 0.013846346966622989 0.048579331895921937 0.036659194103200864 0.0010380768468425292 0.034257522740712996 0.035423171252327933 0.050167839493364369 -0.92194108044985246 0.064106238614606112 -0.32427136398270578 0.050782063229832419 -0.8382264334691899 0.050204293114225668 -0.01303631239619233 -0.33115273919634314 -0.12087089909798399
leaf_weight=102.82149943290278 2.3518704260932277 0.14538243412971397 7.2318787826225144 32.172325749299489 1.6947283173212779 1156.0008237057482 18.670915951253846 23.567002730444074 40.482143217115663 149.44242529181065 24.279530165018514 258.08416011463851 53.381523196119815 16.140545620117337 4.9894692052621394 3.3473826856352384 33.627746593789198 39.324555659666657 11.868307791068217 3.2522550011053672 0.12503739690873761 0.051432345993816853 8.5135275796055776 0.39966090209781924 3.1181551878107712 0.11255761829670519 0.53018495498690754 4.7470829617232084 0.13107565243262786 0.29193719045724709
leaf_count=11064 219 1 239 861 84 53093 1842 887 1428 19559 4361 3958 1060 731 234 1286 21206 1266 867 216 50 16 1032 55 998 45 274 3117 54 66
internal_value=0.000310397 -0.000256612 -0.00124075 0.0104166 -0.0535232 -0.000830476 0.00153443 0.0281939 -0.00607916 -0.013355 0.000580382 6.83047e-05 0.00723513 -0.00345917 -0.00900525 0.0229757 0.0315008 0.0165708 0.00873951 -0.0109806 -0.0371081 -0.233155 0.0677848 -0.00133673 -0.0159618 -0.189303 -0.110751 0.00663504 -0.0215841 0.0349865
internal_weight=2000.9 1952.06 1787.26 164.798 13.9161 1773.35 1222.52 42.2379 550.83 252.264 1180.28 298.566 156.14 72.7743 6.6842 48.8341 36.1561 83.3652 51.1929 56.6338 2.52834 0.17647 8.65891 12.678 9.03872 1.0424 0.929846 7.99631 4.87816 3.63932
internal_count=130169 102783 96749 6034 557 96192 60183 2729 36009 30623 57454 5386 5001 2007 318 27386 21491 2994 2133 1276 285 66 1033 5895 4543 374 329 4169 3171 1352
is_linear=0
shrinkage=0.05


Tree=134
num_leaves=31
num_cat=0
split_feature=12 12 11 10 9 8 4 8 10 2 10 4 9 3 8 8 9 4 4 9 8 3 4 4 2 0 3 9 12 0
split_gain=13.5331 10.0979 8.94471 9.42831 8.85123 11.2513 9.29615 7.36689 7.30415 12.9112 10.5309 7.28888 7.28737 25.8331 10.9985 8.96618 12.4403 7.2646 9.46299 6.48535 8.847 6.74965 6.3657 10.9861 7.08364 6.09119 6.41404 5.72526 7.4593 5.47299
threshold=4.5000000000000009 1.5000000000000002 1.0000000180025095e-35 1.5000000000000002 0.10172414034605028 30.202253341674808 0.98275861144065868 43.108610153198249 1.0000000180025095e-35 44.575162887573249 1.5000000000000002 0.15047170221805575 0.22902098298072818 71.937500000000014 52.198066711425788 33.854293823242195 0.087595909833908095 0.26006440818309789 0.25866188108921057 0.23904761672019961 47.087102890014656 24.121212005615238 0.77032968401908886 0.98275861144065868 27.842377662658695 0.78994339704513561 90.787876129150405 0.2639319002628327 5.5000000000000009 0.98759469389915477
decision_type=2 2 2 2 2 2 2 2 2 2 2 2 2 2 2 2 2 2 2 2 2 2 2 2 2 2 2 2 2 2
left_child=1 4 11 27 5 29 -7 25 9 -9 -10 -2 13 -3 19 -15 -17 18 -13 20 -14 -21 24 -24 -16 26 -6 28 -4 -1
right_child=2 12 3 -5 7 6 -8 8 10 -11 -12 17 14 15 22 16 -18 -19 -20 21 -22 -23 23 -25 -26 -27 -28 -29 -30 -31
leaf_value=0.0080236884929962889 0.0072528403242927697 -0.036910578280607932 -0.022099832436142615 0.0039559458768122311 0.039903267072424281 -0.040397941807288659 0.062951640267081527 0.05799734990097867 -0.013627959976963078 0.0070791935421454155 0.050653707564696164 -0.023486118965811466 0.083118444503163066 -0.0012970426646911643 0.011453575621841792 -0.045107222985352004 -0.0077552991697781475 0.002079269825997215 -0.13682312167828542 0.035623959016914175 -0.065110414526819038 -0.0015350887620809708 -0.056403886994996259 -0.0073073368555498291 -0.0032607725360946083 -0.0039525797193000079 0.12307804335544503 0.036079906412780076 0.045537297486392646 -0.031493122804743527
leaf_weight=96.467045354424044 191.86795452749357 68.061981329170521 10.703649288276212 67.812549148569815 20.379079815757002 25.127378609613519 2.3821049057878545 16.905415191547945 45.408200984355062 47.236427534255199 7.4112197106005615 25.418604216480166 6.9853831115178746 479.68338984012371 105.51195668568835 28.841683794453274 98.159226248855703 37.980399678112008 1.9855940924608138 20.731701491400599 1.1761165154166517 29.767390073742718 13.234595076413823 81.934853622224182 363.84269576077349 6.9842160100815809 2.6153270315844557 64.134508831193671 6.5835571924690148 9.6372988227521983
leaf_count=2626 7896 13513 237 8872 563 11701 51 1310 2248 3152 1453 645 123 9197 1091 14010 3239 1127 19 157 49 1069 243 1488 15025 190 73 28447 268 117
internal_value=-0.000146683 -0.00224173 0.00798889 0.017727 0.00635993 -0.00295347 -0.0314487 0.0148287 0.00916072 0.0204993 -0.00460844 0.00233972 -0.00410102 -0.00770156 -0.000202574 -0.00442469 -0.0162379 -0.0120776 -0.031698 0.0204036 0.0617579 0.01372 -0.00234379 -0.0141349 4.70452e-05 0.0369422 0.0493634 0.0291963 0.00365869 0.00443444
internal_weight=1984.97 1578.48 406.487 149.234 280.554 133.614 27.5095 146.94 116.961 64.1418 52.8194 257.253 1297.93 674.746 623.185 606.684 127.001 65.3846 27.4042 58.6606 8.1615 50.4991 564.524 95.1694 469.355 29.9786 22.9944 81.4217 17.2872 106.104
internal_count=130199 82688 47511 37824 23484 14495 11752 8989 8163 4462 3701 9687 59204 39959 19245 26446 17249 1791 664 1398 172 1226 17847 1731 16116 826 636 28952 505 2743
is_linear=0
shrinkage=0.05


Tree=135
num_leaves=31
num_cat=0
split_feature=9 13 7 9 2 12 1 0 12 1 10 9 12 12 9 10 10 9 9 2 0 9 1 2 2 9 1 9 0 4
split_gain=15.8273 9.65787 9.1946 38.8181 8.48709 8.37431 7.63897 9.66763 9.30201 7.35624 12.238 7.14383 6.90595 6.01403 5.54591 4.89118 4.65813 4.40034 12.1957 4.35793 6.45179 6.39486 7.45814 5.34358 4.35007 4.30027 3.71585 3.69523 3.41673 5.0608
threshold=0.78759399056434642 1.0000000180025095e-35 1.0000000180025095e-35 0.11651583760976793 40.253164291381843 2.5000000000000004 87.20676422119142 0.95790389180183422 6.5000000000000009 47.413022994995124 1.0000000180025095e-35 0.17519181966781619 1.5000000000000002 3.5000000000000004 0.78416147828102123 1.5000000000000002 1.0000000180025095e-35 0.64852941036224376 0.63961037993431102 33.589742660522468 0.51427298784255993 0.80476191639900219 16.807909011840824 12.70161294937134 87.585617065429702 0.23904761672019961 60.120481491088874 0.71825397014617931 0.58425417542457592 0.38138528168201452
decision_type=2 2 2 2 2 2 2 2 2 2 2 2 2 2 2 2 2 2 2 2 2 2 2 2 2 2 2 2 2 2
left_child=1 2 3 -1 13 9 17 24 -9 15 11 -11 26 -2 -14 16 -3 18 -7 21 -21 22 -15 -23 -8 -12 -5 -19 29 -4
right_child=4 5 28 12 -6 6 7 8 -10 10 25 -13 14 19 -16 -17 -18 27 -20 20 -22 23 -24 -25 -26 -27 -28 -29 -30 -31
leaf_value=-0.046438591726853766 0.038467402640946148 0.014169224413245463 -0.019449827742439502 0.0023120035533115628 0.030239822474748514 -0.0078183043062682034 -0.1714352276023291 0.0012021675662167673 0.050192838970385102 0.0029379435310810898 0.060242679485336584 0.027825588877800778 -0.0061278958219058849 -0.14419186869896275 -0.078626838792721421 0.039358523465687877 -0.0088224251264611159 0.016131504836674589 -0.15077671387754563 0.026382529861805962 -0.049825813256410632 0.036621129095972683 0.011120776401416592 0.0012001210829564028 0.046555950759062152 0.022684886889002803 0.026176140035920826 -0.012143702350263429 0.00073135684339861295 0.099823319343530684
leaf_weight=60.74283901497256 12.148895275313405 30.295065868645906 1.5414325967431062 51.484917780268006 61.272075083863456 261.39226498291828 0.23226476635317972 250.60207266756333 10.078938706428742 101.60015390953049 18.220735193579461 40.259453313658014 406.31875066482462 1.4953496744856232 2.6550812077475703 7.4280676586786276 80.747334913467057 36.289876586059108 1.5004183491691936 4.0480016916990271 8.8469753786921483 14.09424412762746 1.600030183792114 43.54030095320195 15.584830891573802 13.10157687787432 23.876884539378807 16.952939629438333 404.11395776644349 2.1023116316646338
leaf_count=36863 1343 1869 51 1824 21884 8063 36 10325 8155 4099 337 2047 18371 51 150 321 2517 2116 53 21 77 1067 9 403 1699 1444 1084 1002 3026 36
internal_value=0.000243017 -0.00102038 -0.00451282 -0.00876097 0.0160274 0.00274279 -0.000670615 0.00539933 0.00309634 0.00967878 0.0162466 0.010001 -0.00403563 0.00587478 -0.00659856 7.78932e-05 -0.00254974 -0.0059795 -0.00863422 0.000496651 -0.0259024 0.00610205 -0.0639093 0.00986215 0.0433549 0.0445329 0.00987288 0.00712845 0.00116596 0.0493666
internal_weight=1984.17 1837.12 952.836 545.078 147.046 884.286 592.634 276.498 260.681 291.652 173.182 141.86 484.336 85.7738 408.974 118.47 111.042 316.135 262.893 73.6249 12.895 60.7299 3.09538 57.6345 15.8171 31.3223 75.3618 53.2428 407.758 3.64374
internal_count=130343 105488 61405 58292 24855 44083 31449 20215 18480 12634 7927 6146 21429 2971 18521 4707 4386 11234 8116 1628 98 1530 60 1470 1735 1781 2908 3118 3113 87
is_linear=0
shrinkage=0.05


Tree=136
num_leaves=31
num_cat=0
split_feature=9 5 12 1 0 12 2 4 8 9 9 4 9 8 8 1 1 4 12 2 1 1 0 0 2 4 8 1 9 9
split_gain=8.07618 11.8856 6.50437 8.15451 17.8216 9.38611 12.5944 8.28316 8.4486 11.0284 7.75398 7.03031 6.01167 11.3325 9.74317 9.664 7.03021 5.88424 8.52945 7.73663 32.3212 5.83271 5.60332 5.57487 10.0443 5.46325 5.40536 4.64389 4.10001 9.17508
threshold=0.90238094329833995 1.0000000180025095e-35 1.5000000000000002 87.20676422119142 0.95175111293792736 4.5000000000000009 99.397590637207045 0.37965516746044164 39.35298156738282 0.28869047760963445 0.1695402339100838 0.92153847217559826 0.1490740776062012 30.202253341674808 41.277122497558601 65.545505523681655 36.474500656127937 0.15849281847476962 5.5000000000000009 96.051948547363295 87.20676422119142 43.534002304077156 0.95557281374931347 0.51427298784255993 33.589742660522468 0.12060606107115747 97.154426574707045 91.010101318359389 0.41421568393707281 0.44722221791744238
decision_type=2 2 2 2 2 2 2 2 2 2 2 2 2 2 2 2 2 2 2 2 2 2 2 2 2 2 2 2 2 2
left_child=2 17 11 7 28 6 -6 22 10 -10 -9 12 13 -1 -14 -15 -16 18 25 20 -20 23 26 -19 -25 -2 -4 -7 -5 -30
right_child=1 -3 3 4 5 27 -8 8 9 -11 -12 -13 14 15 16 -17 -18 21 19 -21 -22 -23 -24 24 -26 -27 -28 -29 29 -31
leaf_value=0.0052394794612788103 0.0066889991213746171 0.051096395934581366 -0.0094643950934762914 0.050247271579010766 0.025398445511506818 -0.021934117239823706 -0.0071935936800803834 0.0066275238175578458 -0.022056799874747599 0.00032967777969942862 0.045813938548821077 0.029710051080085904 0.059267197482233303 -0.043255204677986742 -0.013128174001570509 0.012403695294255159 0.016725668777681831 0.017507006715452019 -0.1150423140049891 0.050077033741211079 -1.2770317206820283 0.051996491071133445 0.035462906922576982 0.0064816643918776222 -0.074900920071995447 -0.075924282294311085 -0.054693823726750704 0.010125106236232652 -0.073480155581786208 0.033902516645219857
leaf_weight=105.74777828180231 6.3666547958273405 17.828554441279266 488.40364035335369 21.645887758932076 32.346913511340972 11.934009274642447 354.3369937207317 101.68720899097389 68.538610415940639 278.81607603444718 14.413216106593607 28.556812108494341 10.13048376131337 26.341413052403368 28.355965673225001 11.07887230964843 64.750676365802065 33.215116563951597 0.29078229633160013 0.17487669957336038 0.07535204675514251 7.6504028567578635 6.8483167060767292 13.329853964969518 5.2983774514868847 2.9185946731595322 6.6963184403721234 211.21695839223685 2.399104483658447 11.642921819468027
leaf_count=2775 335 10046 30144 641 1405 1108 13181 5123 6035 7964 220 2510 176 10266 535 2118 4047 1518 49 120 54 2828 402 194 107 73 321 23556 198 2115
internal_value=-0.000194797 0.0146862 -0.000882463 -0.00209561 0.0022548 0.000245045 -0.0044672 -0.00500453 -0.000184618 -0.00408753 0.0114923 0.00622502 0.00350326 -0.00312864 0.0127003 -0.0267765 0.00763357 0.00532184 -0.0305231 -0.223511 -0.354185 0.0112421 -0.00945482 0.00522813 -0.0166658 -0.0192785 -0.0100761 0.00841059 0.0365974 0.015556
internal_weight=1973.04 87.1486 1885.89 1610.93 645.523 609.835 386.684 965.403 463.455 347.355 116.1 274.962 246.405 143.168 103.237 37.4203 93.1066 69.32 9.82626 0.541011 0.366134 59.4938 501.948 51.8433 18.6282 9.28525 495.1 223.151 35.6879 14.042
internal_count=130164 15324 114840 92413 42204 39250 14586 50209 19342 13999 5343 22427 19917 15159 4758 12384 4582 5278 631 223 103 4647 30867 1819 301 408 30465 24664 2954 2313
is_linear=0
shrinkage=0.05


Tree=137
num_leaves=31
num_cat=0
split_feature=9 13 2 12 12 9 8 10 10 9 9 8 3 4 0 2 13 3 9 8 9 8 4 2 4 4 9 4 10 9
split_gain=10.0075 9.70517 9.46843 7.78052 7.12632 8.56776 10.8429 6.54084 6.12674 5.93213 26.6883 5.60397 9.1071 18.2848 52.7361 12.4326 5.4414 5.10919 8.6426 5.1019 37.3527 9.19151 5.39419 5.68976 5.1803 4.96196 4.83935 4.69895 3.86669 3.66584
threshold=0.90238094329833995 1.0000000180025095e-35 96.051948547363295 2.5000000000000004 4.5000000000000009 0.54772728681564342 72.298423767089858 1.5000000000000002 5.5000000000000009 0.73030304908752453 0.73508772253990184 97.043918609619155 95.861873626708999 0.10582306981086732 0.94849357008934032 18.677325248718265 1.0000000180025095e-35 65.26175689697267 0.22902098298072818 27.127161979675297 0.13188406080007556 41.103500366210945 0.6195238232612611 58.64367866516114 0.70659971237182628 0.43534001708030706 0.10172414034605028 0.18677325546741488 4.5000000000000009 0.19756097346544269
decision_type=2 2 2 2 2 2 2 2 2 2 2 2 2 2 2 2 2 2 2 2 2 2 2 2 2 2 2 2 2 2
left_child=1 8 11 7 9 6 -6 17 19 29 -11 28 16 14 -14 -15 25 18 -3 22 -21 -22 23 -1 -24 -13 -19 -7 -2 -5
right_child=2 3 -4 4 5 27 -8 -9 -10 10 -12 12 13 15 -16 -17 -18 26 -20 20 21 -23 24 -25 -26 -27 -28 -29 -30 -31
leaf_value=-0.037052645570814717 0.051436873999375771 -0.017996324432591838 0.050135343214260553 -0.0071852858983236503 0.0099925459209134065 0.041756476628717003 -0.020412543467639172 0.048214028170129625 -0.141429274566751 -0.42889183463960656 -0.023346134810301091 -0.021174728623199652 -2.0290740653495125 -0.67192932374345737 0.05015688075520091 0.050290182928669228 0.028589159338681482 0.0055489018029606816 0.011317418957740015 -0.045510646923488121 0.031483288328016716 -0.0041985041507658942 0.060641000948115267 -3.0575444361912861e-06 0.00023893308479463243 0.013756532166894743 0.022292916639897756 0.010858759470160566 -0.14860884298095206 0.0024945439586660095
leaf_weight=10.639298566034993 8.4879027365241164 41.99853975221049 17.011737884429749 214.71148710651323 105.52596867131069 23.601116056554019 40.604482111055404 10.64359955943655 0.81255667889490624 0.41672510118223627 15.303447959246112 21.977838037186302 0.048093076213261976 0.069033686071634293 0.083346027182415128 0.43552515987539664 17.074995634728111 90.303534872480668 62.657148821221199 57.138837566308212 18.729083808837458 496.43977707438171 7.0857411862816644 398.40549164474942 7.1131073351716623 18.91667147714179 82.646086845896207 25.709776980453171 0.2486338475719102 179.64214872778393
leaf_count=785 953 2735 10840 6104 4085 9869 4244 1016 38 32 1005 1735 13 2 38 174 434 4066 1554 36371 648 26066 69 3643 59 1058 3684 3621 35 5205
internal_value=-4.39333e-05 -0.000795926 0.0168061 0.00298696 -0.000231764 0.00762535 0.00154405 0.00974844 -0.00418928 -0.00397647 -0.0340967 0.00838655 0.00281758 -0.185358 -0.710626 -0.0485238 0.0048821 0.00827364 -0.000446246 -0.00407726 -0.00715538 -0.00290128 8.4948e-05 -0.000966721 0.0303818 -0.00501649 0.0135502 0.025647 0.0457438 -0.00277578
internal_weight=1974.48 1890.13 84.3538 893.764 605.515 195.441 146.13 288.249 996.364 410.074 15.7202 67.342 58.6055 0.635998 0.131439 0.504559 57.9695 277.605 104.656 995.551 572.308 515.169 423.244 409.045 14.1988 40.8945 172.95 49.3109 8.73654 394.354
internal_count=130181 114899 15282 47220 34165 21819 8329 13055 67679 12346 1037 4442 3454 227 51 176 3227 12039 4289 67641 63085 26714 4556 4428 128 2793 7750 13490 988 11309
is_linear=0
shrinkage=0.05


Tree=138
num_leaves=31
num_cat=0
split_feature=9 8 8 9 8 9 11 8 1 9 4 9 8 8 9 0 8 11 1 8 4 0 12 13 8 1 12 8 8 4
split_gain=8.46338 11.3802 16.4495 16.1405 26.2994 21.3425 12.2619 9.18904 7.98084 8.82107 8.49139 7.43799 9.10229 8.35045 11.7794 10.0059 9.16749 7.67848 12.8067 12.6755 6.54391 5.31434 12.7049 5.14978 4.73451 4.24416 4.12844 4.14906 4.34568 3.73856
threshold=0.31698563694953924 72.982837677001967 47.83648872375489 0.15075758099555972 30.202253341674808 0.059714796021580703 1.0000000180025095e-35 70.632461547851577 72.850124359130874 0.44722221791744238 0.53907206654548656 0.7379862666130067 97.361461639404311 91.684860229492202 0.8834841549396516 0.7149643898010255 92.193038940429702 1.0000000180025095e-35 48.52813911437989 92.193038940429702 0.57979625463485729 0.8995817005634309 5.5000000000000009 1.0000000180025095e-35 43.108610153198249 58.123168945312507 3.5000000000000004 80.565547943115249 86.121250152587905 0.37965516746044164
decision_type=2 2 2 2 2 2 2 2 2 2 2 2 2 2 2 2 2 2 2 2 2 2 2 2 2 2 2 2 2 2
left_child=1 2 3 4 29 -6 -4 8 9 10 23 12 17 -13 16 -16 -15 19 -19 -9 -12 25 -23 -2 -5 -8 -3 -28 -29 -1
right_child=7 26 6 24 5 -7 21 11 -10 -11 20 13 -14 14 15 -17 -18 18 -20 -21 -22 22 -24 -25 -26 -27 27 28 -30 -31
leaf_value=-0.00054387685458674327 -0.029295057950459925 0.056045249218075299 -0.0063674696321425264 0.02550257730508302 -0.050103434343373471 -0.0085639470829615982 -0.032093646844426511 -0.0033094080516464851 0.036299731451154033 0.033528373258079412 0.09315565112357839 0.026319773456006765 0.035860848012909972 -0.073843011841985925 0.0045311508711994505 0.043541919141139931 -0.0080451198602065708 -0.0030211192924214729 0.026271957300940646 -0.032221450821672853 0.012182752436347919 -0.09389258938765116 0.049432796490947339 0.004610985816870204 0.0046748518789858076 0.0059062549422936985 0.035681883407764861 -0.066194488215060507 0.035584732376994214 0.0091411524432255305
leaf_weight=592.66424076078692 24.560309572145343 10.406236774986612 116.81650959787657 68.903375474037603 47.087232923251577 90.068916948162951 55.801480551832356 168.2001361210132 35.038085678999778 28.029972829041071 2.6581518121529362 55.269400128512643 15.456762913207056 6.00638907495886 64.104030584916472 22.10514123091707 44.620168886263855 167.81276298698504 47.980074212071486 48.939792999764904 40.691487548290752 8.0442669284529966 1.9141161156585429 20.58520413201768 45.174379371455871 8.4622661606408638 7.3826589544769359 2.63903322967235 1.7404240616597233 119.78005564544583
leaf_count=8895 471 259 3740 2053 32880 8506 3888 8496 3035 697 88 7129 1366 706 3091 12439 6026 1672 17672 1330 705 206 225 443 1821 148 208 87 39 1972
internal_value=0.000309193 -0.00238009 -0.00306134 -0.000404273 -0.00277541 -0.0228249 -0.0164647 0.00430509 0.0153761 0.00908455 0.0013422 0.0016853 -0.00184151 0.00991717 0.00329198 0.014534 -0.0158515 -0.00318758 0.003492 -0.00982571 0.0171479 -0.0323565 -0.0663438 -0.0138348 0.0172549 -0.0270898 0.0331053 0.0128098 -0.0257468 0.00108442
internal_weight=1968.94 1176.89 1154.72 963.678 849.6 137.156 191.039 792.058 151.563 116.525 88.4952 640.495 448.39 192.105 136.836 86.2092 50.6266 432.933 215.793 217.14 43.3496 74.2221 9.95838 45.1455 114.078 64.2637 22.1684 11.7621 4.37946 712.444
internal_count=130293 64927 64334 56127 52253 41386 8207 65366 5439 2404 1707 59927 30536 29391 22262 15530 6732 29170 19344 9826 793 4467 431 914 3874 4036 593 334 126 10867
is_linear=0
shrinkage=0.05


Tree=139
num_leaves=31
num_cat=0
split_feature=13 8 8 9 9 9 8 8 8 3 9 2 4 10 9 8 8 4 12 10 3 4 4 11 9 12 2 8 9 3
split_gain=9.14486 7.55339 5.49332 21.345 13.2943 5.38095 8.69403 8.79157 16.051 15.477 14.4979 8.64551 16.9806 9.10613 8.17731 13.1447 8.41672 5.0917 4.60144 6.66492 7.00933 4.79747 6.85286 6.11327 3.61915 5.7935 4.28447 3.05493 2.34161 1.70608
threshold=1.0000000180025095e-35 96.313285827636733 96.162029266357436 0.76696833968162548 0.83666664361953746 0.78759399056434642 98.31455230712892 91.809112548828139 94.600204467773452 99.425289154052749 0.70777988433837902 40.253164291381843 0.89039039611816417 5.5000000000000009 0.43167701363563543 27.707540512084964 65.176864624023452 0.1651515141129494 2.5000000000000004 1.5000000000000002 62.910053253173835 1.0000000180025095e-35 0.033908046782016761 1.0000000180025095e-35 0.81534090638160717 3.5000000000000004 19.433517456054691 34.217561721801765 0.8834841549396516 41.444372177124031
decision_type=2 2 2 2 2 2 2 2 2 2 2 2 2 2 2 2 2 2 2 2 2 2 2 2 2 2 2 2 2 2
left_child=5 2 18 -4 -5 6 7 14 9 -9 -10 17 13 28 15 -1 -16 -7 19 20 -2 23 -23 -20 25 -19 -26 -21 -13 -3
right_child=1 29 3 4 -6 11 -8 8 10 -11 -12 12 -14 -15 16 -17 -18 24 21 27 -22 22 -24 -25 26 -27 -28 -29 -30 -31
leaf_value=-0.00029858710936251184 -0.0038017087552402935 0.014400627424198174 0.060429827374933298 -0.53290156547496659 0.050336270283977184 -0.042227221697436333 0.049495086706163996 -0.0059314127083572588 0.017834701926993046 -0.082511479545668329 -0.042294122606999343 0.016095811744846651 -0.84870706719412292 -0.22387437675331207 0.039323239345593314 -0.014476282332030813 0.0026259336821000279 0.059709719188793399 0.0028757125293585213 0.13686019673920388 0.012763507872978756 -0.10275597018639995 -0.0028011901406797329 0.026472865660733653 0.024548114016312021 -0.11713082633014769 -0.0071986287910890644 0.039040643386147988 0.039288804862977776 0.039873980156402471
leaf_weight=421.31521426979452 99.862429260567296 10.993702708045022 0.77315235399873816 0.33938663813751191 0.13720355613622814 7.9047586331143966 7.4644028219045131 11.066853946424091 29.050126990769058 16.33799785329029 15.30725069332402 21.692634883977007 0.055598417297004654 0.36260649224277486 17.236713097197935 267.15045334649039 167.0806478530867 0.67184403084684086 225.36149057908915 0.86848043667850916 177.12509665288962 1.7235114675713692 337.95312645746162 31.253312406654004 16.391708151320927 1.4909577770158648 30.222940879175439 9.8574120870907773 21.839072450937238 16.346624537545722
leaf_count=4847 3991 311 94 28 45 59 839 400 1271 717 729 4742 5 50 491 43488 8654 104 7881 25 8153 129 14227 10955 1601 28 241 1015 11552 3546
internal_value=8.37097e-05 0.00374684 0.00294743 -0.101806 -0.364996 -0.00309207 -0.00425434 -0.0046791 -0.0215019 -0.0515863 -0.0029151 0.00790335 0.0245467 0.0256528 -0.00329589 -0.00580006 0.00605774 -0.00500149 0.00309552 0.00828877 0.00679124 0.000589758 -0.00330836 0.00574963 0.00103122 -0.0621978 0.00396489 0.0469611 0.0277313 0.029631
internal_weight=1965.24 912.595 885.255 1.24974 0.47659 1052.64 952.01 944.545 71.7622 27.4049 44.3574 100.632 43.9499 43.8943 872.783 688.466 184.317 56.6822 884.005 287.713 276.988 596.291 339.677 256.615 48.7775 2.1628 46.6146 10.7259 43.5317 27.3403
internal_count=130218 50400 46543 167 73 79818 61436 60597 3117 1117 2000 18382 16349 16344 57480 48335 9145 2033 46376 13184 12144 33192 14356 18836 1974 132 1842 1040 16294 3857
is_linear=0
shrinkage=0.05


Tree=140
num_leaves=31
num_cat=0
split_feature=13 1 4 3 0 2 9 1 9 3 5 1 10 0 9 9 3 2 1 0 0 3 4 9 4 10 4 2 4 9
split_gain=6.13886 7.99602 11.7899 9.67991 15.7372 15.401 14.9001 10.0496 7.67045 8.07364 7.6596 16.1785 8.16443 7.34027 7.03976 6.07164 7.65363 8.61317 6.02855 16.4306 6.04786 5.61905 6.41558 6.12238 4.60876 8.75633 8.44388 9.5914 7.9287 9.57008
threshold=1.0000000180025095e-35 72.850124359130874 0.40967366099357611 95.861873626708999 0.90816259384155285 94.201679229736342 0.64852941036224376 91.010101318359389 0.44097222387790685 79.008567810058608 1.0000000180025095e-35 59.317129135131843 1.0000000180025095e-35 0.91683709621429454 0.90238094329833995 0.56385868787765514 81.302967071533217 17.519181251525882 64.326763153076186 0.87778618931770336 0.57139068841934215 93.813774108886733 0.43534001708030706 0.44097222387790685 0.50333333015441906 1.5000000000000002 0.23606811463832858 92.940196990966811 0.51250782608985912 0.19756097346544269
decision_type=2 2 2 2 2 2 2 2 2 2 2 2 2 2 2 2 2 2 2 2 2 2 2 2 2 2 2 2 2 2
left_child=1 2 13 7 -5 6 -6 8 9 -3 11 12 -4 18 -7 24 -17 -18 19 -1 -20 23 -23 -12 25 26 -2 -28 29 -26
right_child=15 3 10 4 5 14 -8 -9 -10 -11 21 -13 -14 -15 -16 16 17 -19 20 -21 -22 22 -24 -25 28 -27 27 -29 -30 -31
leaf_value=-0.018169851719268711 0.0025129704060089138 0.039976314432378389 0.034776165238627456 0.044194875902620057 -0.068936663517866578 -0.0037355951497121983 -0.37782086980589347 0.042270879460392922 0.036601258929488262 -0.010331249522370667 -0.050984404497517379 0.055588100855688022 -0.0025556555462298313 0.03386317824466261 0.043827990731207772 0.0035368584993529096 -0.4303049195995563 0.027106742294434868 0.24822836238293489 0.045581268625843031 -0.037778662264699669 -0.091597053884241303 -0.0042521861701212823 0.051040125334175512 0.32473374217124451 0.037628677333810943 -0.023434584314051071 -0.0013286718390643814 0.0080531793225276909 0.055813202066496731
leaf_weight=154.98085294751218 410.06941356579773 9.5088971017976274 15.863535302632952 17.917900695989374 2.431074907595757 418.43253493413795 0.46512114600045595 25.909297450038139 16.228828946768772 49.446806837222539 14.57040020771092 14.14270584163023 190.76033828686923 7.0364092826494007 7.9268166413530698 103.3330350019387 0.10310205258428951 57.456985971715767 0.18577025725971807 10.81197115825489 36.782725104305428 2.1826545508811241 57.127971272508148 1.6355095756007347 0.39247365552000646 14.528986568737308 80.006407917127945 126.89436741534155 118.58916034735739 2.1064196303486824
leaf_count=19744 17246 315 2306 1327 168 21825 68 2457 2469 2053 3828 1515 6428 525 6644 3311 2 17758 9 1008 3605 158 3228 100 14 1440 3439 3646 3456 133
internal_value=-0.000140569 -0.00274 -0.00727211 0.0014434 -0.00171549 -0.00363187 -0.118543 0.0154162 0.00616189 -0.0022172 -0.00085023 0.00385168 0.000310493 -0.0163413 -0.0028513 0.00285972 0.011676 0.0262874 -0.0180835 -0.0140124 -0.0363414 -0.0145959 -0.00746651 -0.040688 0.000974925 -0.000738432 -0.00164194 -0.0098768 0.00991043 0.0980496
internal_weight=1967.83 1054.35 506.081 548.267 447.173 429.256 2.8962 101.094 75.1845 58.9557 296.283 220.767 206.624 209.798 426.359 913.48 160.893 57.5601 202.761 165.793 36.9685 75.5165 59.3106 16.2059 752.587 631.499 616.97 206.901 121.088 2.49889
internal_count=130225 79780 42454 37326 30032 28705 236 7294 4837 2368 17563 10249 8734 24891 28469 50445 21071 17760 24366 20752 3614 7314 3386 3928 29374 25771 24331 7085 3603 147
is_linear=0
shrinkage=0.05


Tree=141
num_leaves=31
num_cat=0
split_feature=9 12 10 2 3 0 0 3 12 12 0 4 2 3 1 1 5 4 4 4 4 1 11 4 0 1 12 4 9 0
split_gain=7.29337 8.96132 9.57672 8.67978 17.537 19.0151 12.6623 15.5157 14.1114 8.69932 8.80654 8.19435 8.01507 7.99259 7.98225 11.1006 7.42658 13.2262 11.5251 7.41424 7.67745 6.97799 11.8286 6.75493 5.94103 5.5405 12.5246 9.58664 6.37769 5.53187
threshold=0.18350168317556384 2.5000000000000004 1.5000000000000002 91.476997375488295 98.147510528564467 0.83100879192352306 0.93045547604560863 89.512962341308608 1.5000000000000002 2.5000000000000004 0.90715405344963085 0.14434523880481723 97.467948913574233 90.521114349365249 56.440422058105476 21.244359016418461 1.0000000180025095e-35 0.20227272808551791 0.36451049149036413 0.47114317119121557 0.44862772524356848 91.922958374023452 1.0000000180025095e-35 1.0000000180025095e-35 0.97789987921714794 90.521114349365249 3.5000000000000004 0.077935222536325469 0.29520697891712194 0.96002480387687694
decision_type=2 2 2 2 2 2 2 2 2 2 2 2 2 2 2 2 2 2 2 2 2 2 2 2 2 2 2 2 2 2
left_child=3 2 14 6 -5 -6 8 -8 16 10 -7 13 -11 -10 15 -2 18 -18 -1 20 -16 25 24 -17 -23 29 27 -27 -28 -3
right_child=1 21 -4 4 5 9 7 -9 11 12 -12 -13 -14 -15 19 23 17 -19 -20 -21 -22 22 -24 -25 -26 26 28 -29 -30 -31
leaf_value=-0.029847723499057038 0.016036796157162209 -0.003267193584170425 0.042639614704208038 0.036076441362765971 0.054288911042937343 0.0022654738013176546 0.059487521913966515 -0.017854655057416704 -0.0053701003613666814 -0.12366380915083633 -0.026036903304487997 -0.033913795929818503 0.00019952460760212657 -0.082620492655055014 0.015419841891184297 0.041535766617899372 0.0390006610215268 -0.016287069887411725 0.010278745685493333 0.048750819017557484 -0.072210178114920393 0.043868231334112634 0.034612450250713515 -0.010643920100562735 -0.00016643083767032933 -0.027981483127826987 -0.35989803354261868 -0.24406021831034308 0.0072938403578723318 0.044916608441781226
leaf_weight=37.124097474734299 81.626984672097024 487.07822163554374 20.829049994121306 32.286336136923637 14.778994265070649 44.159044152358547 13.74016841145931 12.279861962073481 57.22477928880835 1.3096375748282287 72.792083991807885 85.324799057445489 477.5472241480602 3.5564045347855417 87.128210534225218 6.5573851249646387 25.490748837881256 18.791656834771857 34.547169980593026 17.190956553560682 2.5733103979146099 8.0793777387589198 34.163643458683509 114.5647252650233 147.46259442833252 0.90872209495864753 0.12146039237268258 1.1796880175825206 4.4800030016340315 6.0305023994878857
leaf_count=6335 3075 23217 2273 839 356 1630 311 459 6625 79 3013 15555 14267 155 4983 162 1881 3004 2661 1034 139 360 23600 4011 8034 53 7 51 870 843
internal_value=0.000131726 0.0030524 0.009822 -0.00306823 0.00016364 -0.00173534 -0.0102804 0.0229867 -0.0135835 -0.00312502 -0.0153503 -0.0239198 -0.000139232 -0.00989014 0.00761442 0.00178538 -0.000559475 0.0155388 -0.0105059 0.0186707 0.012906 -0.000192189 0.00797221 -0.00781898 0.00212088 -0.0032911 -0.0484881 -0.150039 -0.00239857 -0.00267793
internal_weight=1950.93 1019.97 330.471 930.953 642.873 610.587 288.08 26.02 262.06 595.808 116.951 146.106 478.857 60.7812 309.642 202.749 115.954 44.2824 71.6713 106.892 89.7015 689.504 189.706 121.122 155.542 499.799 6.68987 2.08841 4.60146 493.109
internal_count=129882 72712 15677 57170 20184 19345 36986 770 36216 18989 4643 22335 14346 6780 13404 7248 13881 4885 8996 6156 5122 57035 31994 4173 8394 25041 981 104 877 24060
is_linear=0
shrinkage=0.05


Tree=142
num_leaves=31
num_cat=0
split_feature=9 5 8 13 4 1 3 0 5 4 1 8 9 0 10 4 3 5 8 1 0 3 9 0 8 3 1 3 0 8
split_gain=6.56984 10.27 6.02384 4.79551 6.01647 4.60975 12.3393 14.9094 13.5765 10.2108 9.7347 8.82584 16.4762 7.00287 14.2099 9.84277 8.03633 19.6893 8.94106 7.77127 6.93685 6.50938 5.97127 5.59047 5.55733 5.248 4.74623 4.71205 3.9557 3.8574
threshold=0.8834841549396516 1.0000000180025095e-35 86.685932159423842 1.0000000180025095e-35 0.43534001708030706 73.20508193969728 89.512962341308608 0.79644659161567699 1.0000000180025095e-35 0.41421362757682806 75.615615844726577 93.512504577636733 0.69397994875907909 0.42252655327320104 1.0000000180025095e-35 0.80178570747375499 91.476997375488295 1.0000000180025095e-35 64.208858489990249 25.19841289520264 0.51937815546989452 83.935482025146499 0.18898809701204303 0.7207789719104768 41.103500366210945 82.807880401611342 87.20676422119142 82.972846984863295 0.93548589944839489 85.78397369384767
decision_type=2 2 2 2 2 2 2 2 2 2 2 2 2 2 2 2 2 2 2 2 2 2 2 2 2 2 2 2 2 2
left_child=5 2 29 4 -4 13 8 11 21 26 25 23 -13 14 -1 16 18 -18 -15 22 -17 27 -16 -8 -21 -10 -9 -7 -12 -2
right_child=1 -3 3 -5 -6 6 7 9 10 -11 28 12 -14 15 19 20 17 -19 -20 24 -22 -23 -24 -25 -26 -27 -28 -29 -30 -31
leaf_value=0.065745451090659157 -0.040326955729855514 0.048275941749051289 -0.021072688107388569 0.025129506025439771 0.014758160564373519 -0.013637117489242793 -0.038084986160073019 -0.0075092746026040776 0.014201829814405535 0.051349109995341959 0.023773847222041049 -0.56815660919372213 0.051282554106425085 -0.014027409106084677 -0.025309501849672185 -0.11242238486094334 0.039547605270061036 -0.0043392266241183697 -0.00046720978624112928 0.18170487731442528 -0.025129521539115435 -0.068362215895611617 0.0029447882063554586 0.074011266296081818 0.034097278724797585 -0.051513192789062717 0.0008313449232754495 0.091483171869036942 0.047467152344445956 -0.27385412799216269
leaf_weight=9.1862829629681055 0.42231888696551223 17.114866981515661 22.733637857076246 23.335803737805691 24.173305937671103 8.7914525684318487 1.2397852585418121 232.16615680849645 6.6570015781326202 9.277951278141698 49.460103041725233 0.16117105830926526 0.32146232505328953 273.1347866259166 21.179283003788441 3.4223478459753078 32.684348828566726 117.18896361556835 219.05449135892559 0.68100875976961006 6.7935632157023065 5.5619273413321926 159.73407049948582 10.813214760040863 10.017546572722493 5.5886627968866378 642.84802236832911 1.2131534825311963 27.361539180681575 0.30420791835058481
leaf_count=954 35 10984 1313 2412 1907 802 87 9806 318 388 2566 15 94 35989 1182 111 2802 5425 4238 32 327 671 3638 813 275 282 40707 92 1954 14
internal_value=0.000167871 0.0135099 0.00512577 0.00660726 -0.0026074 -0.00046583 0.00183491 -6.08355e-05 0.0180835 -0.00082841 0.025613 0.0540856 -0.155574 -0.00316676 0.00499813 -0.00568025 -0.0049055 0.00523161 -0.00799229 0.00208578 -0.0543728 -0.024998 -0.000362904 0.0624809 0.0434931 -0.0157891 -0.00138166 -0.000890284 0.0322127 -0.138108
internal_weight=1942.62 88.0841 70.9693 70.2427 46.9069 1854.54 1001.46 896.828 104.634 884.292 89.0673 12.5356 0.482633 853.077 200.798 652.279 642.063 149.873 492.189 191.612 10.2159 15.5665 180.913 12.053 10.6986 12.2457 875.014 10.0046 76.8216 0.726527
internal_count=130233 16665 5681 5632 3220 113568 58595 51910 6685 50901 5120 1009 109 54973 6081 48892 48454 8227 40227 5127 438 1565 4820 900 307 600 50513 894 4520 49
is_linear=0
shrinkage=0.05


Tree=143
num_leaves=31
num_cat=0
split_feature=9 8 9 8 9 11 8 9 8 2 4 1 10 9 3 8 9 8 8 8 5 8 8 2 9 8 3 9 9 3
split_gain=6.81038 23.0454 23.0344 16.8873 7.43055 13.0791 11.3216 7.53073 7.47023 6.50422 7.58791 16.8505 5.91486 5.4031 7.37576 7.16507 5.34812 5.13207 5.08353 6.24066 5.98539 4.58963 3.51365 3.41033 3.18704 3.66928 4.73291 4.50308 3.11422 3.01268
threshold=0.17519181966781619 30.202253341674808 0.063508063554763808 47.83648872375489 0.35504202544689184 1.0000000180025095e-35 65.176864624023452 0.29520697891712194 48.231122970581062 82.097072601318374 0.45867486298084265 62.258651733398445 1.0000000180025095e-35 0.78759399056434642 43.557312011718757 98.31455230712892 0.10172414034605028 61.128803253173835 51.712408065795906 48.563171386718757 1.0000000180025095e-35 55.329477310180671 64.208858489990249 88.998897552490249 0.25462962687015539 41.103500366210945 72.281322479248061 0.23205128312110904 0.23904761672019961 99.425289154052749
decision_type=2 2 2 2 2 2 2 2 2 2 2 2 2 2 2 2 2 2 2 2 2 2 2 2 2 2 2 2 2 2
left_child=1 -1 -3 24 5 18 22 8 -7 10 29 -12 17 15 -15 -8 -14 -11 19 -5 -20 -9 23 -6 25 -2 27 -27 -28 -4
right_child=3 2 9 4 6 7 13 21 -10 12 11 -13 16 14 -16 -17 -18 -19 20 -21 -22 -23 -24 -25 -26 26 28 -29 -30 -31
leaf_value=0.0015820438131788871 0.029712066251383125 -0.049062052932978127 -0.034902945253344975 -0.03466760490467409 0.013171579212388401 -0.16904835561543682 -0.0013221327056311379 0.01856643541178455 -0.031987207557723177 -0.012330136452373901 -0.0086045006867211445 0.19910087863883974 -0.033787347546266326 -0.002024203887544099 0.02134401849227921 0.048813714011532665 0.028964414219468139 0.045407731574938229 0.022872638279106045 0.044835993754139693 -0.0064909327120091804 -0.01722362749317281 0.058803565428574046 0.041538455038929868 0.037094698938084765 -0.032506074567008027 0.0304563464959994 0.026015559166367982 -0.01694810889323068 -0.23111284544750529
leaf_weight=708.47402561153285 32.109957595355809 45.318505464063492 35.0397327815881 3.0415050570154589 47.192381153348833 1.0154404072090972 517.88780988217331 13.17292116221506 47.382217417471111 55.521049543051049 26.395428262942009 1.013974260771646 3.9761789301410344 62.731384012382478 73.134012867754791 7.2257205878267987 23.245429321657866 4.135327862109988 21.989175418857485 13.096973453531971 82.340475485892966 27.992754292674363 6.2866906709969035 13.66277017717948 28.566428627178539 10.714048526249824 18.149703356786635 4.7420088445069259 4.2819710453040889 0.1967358038527881
leaf_count=10928 891 33235 6257 59 955 73 35624 364 2969 2815 2442 22 138 2694 22163 853 252 37 493 239 1803 997 257 1152 919 952 275 229 74 10
internal_value=0.000567561 -0.0026061 -0.0178348 0.00333285 0.00126441 -0.00702079 0.00365434 -0.0214915 -0.0348629 -0.00837027 -0.0206509 -0.000920717 0.000485042 0.00166721 0.0105545 -0.000632248 0.0197985 -0.0083278 0.00373757 0.0298525 -0.000302081 -0.00577089 0.0232166 0.0195403 0.0230207 0.017277 0.00673824 -0.0145513 0.0214073 -0.0359984
internal_weight=1940.03 903.316 194.842 1036.72 938.152 210.031 728.121 89.5633 48.3977 149.524 62.6459 27.4094 86.878 660.979 135.865 525.114 27.2216 59.6564 120.468 16.1385 104.33 41.1657 67.1418 60.8552 98.5641 69.9977 37.8877 15.4561 22.4317 35.2365
internal_count=130171 56136 45208 74035 70695 6997 63698 4403 3042 11973 8731 2464 3242 61334 24857 36477 390 2852 2594 298 2296 1361 2364 2107 3340 2421 1530 1181 349 6267
is_linear=0
shrinkage=0.05


Tree=144
num_leaves=31
num_cat=0
split_feature=12 12 9 8 0 5 3 3 4 0 1 8 9 9 8 10 10 9 3 1 9 3 0 0 3 1 3 9 8 8
split_gain=8.0937 7.7162 6.67906 8.91047 9.86166 6.62789 10.4674 7.44392 6.42608 6.02131 7.14434 5.73628 5.28349 5.19607 7.04327 5.1012 5.02638 5.58953 4.78753 4.51293 5.41963 4.42326 20.918 19.8684 13.9877 9.07439 9.02955 4.25737 6.52721 4.11032
threshold=4.5000000000000009 1.5000000000000002 0.10172414034605028 24.575783729553226 0.36442859470844274 1.0000000180025095e-35 92.770034790039077 94.201679229736342 0.19292803853750232 0.94667077064514171 82.637680053710952 40.093458175659187 0.10620300844311716 0.80476191639900219 95.872028350830092 1.5000000000000002 5.5000000000000009 0.54772728681564342 72.871574401855483 14.415584564208986 0.81980520486831676 91.922958374023452 0.93548589944839489 0.87607881426811229 89.512962341308608 48.050632476806648 96.922348022460952 0.39565217494964605 78.805706024169936 46.48268127441407
decision_type=2 2 2 2 2 2 2 2 2 2 2 2 2 2 2 2 2 2 2 2 2 2 2 2 2 2 2 2 2 2
left_child=1 2 3 5 11 7 -7 -1 -2 10 16 -5 -4 21 -15 18 17 -10 -14 -16 -21 22 24 25 -3 -23 -25 28 29 -11
right_child=8 13 12 4 -6 6 -8 -9 9 27 -12 -13 15 14 19 -17 -18 -19 -20 20 -22 23 -24 26 -26 -27 -28 -29 -30 -31
leaf_value=-0.024464515703498425 0.01166181073727289 -0.0077774589377953484 0.11374626929345591 0.09646380042517122 -0.038026540824007304 0.031479335119142991 -0.0081176691142808791 0.035215348536308748 -0.013600977011567168 -0.049450506650800842 0.037534960731342763 -0.052152544193444783 0.0034953823066651742 0.033544810378810158 0.042403184429528278 0.052623895176929759 -0.13572223208604259 0.0097484685470984479 0.023525107436512038 -0.18408180474630392 -0.0033694640622919411 -0.011725970536599925 0.034172892355235039 0.022774906719446302 -0.060310253016060959 0.041858963986584216 -0.0045417588906136314 0.00066815869084829607 -0.15852195643034775 0.016289007379625419
leaf_weight=26.955481265904382 255.38229659746867 509.20605744095519 1.3254493190906931 2.3302677825558962 23.888846141868271 38.459925180766732 29.484979069791734 6.4813228826969853 45.852291671035346 9.2538036148180272 13.243642983376047 0.90007860399782647 79.409865177527536 22.439421154675074 5.6270894808694711 7.8210667828097931 0.69230191130190988 58.118012959719636 47.78591792169027 0.41862027894239773 46.569599741254933 10.023847873904741 29.527275823638774 31.917184310441371 12.99477662600111 37.303628087043762 579.76643791847164 9.5076338005601411 1.1210221154615272 3.1999432905577114
leaf_count=483 35250 29243 42 40 13153 492 206 87 1761 194 1316 58 3589 2081 403 1522 37 7950 3737 36 2481 448 1182 1412 677 1793 19415 1034 21 75
internal_value=0.000555282 -0.0010746 0.00669696 -0.00148195 -0.026939 0.00532771 0.014296 -0.0128963 0.00693151 -0.0016368 0.00293508 0.0550545 0.0144055 -0.00267535 0.0100907 0.0134303 -0.00144307 -0.000548949 0.0110203 8.80265e-05 -0.00497944 -0.00346673 -0.00676967 -0.0007015 -0.00908472 0.0305098 -0.0031164 -0.0249903 -0.0429612 -0.032559
internal_weight=1947.01 1550.64 264.843 128.501 27.1192 101.382 67.9449 33.4368 396.371 140.989 117.906 3.23035 136.342 1285.79 75.0547 135.017 104.663 103.97 127.196 52.6153 46.9882 1210.74 551.728 659.011 522.201 47.3275 611.684 23.0824 13.5748 12.4537
internal_count=130218 82580 23409 14519 13251 1268 698 570 47638 12388 11064 98 8890 59171 5001 8848 9748 9711 7326 2920 2517 54170 31102 23068 29920 2241 20827 1324 290 269
is_linear=0
shrinkage=0.05


Tree=145
num_leaves=31
num_cat=0
split_feature=13 8 12 10 1 1 3 1 4 5 3 3 0 3 3 3 1 0 3 1 12 0 10 3 5 8 7 1 8 4
split_gain=5.84518 5.75597 5.25644 5.19589 7.39342 5.75517 5.31355 4.02085 3.51518 8.00496 11.51 7.57985 5.80421 10.8303 8.7071 3.23726 3.23319 9.73381 15.7316 10.1171 9.49969 8.22743 15.1034 7.52913 10.3821 7.31449 7.43835 6.75538 5.01244 9.18707
threshold=1.0000000180025095e-35 96.313285827636733 1.5000000000000002 1.0000000180025095e-35 37.573530197143562 33.549783706665046 46.265329360961921 41.223155975341804 0.18274582922458651 1.0000000180025095e-35 96.590469360351577 94.826045989990249 0.85212409496307384 89.512962341308608 92.40384674072267 56.562757492065437 72.850124359130874 0.93335816264152538 92.031745910644545 92.380260467529311 5.5000000000000009 0.54764896631240856 1.0000000180025095e-35 88.067794799804702 1.0000000180025095e-35 75.079616546630874 1.0000000180025095e-35 84.680576324462905 41.103500366210945 0.043961353600025184
decision_type=2 2 2 2 2 2 2 2 2 2 2 2 2 2 2 2 2 2 2 2 2 2 2 2 2 2 2 2 2 2
left_child=16 2 3 6 5 -5 -2 -6 9 11 -11 -4 13 -10 -14 -8 21 -18 -19 27 -21 22 -1 25 -25 26 -23 -20 29 -24
right_child=1 -3 8 4 7 -7 15 -9 12 10 -12 -13 14 -15 -16 -17 17 18 19 20 -22 23 28 24 -26 -27 -28 -29 -30 -31
leaf_value=0.060464411946651878 0.064452845085751526 0.02668638264146303 -0.02339548898960582 -0.011792723275162191 0.089944677879187016 -0.095260484857606229 -0.029022901650020527 0.01455503948747229 0.00049004557349625704 0.023086409788326295 0.002162829444924015 0.046761840652690359 -0.035423400437062456 0.039553279954631045 -0.00372227350261493 0.020658442415791393 0.01323605036884635 0.036114457859080684 -0.0060340585247404968 -0.0045317910171598797 0.0211918257804046 -0.033073180589604595 0.54775100680797084 0.03433418448564008 -0.0079117161952557656 -0.0007285147968886089 -0.0082103770208513845 -0.035198908206467795 -0.0029518183116725161 0.02206277610603205
leaf_weight=10.61011863715248 6.7672913658898315 26.508606491144747 36.244639500160702 16.645191790652465 2.0917462586658067 2.3577179803978643 3.5000841838773331 11.449172258900942 173.6666542099556 88.484811436443124 255.55077045940561 4.3074935362674287 24.783410706557333 19.762881190283224 171.88417686370667 51.891028902726248 122.96498436183902 24.49604053713847 38.394940676807892 273.32985987799475 41.316243104694877 75.444831133412663 0.083494636346588602 18.735006941889878 64.997036874352489 51.16259090800304 50.032450739294291 41.118449995294213 197.59534257173073 18.108016157406382
leaf_count=1436 460 3793 1586 862 33 40 220 1036 4828 5721 18382 471 1410 1790 7106 2774 8143 1988 1964 11818 11562 24420 20 2107 4073 1655 1021 2011 6825 771
internal_value=0.000782284 0.00373475 0.00303493 0.0141546 -0.00203126 -0.0221487 0.0226289 0.0262009 0.00167559 0.0050677 0.0075443 -0.0159433 -0.00166861 0.00448117 -0.00771715 0.0175192 -0.00178979 0.000867993 -0.00276468 -0.00518092 -0.00115402 -0.00474708 0.00222404 -0.0108086 0.00154078 -0.0166625 -0.0231595 -0.021116 -0.000639604 0.0244756
internal_weight=1924.29 895.896 869.387 94.7022 32.5438 19.0029 62.1584 13.5409 774.685 384.588 344.036 40.5521 390.097 193.43 196.668 55.3911 1028.39 541.621 418.656 394.159 314.646 486.769 226.397 260.372 83.732 176.64 125.477 79.5134 215.787 18.1915
internal_count=130326 50512 46719 5425 1971 902 3454 1069 41294 26160 24103 2057 15134 6618 8516 2994 79814 37486 29343 27355 23380 42328 9052 33276 6180 27096 25441 3975 7616 791
is_linear=0
shrinkage=0.05


Tree=146
num_leaves=31
num_cat=0
split_feature=12 10 8 12 4 0 3 8 11 2 10 0 13 11 8 8 8 12 10 8 2 0 0 13 0 2 3 3 2 0
split_gain=6.58504 6.64644 5.30636 5.12922 6.67511 6.99867 10.2552 32.6659 5.82002 9.12555 4.22229 4.12163 6.06178 3.94615 4.63547 4.4776 4.26943 5.0261 4.30965 3.90766 3.38257 7.76183 3.97901 3.36239 5.75712 12.8544 8.61398 4.83988 10.7875 5.05436
threshold=1.5000000000000002 1.5000000000000002 80.565547943115249 4.5000000000000009 1.0000000180025095e-35 0.98895621299743663 95.311355590820327 80.565547943115249 1.0000000180025095e-35 93.063350677490249 1.5000000000000002 0.98759469389915477 1.0000000180025095e-35 1.0000000180025095e-35 89.294017791748061 97.793998718261733 36.930006027221687 5.5000000000000009 2.5000000000000004 50.114154815673835 94.39203262329103 0.78994339704513561 0.92000734806060802 1.0000000180025095e-35 0.89234432578086864 27.36185455322266 90.366767883300795 96.922348022460952 94.39203262329103 0.93548589944839489
decision_type=2 2 2 2 2 2 2 2 2 2 2 2 2 2 2 2 2 2 2 2 2 2 2 2 2 2 2 2 2 2
left_child=1 2 11 23 13 8 7 -7 9 -6 -10 20 -13 14 -5 -16 17 -15 -18 -8 22 -22 -1 24 25 -2 -27 29 -29 -26
right_child=3 -3 -4 4 5 6 19 -9 10 -11 -12 12 -14 16 15 -17 18 -19 -20 -21 21 -23 -24 -25 27 26 -28 28 -30 -31
leaf_value=0.0010870211727088946 0.0013151142682823133 0.054731046841335354 0.03035658613717436 0.011096584660477776 -0.051175334752209672 -1.2892417189392571 -0.23972994150789473 0.050467012968147477 0.017623417576549928 -0.0047087008906138064 -0.0028992711729752137 -0.039077117387502941 0.056029924708592485 -0.096680218608164975 -0.019315409149169956 0.050416181704248997 0.036829676310586076 0.035394860676201005 -0.05044860925441004 0.051431065740311713 0.058574021410611757 0.0067053063030223133 0.032517508924349341 0.00052436021316030058 9.5669160962956378e-05 -0.024735179892860313 0.0038432504481249021 -0.13679847138260562 -0.0023489601607199445 0.02827387388800956
leaf_weight=165.86866487702355 144.37724889646051 7.3777854839572674 21.448915752116591 144.10684787289938 12.458255699370055 0.074586019269189729 0.17149459850043058 0.11667888349620625 44.770625640929211 69.570871698437259 56.932776894536801 10.375315655139271 1.9980210058856762 1.4565652668243267 22.528450782410804 2.564128740457817 27.919718106102668 1.4250833640107883 1.4898674881551404 0.35128113511018455 9.49776059045689 29.977944315352943 10.720419661956837 604.740664232173 37.552536092814989 133.27309355873149 32.870664078684058 1.4996905463049177 287.67195845855167 27.617954270564951
leaf_count=15482 3903 1531 3892 5541 382 12 4 55 10682 1938 4788 414 87 52 1428 381 20976 86 996 91 390 1247 376 21632 2182 16941 2102 94 11159 1180
internal_value=0.000517274 0.00795934 0.00657843 -0.000639196 0.00440859 -0.0024642 -0.158698 -0.471968 -0.00185703 -0.0117659 0.00613498 0.00434581 -0.0237194 0.0107 0.00764318 -0.0121898 0.0267172 -0.0313641 0.0324082 -0.0440832 0.00595302 0.0191848 0.00299511 -0.00217364 -0.00462766 -0.00959784 -0.0190811 -0.000272127 -0.00304624 0.012037
internal_weight=1912.81 257.265 249.887 1655.54 385.937 184.447 0.714041 0.191265 183.733 82.0291 101.703 228.438 12.3733 201.491 169.199 25.0926 32.2912 2.88165 29.4096 0.522776 216.065 39.4757 176.589 1269.6 664.863 310.521 166.144 354.342 289.172 65.1705
internal_count=130024 23419 21888 106605 47412 17952 162 67 17790 2320 15470 17996 501 29460 7350 1809 22110 138 21972 95 17495 1637 15858 59193 37561 22946 19043 14615 11253 3362
is_linear=0
shrinkage=0.05


Tree=147
num_leaves=31
num_cat=0
split_feature=4 5 3 12 2 12 2 1 9 5 3 2 2 3 2 9 8 9 8 8 1 3 1 8 8 4 12 2 8 0
split_gain=5.19804 11.9179 24.2388 12.9038 9.00481 8.1157 7.59541 9.9403 7.28171 6.6529 38.4453 19.4637 11.2191 10.0692 7.88068 6.56061 7.09152 7.60485 6.37996 8.22789 15.3227 8.01051 7.158 6.30999 6.16827 5.83961 5.83799 5.80881 5.33545 5.16164
threshold=0.10102041065692903 1.0000000180025095e-35 98.437118530273452 4.5000000000000009 97.467948913574233 2.5000000000000004 86.391696929931655 64.038833618164077 0.17752101272344592 1.0000000180025095e-35 89.927536010742202 75.93103408813478 78.629974365234389 87.226108551025405 32.071428298950202 0.86811593174934398 85.421901702880874 0.60434782505035411 86.900657653808608 82.131031036376967 56.69154357910157 90.787876129150405 70.396453857421889 86.121250152587905 76.961540222167983 0.10960961133241655 3.5000000000000004 17.519181251525882 97.043918609619155 0.68766960501670849
decision_type=2 2 2 2 2 2 2 2 2 2 2 2 2 2 2 2 2 2 2 2 2 2 2 2 2 2 2 2 2 2
left_child=1 8 5 4 -4 -3 7 -7 -1 10 11 13 18 14 -2 16 17 -14 19 24 -21 -20 -23 -18 -11 -12 -6 -27 -5 -15
right_child=9 2 3 28 26 6 -8 -9 -10 12 25 -13 15 29 -16 -17 23 -19 21 20 -22 22 -24 -25 -26 27 -28 -29 -30 -31
leaf_value=-0.043551465989098731 0.0019760902547333241 0.03229764301011142 -0.12651522343163579 0.0087143978617488429 0.0011562890716231911 0.028872725968232149 0.026434431382522744 -0.025960842695253446 -0.0069805881700102284 -0.022583738670723191 -0.1074390199440603 -0.053283109053232115 -0.0013046578078984817 0.27785832627484169 -0.012349089137600258 0.050177472517561883 -0.080190891022478034 0.042046411271128181 0.028458959259502987 0.015855777617190377 -0.21819680053434853 -0.38145305804559909 0.050525606469298226 -0.01367947287265513 0.038982751696868032 -0.20632660262643787 -0.011706063948799868 0.038915105626413454 0.050702719693578382 0.070976125777563737
leaf_weight=18.367898594762664 367.49202367174439 88.690928224066738 1.5332352494588111 186.78760560648516 181.94136610755231 12.827159362204837 34.184506588906515 23.238800890394486 52.562294431263581 110.61334700399311 0.69679087254917149 18.667771821841598 340.40606825030409 0.35676346987020169 129.9589142241166 5.8846536584314881 3.7570976985734879 10.426372182904741 9.5442599705420399 1.3321110308170312 1.4719636507797984 0.2301348600303762 0.1644053707132116 70.093643826025072 4.2236628405516958 0.24231619655620207 171.25792102632113 68.048799988056999 7.8851730034803031 1.9462194002699105
leaf_count=3033 11624 6121 99 21417 7203 610 4661 1734 2906 16307 34 1925 12277 35 9182 3362 249 1137 670 51 102 22 37 5261 112 5 6338 8228 5460 122
internal_value=-6.08842e-05 0.00308944 0.00504611 7.13212e-05 -0.00560523 0.0222422 0.00954733 -0.00645883 -0.0164509 -0.00220393 0.00151032 -0.0031559 -0.0061129 -0.00128346 -0.00176636 -0.00225417 -0.00298069 -1.63095e-05 -0.0191357 -0.0223856 -0.107007 0.0193324 -0.201447 -0.0170632 -0.0203193 0.0365755 -0.00508036 0.0380449 0.0104151 0.103025
internal_weight=1924.83 779.277 708.347 549.405 354.733 158.941 70.2505 36.066 70.9302 1145.56 587.41 518.422 558.148 499.754 497.451 430.568 424.683 350.832 127.58 117.641 2.80407 9.9388 0.39454 73.8507 114.837 68.9879 353.199 68.2911 194.673 2.30298
internal_count=130324 59582 53643 40517 13640 13126 7005 2344 5939 70742 31155 22888 39587 20963 20806 22286 18924 13414 17301 16572 153 729 59 5510 16419 8267 13541 8233 26877 157
is_linear=0
shrinkage=0.05


Tree=148
num_leaves=31
num_cat=0
split_feature=9 2 2 8 9 8 9 9 9 9 8 9 11 8 9 9 4 4 4 4 4 4 12 8 1 9 8 4 1 4
split_gain=6.063 9.88057 6.26401 5.24039 18.384 8.05575 9.85797 9.50111 11.4752 16.8259 7.46128 12.4926 7.16346 5.18662 19.2862 13.7869 5.10006 7.66278 3.9007 4.37402 3.61302 9.15996 3.21555 3.05158 2.66001 2.05667 5.70691 9.48131 4.16265 1.55077
threshold=0.8603896200656892 70.659969329833999 12.70161294937134 97.793998718261733 0.85357144474983226 91.684860229492202 0.62828946113586437 0.56385868787765514 0.57518798112869274 0.61721614003181469 94.03479385375978 0.69397994875907909 1.0000000180025095e-35 36.07402420043946 0.084523811936378493 0.070197045803070082 0.76043477654457103 0.77913278341293346 0.1651515141129494 0.12060606107115747 0.57247900962829601 0.68457102775573742 2.5000000000000004 89.19553375244142 70.659969329833999 0.79057019948959362 98.421009063720717 0.25866188108921057 1.0000000180025095e-35 0.81892696022987377
decision_type=2 2 2 2 2 2 2 2 2 2 2 2 2 2 2 2 2 2 2 2 2 2 2 2 2 2 2 2 2 2
left_child=3 2 -2 5 25 7 20 13 23 -10 11 -8 -12 15 -15 -1 18 -18 19 -4 24 -22 -20 -9 -7 28 27 -27 -5 -19
right_child=1 -3 16 4 -6 6 10 8 9 -11 12 -13 -14 14 -16 -17 17 29 22 -21 21 -23 -24 -25 -26 26 -28 -29 -30 -31
leaf_value=-0.00087366313638157552 0.037408382140729578 0.042865410667199955 -0.0055183576523932902 -0.17355946264775982 -0.4455857247585262 0.048654145969573626 -0.076487258765159646 0.046099593758481869 -0.032847188665591387 0.01112364314412732 -0.023152264908566617 -0.018509298860240078 0.011707623099736487 -0.041441263841107447 -0.0028410751131757593 0.022532366721828432 -0.19875927830070156 0.053760165782146631 0.055857501880956367 -0.075559549270238016 -0.22917502125091171 0.055227201350916945 0.0033039959515433689 0.0028768675858855293 0.009630333174638633 -0.40337859916759683 0.052058381262116898 0.050478205025512195 0.044696922333679757 -0.040839248251599874
leaf_weight=697.16937420371687 11.344315518043002 20.562088377133477 7.3223861508304235 0.22215560881886176 0.20156127715017724 5.6292936943937155 13.016597162932156 24.271971839887559 25.230677797226235 158.0008940336993 34.529611876001582 32.461937875661533 25.709950013901107 34.0051531107747 668.84464833734091 69.155250351992436 0.79088717745616977 0.54390567680820856 3.1322962150443336 3.2045122676063329 0.51380286552011856 0.63058726442977786 41.134961091680452 4.9095712245907626 19.471154180937447 0.22018559352727674 0.85444080247543752 0.24104702728800476 13.140398286690468 2.1288928388385102
leaf_count=25403 1557 14809 209 19 39 161 968 2135 1353 15924 1307 4074 3773 20941 31196 1986 21 23 204 62 18 28 898 313 1094 43 131 43 1401 87
internal_value=-0.000244387 0.012413 0.00341667 -0.000868553 0.0286829 -0.00111102 -0.0130068 -0.000177495 0.00970675 0.00506893 -0.0198158 -0.0351034 -0.00827424 -0.00160656 -0.00470862 0.00123856 -0.0032024 -0.0620432 0.00051708 -0.0268397 0.014421 -0.0724624 0.00702262 0.0388277 0.0183822 0.0351956 -0.0244512 -0.166186 0.0410684 -0.0215886
internal_weight=1918.59 90.1642 69.6022 1828.43 14.8798 1813.55 131.963 1681.59 212.413 183.232 105.718 45.4785 60.2396 1469.17 702.85 766.325 58.2578 3.46369 54.7942 10.5269 26.2448 1.14439 44.2673 29.1815 25.1004 14.6782 1.31567 0.461233 13.3626 2.6728
internal_count=130220 17870 3061 112350 1676 110674 11423 99251 19725 17277 10122 5042 5080 79526 52137 27389 1504 131 1373 271 1301 46 1102 2448 1255 1637 217 86 1420 110
is_linear=0
shrinkage=0.05


Tree=149
num_leaves=31
num_cat=0
split_feature=13 1 2 10 9 8 9 8 9 9 4 9 8 8 4 2 9 3 8 12 4 8 9 3 8 8 2 2 3 2
split_gain=9.06868 4.96887 12.7588 9.07875 8.06666 8.94435 9.16495 9.03472 18.4243 8.07194 6.3786 6.33399 13.4723 7.59279 6.07351 4.66054 4.63571 9.48096 6.70889 4.39215 4.99484 4.99387 4.61393 6.43971 7.51224 6.19184 5.57443 4.87699 4.44647 3.83341
threshold=1.0000000180025095e-35 61.620294570922859 30.341388702392582 1.0000000180025095e-35 0.90238094329833995 90.632698059082045 0.5577777922153474 96.69602203369142 0.77525252103805553 0.71825397014617931 0.32200460135936743 0.23205128312110904 65.176864624023452 37.688747406005866 1.0000000180025095e-35 28.778468132019047 0.44097222387790685 46.265329360961921 27.127161979675297 1.5000000000000002 0.10471491143107416 82.385261535644545 0.46410256624221807 81.302967071533217 50.753845214843757 66.862743377685561 23.166368484497074 17.519181251525882 51.89995193481446 57.83625793457032
decision_type=2 2 2 2 2 2 2 2 2 2 2 2 2 2 2 2 2 2 2 2 2 2 2 2 2 2 2 2 2 2
left_child=1 2 3 15 5 6 10 9 -9 -7 -3 13 -13 -5 -4 -1 18 -18 -16 20 28 -22 -21 25 -25 -24 -27 -26 -2 -30
right_child=19 4 14 11 -6 7 -8 8 -10 -11 -12 12 -14 -15 16 -17 17 -19 -20 22 21 -23 23 24 27 26 -28 -29 29 -31
leaf_value=0.06736017966527183 -0.030513245881881791 -0.0034142020445081332 0.02313379097831084 0.020274016440123575 0.041338336904149807 -0.043105317807673647 0.022382861029429407 0.020583038888269102 -0.13074465563006907 -0.003190416456959071 0.01191417824110627 0.022954391842376069 -0.0071567236530842779 -0.039354676016675236 -0.011073903138607155 -0.16650738712901661 -0.0331223094079292 0.0059537850470946759 -0.036301457037666345 0.00030517252922523193 0.0043491104136648487 0.051492486646622052 0.09524459623061271 -0.38451365506660334 -0.2560712398707633 0.015318023098926149 -0.0073915603433623899 0.021241697240986311 0.094418864517407136 0.033862211091697146
leaf_weight=6.2298314437502986 2.1745551351923522 412.24478056520456 8.8712836003978719 7.3004675498814349 11.344045195612123 34.269893203687388 46.266458360885736 23.493896951782521 2.1996984218130811 20.092482231324539 81.244846029905602 55.174542149179615 113.69319293554872 19.866505134967156 45.592832113499753 0.22057009546551842 24.976439411751926 41.011141647119075 62.452525145607069 593.08657811500598 69.634189595177304 6.1103226790437466 1.7477488426957268 0.11454877810319786 0.15886153839528461 41.268937301822007 78.276546505629085 79.473333856265526 3.2316098570590865 13.660455617471596
leaf_count=733 59 18705 1173 263 9938 1594 6559 1792 491 3470 3351 1275 2622 2589 1589 9 185 2205 21185 21520 2932 1653 30 13 2 962 1792 20225 123 1065
internal_value=4.98372e-05 -0.00317577 -0.00764934 0.000997176 -0.000444173 -0.00120889 0.0011043 -0.016805 0.00762746 -0.0283527 -0.00089064 -0.00092332 0.00268155 -0.0233309 -0.0172215 0.0593631 -0.0192786 -0.0088366 -0.025656 0.00373849 0.0139101 0.00815217 0.0025241 0.00907013 0.0201064 0.00181409 0.000448137 0.0206885 0.0367839 0.0454473
internal_weight=1905.48 1016.55 385.389 202.485 631.156 619.812 539.756 80.056 25.6936 54.3624 493.49 196.035 168.868 27.167 182.904 6.4504 174.033 65.9876 108.045 888.938 94.8111 75.7445 794.127 201.04 79.7467 121.293 119.545 79.6322 19.0666 16.8921
internal_count=130104 79728 33828 7491 45900 35962 28615 7347 2283 5064 22056 6749 3897 2852 26337 742 25164 2390 22774 50376 5832 4585 44544 23024 20240 2784 2754 20227 1247 1188
is_linear=0
shrinkage=0.05


Tree=150
num_leaves=31
num_cat=0
split_feature=9 8 8 8 9 8 9 12 1 2 2 3 3 8 9 2 3 8 1 2 9 9 7 2 9 12 3 8 9 13
split_gain=6.5013 9.01705 7.17228 8.73319 30.9161 10.299 10.1931 8.08809 5.38516 6.62117 11.0316 10.104 4.47998 12.1227 13.9291 9.95934 6.36775 11.1467 10.8824 5.43942 5.09033 3.53394 10.6434 4.51724 3.47113 2.60533 7.73776 3.95352 2.30514 4.69889
threshold=0.45643940567970281 71.465583801269545 88.577949523925795 30.202253341674808 0.056349206715822227 43.108610153198249 0.13714733719825747 2.5000000000000004 64.565757751464858 92.718276977539077 87.026645660400405 91.734970092773452 81.302967071533217 85.421901702880874 0.86811593174934398 91.715686798095717 79.277816772460952 76.325832366943374 45.308176040649421 17.519181251525882 0.46410256624221807 0.042572464793920524 1.0000000180025095e-35 49.151567459106452 0.61721614003181469 2.5000000000000004 89.927536010742202 27.127161979675297 0.46862745285034185 1.0000000180025095e-35
decision_type=2 2 2 2 2 2 2 2 2 2 2 2 2 2 2 2 2 2 2 2 2 2 2 2 2 2 2 2 2 2
left_child=2 28 3 21 -5 6 -6 -7 -4 10 -10 -12 16 -14 15 -15 20 -18 -19 -16 -3 22 -1 -24 -22 27 -27 -23 29 -2
right_child=1 12 8 4 5 7 -8 -9 9 -11 11 -13 13 14 19 -17 17 18 -20 -21 24 25 23 -25 -26 26 -28 -29 -30 -31
leaf_value=-0.040610834142510127 0.1402432419150754 -0.083720544704791428 0.07774738134018741 -0.050084776313978896 -0.0068730197643866566 -0.00022847987976893415 0.021725449695471591 -0.013312913813522429 0.0035671703088385924 0.026836903526340661 -0.067491469273736046 -0.44773969818227155 0.027630579139814718 0.030261984508555235 -0.24657515078918651 -0.0086239553006815725 -0.22279197568533712 -0.33828850916461972 -0.0017127877205263522 0.044728546165443056 -0.0096387096650187576 0.0087625809435831949 -0.045707842003861937 0.0019839908938278842 0.0035522354747826858 -0.05485884279795309 0.020663989348337991 0.056222279031793033 0.02625926769369848 0.014190960656669619
leaf_weight=15.272517413017338 1.3763589609880027 1.8155268772970874 4.1218636422418085 38.400198230578098 56.491323007387109 222.19866905093659 69.476180636673234 252.1170548920054 1.9377808133140217 15.750376606010832 0.41973624739330251 0.29925846483092755 59.273360390681773 18.836224979895633 0.16165904700756328 130.84953323547961 0.84748085925821115 0.25656099570915092 3.7568266466842033 18.398794548877049 66.289999682514463 9.6373794356477465 5.0035854591988018 644.97668876498938 201.36983609193703 4.3573016248410577 15.302139838808216 8.0562103799311426 28.339925435197074 1.597352865326684
leaf_count=5271 41 24 111 32829 5524 10805 2221 10578 71 748 38 13 9013 3174 1 19394 25 17 636 14303 1162 123 160 4960 6816 75 254 213 1552 114
internal_value=-5.8871e-05 0.00462261 -0.00188904 -0.00235897 -0.00659061 -0.00380828 0.00890019 -0.00718336 0.0260885 0.0145207 -0.0584943 -0.225758 0.00299838 0.00818579 0.00133537 -0.00373061 -0.00130377 -0.0580222 -0.0232288 0.0421913 -0.000280671 0.00148767 0.000647416 0.00161686 0.000285299 0.0164526 0.00392517 0.0303718 0.0306537 0.0725333
internal_weight=1896.99 533.169 1363.82 1341.29 638.683 600.283 125.968 474.316 22.529 18.4072 2.65678 0.718995 501.856 227.52 168.246 149.686 274.336 4.86087 4.01339 18.5605 269.475 702.606 665.253 649.98 267.66 37.353 19.6594 17.6936 31.3136 2.97371
internal_count=130266 56272 73994 73013 61957 29128 7745 21383 981 870 122 51 54565 45885 36872 22568 8680 678 653 14304 8002 11056 10391 5120 7978 665 329 336 1707 155
is_linear=0
shrinkage=0.05


Tree=151
num_leaves=31
num_cat=0
split_feature=9 8 8 13 1 8 8 9 0 8 1 9 5 12 9 9 8 8 8 12 4 3 13 4 9 3 8 0 1 8
split_gain=6.43675 6.51026 6.20406 6.84461 6.53314 8.03666 13.1943 6.47071 5.83653 8.57984 6.75941 5.33033 7.20944 6.1009 23.2417 51.1588 6.92659 8.02415 5.29103 5.15911 5.40933 4.35534 4.20234 4.53122 3.93649 10.183 4.2648 3.5985 5.01043 5.40032
threshold=0.77525252103805553 91.684860229492202 98.31455230712892 1.0000000180025095e-35 72.850124359130874 90.175991058349624 96.69602203369142 0.15075758099555972 0.58425417542457592 39.35298156738282 41.223155975341804 0.8834841549396516 1.0000000180025095e-35 10.500000000000002 0.81101191043853771 0.79057019948959362 96.014438629150405 92.193038940429702 98.894992828369155 1.5000000000000002 0.16064515709877017 62.910053253173835 1.0000000180025095e-35 0.37965516746044164 0.19756097346544269 65.26175689697267 76.325832366943374 0.61537966132164013 46.065429687500007 86.900657653808608
decision_type=2 2 2 2 2 2 2 2 2 2 2 2 2 2 2 2 2 2 2 2 2 2 2 2 2 2 2 2 2 2
left_child=2 27 3 4 8 7 -7 -6 9 -1 -10 13 22 16 15 -15 17 -3 -18 20 21 -5 23 -13 25 -21 -26 28 -2 -30
right_child=1 11 -4 19 5 6 -8 -9 10 -11 -12 12 -14 14 -16 -17 18 -19 -20 24 -22 -23 -24 -25 26 -27 -28 -29 29 -31
leaf_value=0.028746483160366144 0.018517503813507554 -0.061286362186915383 0.049653006807338647 0.0036010967347326916 -0.0015745983995767371 -0.033337179524589984 0.019704494770475992 0.012228336862776079 -0.038225254594777096 -0.0061021169940560921 -0.011187883070746633 -0.020780163471863081 0.047312608489839578 0.050073445843189374 0.050068937156387341 -2.0691155850474572 -0.060287224510604448 0.015915135917149759 0.051945954739365412 -0.045833130272254025 0.0056580502905854667 0.046856176080302556 0.024311536468223583 0.011111867264077775 0.010222643018853637 -0.0012147982638875086 -0.00051180907440402418 0.047431526092692432 -0.27810041205075398 0.051292810174837146
leaf_weight=19.687073551933281 14.30707151198294 3.9732418694766265 6.050229341199155 8.6990991624770704 327.90029637899715 40.431995506805833 16.512809999927413 114.57719600870041 26.431308062339667 171.73730574396905 184.31662094025523 20.098391268926207 12.16659126250306 0.071828752465079471 0.26682841393630952 0.04718789819162339 8.2136201978428254 22.015208128024824 1.2040577267180204 13.249336358974686 65.035645352385473 17.580661784333643 20.253101985377725 24.980724654218648 172.49471010419074 366.90744084247854 199.59595214738511 15.587037067802155 0.29830619285348881 0.21347964380402118
leaf_count=1784 643 527 790 259 12944 1937 957 6838 4283 6999 23966 1120 10160 60 235 40 1041 3402 161 1917 3478 1230 2297 1898 7276 10493 18405 4476 12 46
internal_value=-5.63475e-05 0.0101168 -0.000891112 -0.00106634 -0.00409521 -0.000275788 -0.0179562 0.0019996 -0.00883821 -0.00251811 -0.0145788 0.00460329 0.0119738 -0.0113557 -0.209101 -0.790146 -0.00920069 0.00411219 -0.0459381 0.00217089 0.0133938 0.0325379 0.00539272 -0.0031071 0.000808537 -0.00276985 0.00446449 0.0306598 0.0130187 -0.140702
internal_weight=1894.9 143.697 1751.21 1745.16 901.595 499.422 56.9448 442.477 402.172 191.424 210.748 113.291 77.4988 35.792 0.385845 0.119017 35.4061 25.9884 9.41768 843.563 91.3154 26.2798 65.3322 45.0791 752.247 380.157 372.091 30.4059 14.8189 0.511786
internal_count=129674 26118 103556 102766 59708 22676 2894 19782 37032 8783 28249 20941 15475 5466 335 100 5131 3929 1202 43058 4967 1489 5315 3018 38091 12410 25681 5177 701 58
is_linear=0
shrinkage=0.05


Tree=152
num_leaves=31
num_cat=0
split_feature=13 12 9 1 0 8 1 2 8 4 4 4 3 1 0 8 9 0 2 9 12 8 8 9 12 9 8 2 2 1
split_gain=7.69992 5.53308 6.1231 6.10692 11.3041 10.5614 5.89119 5.7162 5.6287 5.17164 5.93416 4.87903 5.73373 11.929 5.06462 4.72353 9.33153 8.60052 3.85242 3.67872 3.62819 4.15822 9.11062 6.17501 12.654 5.97752 6.30342 6.71007 5.79208 7.7809
threshold=1.0000000180025095e-35 2.5000000000000004 0.45643940567970281 81.302967071533217 0.54764896631240856 52.198066711425788 47.413022994995124 47.690120697021491 74.310997009277358 0.90399384498596203 0.80178570747375499 0.19098278135061267 69.631092071533217 46.621006011962898 0.83624467253685009 75.079616546630874 0.31698563694953924 0.86153906583786022 23.90476226806641 0.30901856720447546 4.5000000000000009 90.175991058349624 93.512504577636733 0.73508772253990184 6.5000000000000009 0.44097222387790685 82.940685272216811 93.813774108886733 25.866189002990726 21.244359016418461
decision_type=2 2 2 2 2 2 2 2 2 2 2 2 2 2 2 2 2 2 2 2 2 2 2 2 2 2 2 2 2 2
left_child=20 6 11 8 -5 -6 9 -8 -4 10 19 12 14 -14 -3 16 -13 -17 -10 -2 -1 25 23 24 -23 26 27 -22 29 -24
right_child=1 2 3 4 5 -7 7 -9 18 -11 -12 15 13 -15 -16 17 -18 -19 -20 -21 21 22 28 -25 -26 -27 -28 -29 -30 -31
leaf_value=-0.0045300701550548194 -0.0099929407538679182 -0.017589129048447377 0.040299667701451936 -0.56565386245182325 -0.5269427546874822 0.025996910711933875 0.089172428085520131 0.014131032854714337 0.015379511342801317 0.02423822155761092 -0.060248781382108943 -0.011630202546260052 0.22575303173409408 0.0024366855633770747 -0.11201461615773137 0.0064709120787246237 0.022289161176257254 -0.054524437917318064 -0.0052485869453436701 0.010131756578734458 -0.041180257637117246 -0.05057634086684093 -0.018417242524362165 -0.011432820017023363 -0.26059430610940731 0.023339796055469902 -0.10035689933530752 0.0066509119107909069 0.011456052979057267 -0.1925989034774313
leaf_weight=817.44178881956032 53.126551117515191 5.6862628590315571 9.3187655193032679 0.081153034465386464 0.086519292148294791 46.623438412323594 2.5788741108262903 159.07505862100516 30.277146128006279 19.280741305032279 4.4896582233486688 118.67920781660359 0.59942750888876517 251.27979675348615 1.8927550411317495 9.7152607445605117 24.454920286661945 14.264896765118463 89.656603846407961 39.659734337124974 8.0469080375332833 6.7180654380936202 3.5662192637100807 8.8839373627561127 0.80294966988731165 42.714598160993773 1.5173077778890718 82.576653650845401 35.002641125436639 0.78169624507427204
leaf_count=55253 3015 241 336 12 16 14426 84 8528 753 1278 151 3407 17 9890 48 166 752 457 6192 744 313 266 324 2269 363 6183 38 2904 11829 5
internal_value=-9.74599e-05 0.00331767 0.000625054 0.00847057 0.0239484 0.0249727 0.00915 0.0153282 0.00286741 0.000581406 -0.00410753 -0.00261274 0.0016788 0.00296814 -0.0411706 -0.0092757 -0.00583497 -0.0298129 -4.10457e-05 -0.00139102 -0.00308157 0.00313038 -0.00835486 -0.039658 -0.072998 0.00787891 0.000711563 0.00240375 0.00469519 -0.0497327
internal_weight=1888.88 880.827 602.616 176.044 46.7911 46.71 278.211 161.654 129.253 116.557 97.2759 426.573 259.458 251.879 7.57902 167.114 143.134 23.9802 119.934 92.7863 1008.05 190.611 55.7555 16.405 7.52102 134.855 92.1409 90.6236 39.3506 4.34792
internal_count=130260 50513 36713 21735 14454 14442 13800 8612 7281 5188 3910 14978 10196 9907 289 4782 4159 623 6945 3759 79747 24494 15056 2898 629 9438 3255 3217 12158 329
is_linear=0
shrinkage=0.05


Tree=153
num_leaves=31
num_cat=0
split_feature=9 8 9 8 8 9 8 11 12 9 3 13 8 12 2 8 2 9 8 3 5 4 4 12 5 3 4 3 5 3
split_gain=5.11213 12.7771 23.3089 8.83187 8.37884 6.15646 15.9747 8.52112 7.36729 9.43981 6.4574 5.4356 5.35886 4.53135 4.24956 4.18376 11.0617 5.0105 4.03922 2.93835 6.39306 5.18561 2.72298 4.7911 4.59574 7.03138 3.90784 3.44393 3.20494 12.1399
threshold=0.17519181966781619 29.860438346862797 0.056349206715822227 46.188034057617195 40.431344985961921 0.28869047760963445 72.982837677001967 1.0000000180025095e-35 2.5000000000000004 0.69397994875907909 99.425289154052749 1.0000000180025095e-35 65.176864624023452 3.5000000000000004 79.205974578857436 70.632461547851577 88.998897552490249 0.46410256624221807 60.221162796020515 94.201679229736342 1.0000000180025095e-35 0.98275861144065868 0.37965516746044164 3.5000000000000004 1.0000000180025095e-35 86.72955703735353 0.4403389841318131 72.281322479248061 1.0000000180025095e-35 92.770034790039077
decision_type=2 2 2 2 2 2 2 2 2 2 2 2 2 2 2 2 2 2 2 2 2 2 2 2 2 2 2 2 2 2
left_child=1 22 -3 -2 19 6 7 10 9 12 -5 -6 -7 -8 -9 16 -10 -17 -13 21 -21 -4 28 24 25 -24 -25 -26 29 -1
right_child=3 2 4 5 11 8 13 14 15 -11 -12 18 -14 -15 -16 17 -18 -19 -20 20 -22 -23 23 26 27 -27 -28 -29 -30 -31
leaf_value=-0.035926392116435529 0.018052238837880187 -0.050084142210131327 -0.014852384200830078 0.010996150329353416 -0.037129384597075814 0.018238025229235632 0.064399764970885939 -0.024375809677886783 -0.0041717203357356254 0.035437382657952911 -0.018603600993873988 -0.012771392985525981 -6.7761080434247943e-05 0.012704690613706441 -0.061790179499237187 -0.013276855966557106 0.032086076074853517 3.0295651272399377e-05 0.027689333547117397 0.088816637553455785 0.011631013135049259 0.034597969098043017 0.0029533847918945836 0.049193822672600175 -0.052880245033112949 0.07748020800993799 0.0073976460571688364 -0.0005618323814646735 -0.00039228942674898027 0.025537058646581751
leaf_weight=24.435453782323748 79.942204554565251 37.264056069485378 22.410506643471312 34.756038173218258 22.252709045133088 59.646967396547552 7.7977227079682079 38.355855144443922 55.866615414852276 31.979044857260305 39.215134616475552 59.369899317971431 121.24753292510286 9.2886044065235165 9.461534603382459 85.419453656766564 33.74036913132295 411.5555023867928 6.8835503417067221 2.9544714796356848 29.166979504283518 6.9443045416846862 9.3284918125718814 10.947669537039475 3.2860129295731886 4.7899476720485827 11.432716770679688 73.543785065528937 541.29876278998563 11.968968824599868
leaf_count=1119 2659 33324 2666 747 6696 1633 199 2970 872 5054 607 1940 4959 251 325 4230 2846 46504 72 62 1070 177 325 81 299 81 84 1012 7230 168
internal_value=-0.00031206 -0.00310721 -0.0146926 0.0020988 -0.00589941 0.000739632 -0.00897761 -0.0153294 0.00242763 0.0103953 -0.00469588 -0.0157488 0.00596827 0.0362969 -0.0317789 -0.000463869 0.00948069 -0.00225692 -0.00856764 0.00828055 0.0187304 -0.00315419 3.20593e-05 0.00711846 0.00201865 0.028238 0.0278428 -0.00279949 -0.00135809 -0.0157186
internal_weight=1896.55 878.278 187.246 1018.27 149.982 938.33 138.875 121.789 799.455 212.874 73.9712 88.5062 180.895 17.0863 47.8174 586.582 89.607 496.975 66.2534 61.4763 32.1215 29.3548 691.032 113.329 90.9482 14.1184 22.3804 76.8298 577.703 36.4044
internal_count=130262 56406 46007 73856 12683 71197 5099 4649 66098 11646 1354 8708 6592 450 3295 54452 3718 50734 2012 3975 1132 2843 10399 1882 1717 406 165 1311 8517 1287
is_linear=0
shrinkage=0.05


Tree=154
num_leaves=31
num_cat=0
split_feature=13 8 3 2 2 10 4 10 9 8 9 8 9 9 8 1 9 8 3 11 1 8 9 1 9 9 9 9 8 8
split_gain=6.87437 5.79083 4.03646 9.85697 9.04641 8.47425 12.2227 7.63774 11.4135 4.89024 3.42405 8.82439 15.9781 9.18951 18.1619 7.42156 5.76914 5.13461 4.35583 14.4553 4.24573 6.33129 8.35544 5.07709 6.73422 4.92365 4.852 3.8962 4.6769 3.56615
threshold=1.0000000180025095e-35 96.313285827636733 55.646631240844734 32.071428298950202 18.677325248718265 1.0000000180025095e-35 0.19821428507566455 1.0000000180025095e-35 0.22902098298072818 90.02164459228517 0.29520697891712194 27.707540512084964 0.13188406080007556 0.27525253593921667 58.359212875366218 51.471860885620124 0.15075758099555972 65.176864624023452 35.388994216918952 1.0000000180025095e-35 76.253131866455092 92.071350097656264 0.90238094329833995 75.147060394287124 0.54772728681564342 0.44097222387790685 0.5577777922153474 0.33974359929561621 43.802572250366218 52.788888931274421
decision_type=2 2 2 2 2 2 2 2 2 2 2 2 2 2 2 2 2 2 2 2 2 2 2 2 2 2 2 2 2 2
left_child=10 2 3 7 -4 9 -7 -2 -9 -6 11 16 18 15 -15 -14 -1 27 19 -13 23 26 -23 25 -25 -19 -22 29 -29 -12
right_child=1 -3 4 -5 5 6 -8 8 -10 -11 17 12 13 14 -16 -17 -18 20 -20 -21 21 22 -24 24 -26 -27 -28 28 -30 -31
leaf_value=-0.0023500385345393876 0.059104931364843821 0.026760765800187859 -0.25820444901429945 -0.024628849518192598 5.7455610748653167e-05 0.028061303945752798 0.00072231781090439278 -0.035643262515016441 0.0054597951073672522 0.025747646481229843 0.022850440942593364 0.18094401331817173 -0.01470380124928785 0.0030004156479271106 -0.12835493602486725 0.013993345670059519 0.08707074100577708 -0.024524508120906188 -0.047591531499997078 -0.041032741556489075 0.0011408472900221397 -0.012574396134404964 0.043422600461680366 0.01490162465514158 -0.14400776827631584 -0.0027483090060574523 0.026352879846514556 -0.088178075681548618 0.023383740265228357 -0.015770881844473991
leaf_weight=403.92301832651719 5.6566116228350429 24.878611121675931 0.32843058300204475 44.77351837453898 481.42229158955161 80.368749037384987 83.21322651655646 19.545718200854026 124.27148868556833 19.265320403152145 8.9769327269168588 0.92217438068473612 44.842657411005348 6.6942248587147315 4.3360228124074638 45.278741522342898 1.8118306323885907 29.907023991458118 38.025299985572929 3.5830973761621863 36.328902604000177 61.472906839800999 7.4712551120901471 1.1852875058539205 1.5237940801889633 196.56011636299081 40.198434733203612 0.95930980367120255 45.34345712675713 17.885636024409905
leaf_count=4823 447 3879 13 1379 16731 16232 7229 1294 2075 1224 176 14 4249 114 79 886 14 454 35152 691 1995 5192 8301 18 211 8616 7014 23 1119 346
internal_value=-0.000231015 0.00297996 0.00229109 -0.00404929 0.00414424 0.00427395 0.0141541 0.00211514 -0.000126385 0.00104596 -0.00307651 -0.0057216 -0.0163699 -0.0055582 -0.0486358 -0.000285797 -0.00195073 0.000168715 -0.0420837 0.0044032 -0.0021973 0.00448354 -0.00650618 -0.00643801 -0.0744811 -0.00562405 0.0143843 0.012284 0.0210724 -0.00286441
internal_weight=1880.95 883.724 858.845 194.247 664.598 664.27 163.582 149.474 143.817 500.688 997.23 549.417 143.682 101.152 11.0302 90.1214 405.735 447.813 42.5306 4.50527 374.648 145.471 68.9442 229.176 2.70908 226.467 76.5273 73.1653 46.3028 26.8626
internal_count=129990 50503 46624 5195 41429 41416 23461 3816 3369 17955 79487 46022 41185 5328 193 5135 4837 33465 35857 705 31801 22502 13493 9299 229 9070 9009 1664 1142 522
is_linear=0
shrinkage=0.05


Tree=155
num_leaves=31
num_cat=0
split_feature=9 8 10 11 8 1 4 5 13 8 4 8 10 1 3 1 2 3 2 1 8 10 8 8 2 3 9 8 9 4
split_gain=5.24547 6.35831 5.60446 4.51702 6.70096 17.1417 13.1899 5.50373 3.97106 5.54198 15.0843 11.2427 9.80438 5.09923 8.23951 5.19209 4.52168 10.7628 9.75368 8.71055 3.48427 4.74136 3.37493 6.61267 2.82556 5.06306 2.58599 7.5407 2.30587 1.76381
threshold=0.78759399056434642 98.31455230712892 1.0000000180025095e-35 1.0000000180025095e-35 97.533905029296889 82.426471710205092 0.2524509876966477 1.0000000180025095e-35 1.0000000180025095e-35 93.208274841308608 0.98275861144065868 94.03479385375978 1.5000000000000002 58.123168945312507 43.557312011718757 58.380149841308601 16.108108520507816 39.077413558959968 17.519181251525882 26.158231735229496 91.159626007080092 2.5000000000000004 79.319980621337905 60.221162796020515 12.70161294937134 21.637426376342777 0.86811593174934398 98.514816284179702 0.81101191043853771 0.86874485015869152
decision_type=2 2 2 2 2 2 2 2 2 2 2 2 2 2 2 2 2 2 2 2 2 2 2 2 2 2 2 2 2 2
left_child=1 8 -2 4 20 -6 -7 24 9 13 11 -11 -12 14 -1 -15 22 19 -19 -18 -4 -22 23 -10 28 -26 27 -9 -5 -24
right_child=2 -3 3 7 5 6 -8 26 16 10 12 -13 -14 15 -16 -17 17 18 -20 -21 21 -23 29 -25 25 -27 -28 -29 -30 -31
leaf_value=-3.0253157362602708e-05 0.03791574177448858 0.049459813808802273 0.050264620376490411 -0.032292905164193461 0.050423409360220675 -0.22417198980784259 -0.84593582418256108 0.017779872796894206 0.025036216657442802 -0.061668589816308073 -0.31541674634029149 -0.0044345615023539996 0.051577581781119097 0.10234319784496136 -0.017395556668926653 0.00077421266201187125 -0.0021717085617839731 -0.14361077241800946 0.0029478075101363982 -0.039858870708919233 -0.071734838244061655 0.050414898785257248 0.062013317372480808 -0.015319171351291275 -0.1673466578408076 0.00074753173823422707 0.051622213199270996 -0.39636197577559451 0.029556343168838095 0.023982157324041548
leaf_weight=164.2844992877217 15.936642476124687 6.3877516196225761 1.5630660857423198 1.6860748992767174 0.49546238285256539 0.36406696122139692 0.1113953132298775 5.9716422292985945 25.372439771424979 10.3573320909054 0.68055433675181021 50.008822235511616 0.2484165548812598 1.2610727368446522 116.92616226625978 558.00862892958685 34.353595034452155 1.1370380069129158 716.11154599604197 27.690086072077975 2.8663583212764938 1.0990416554268447 4.8089151079766426 16.920921855955385 0.45075353607535262 72.50471530581126 9.8451599492109363 0.11197517567779858 14.187056379218118 8.3289665393531322
leaf_count=6314 2964 848 455 73 189 81 8 3136 737 338 72 2159 12 228 20800 30385 608 28 40760 692 636 293 65 336 11 4819 10566 48 1540 565
internal_value=0.000382049 -0.00033332 0.0101845 0.00621222 -0.034235 -0.155382 -0.369844 0.00872166 -0.000516485 -0.00281691 -0.0173315 -0.0142545 -0.217279 -0.00175838 -0.00725067 0.00100324 0.00196873 0.000987263 0.00271547 -0.0189915 -0.0129589 -0.0378801 0.0157669 0.00889065 0.00386854 -0.000291034 0.0357856 0.0101572 0.0229866 0.0379029
internal_weight=1870.08 1742.89 127.193 111.257 6.49939 0.970925 0.475462 104.757 1736.5 901.775 61.2951 60.3662 0.928971 840.48 281.211 559.27 834.724 779.292 717.249 62.0437 5.52847 3.9654 55.4312 42.2934 88.8286 72.9555 15.9288 6.08362 15.8731 13.1379
internal_count=129766 104947 24819 21855 1662 278 89 20193 104099 60308 2581 2497 84 57727 27114 30613 43791 42088 40788 1300 1384 929 1703 1073 6443 4830 13750 3184 1613 630
is_linear=0
shrinkage=0.05


Tree=156
num_leaves=31
num_cat=0
split_feature=12 0 2 2 13 8 10 1 0 4 12 1 1 8 8 2 1 8 0 2 2 12 10 13 12 8 8 4 8 4
split_gain=4.53921 6.42353 5.81656 11.1441 11.1226 5.35699 5.04658 5.36492 5.43749 11.5489 5.00424 4.57879 8.95252 5.89995 4.23051 4.11233 3.75551 3.63496 3.73908 3.60266 3.26127 3.24243 3.28314 2.9519 6.51207 4.9089 5.23724 4.11595 10.1835 5.54407
threshold=1.5000000000000002 0.95790389180183422 93.063350677490249 94.39203262329103 1.0000000180025095e-35 63.191850662231452 1.5000000000000002 81.302967071533217 0.92726847529411327 0.32392686605453497 4.5000000000000009 91.010101318359389 84.680576324462905 94.03479385375978 85.421901702880874 97.100841522216811 58.017766952514656 45.910001754760749 0.8946807086467744 77.485187530517592 82.446311950683608 6.5000000000000009 5.5000000000000009 1.0000000180025095e-35 3.5000000000000004 88.473194122314467 87.730617523193374 0.73401361703872692 90.632698059082045 0.60749301314353954
decision_type=2 2 2 2 2 2 2 2 2 2 2 2 2 2 2 2 2 2 2 2 2 2 2 2 2 2 2 2 2 2
left_child=1 6 -3 4 -4 15 7 8 16 -10 23 12 17 14 -14 -5 -1 19 -19 -12 -9 -13 -23 -2 25 26 -25 29 -29 -26
right_child=10 2 3 5 -6 -7 -8 20 9 -11 11 21 13 -15 -16 -17 -18 18 -20 -21 -22 22 -24 24 27 -27 -28 28 -30 -31
leaf_value=0.0014630850936441385 -0.0043516211639848925 0.054871449471597028 -0.45414333002029883 0.053527677979635736 0.047420067195710534 0.05089040586636015 0.052021290846609169 0.10173672908498932 0.015966891967918787 -0.17725917051794113 -0.030544746533826675 0.0077346199759271211 -0.020236684797411433 0.03820178315992076 -0.062374600860904308 -0.039772199217541521 0.016294156426635991 0.007252856937701526 -0.011253711681241764 0.028005006156303931 0.025680320851099905 0.034144112281588639 -0.14802946606756082 0.00424122939510927 -0.0051004233594762393 0.028553416512904273 -0.079025057668582324 -0.010459238908347095 -0.098231168325634291 0.027705652595375104
leaf_weight=131.10116530617233 660.21906650598976 2.3383810992818352 0.29808783507906156 1.2818705521058333 0.17567587026860565 2.187909384869271 6.673811981920152 1.5071903194184439 1.9977796014281914 1.2616714606992898 2.9732585344172575 189.88428906287299 23.001358196022924 3.4030634106311473 8.0379432219779101 15.015311988827307 63.289824599691201 73.443465621559881 43.434066931717098 22.581228633993305 21.738375941175036 15.619996979308777 0.25129821687005538 293.94791099790018 230.95259257801808 21.309738362906501 1.9006540265399952 19.926423654425893 3.9616683453787109 13.638868253678082
leaf_count=13597 37506 168 34 38 36 397 1480 61 100 48 89 11662 1166 1187 1193 492 5501 5786 6530 751 1392 19145 31 11313 7655 1577 125 295 230 318
internal_value=0.000437766 0.00672697 -0.0195315 -0.0287083 -0.268159 -0.0225713 0.00918438 0.00789017 0.00521791 -0.0588272 -0.000523357 0.00447804 -0.00142124 -0.0242966 -0.0311487 -0.0324336 0.00629179 0.00411039 0.00037544 0.0211928 0.0306116 0.00954926 0.0312597 -0.0020594 0.000524745 0.00537576 0.00370629 -0.00520582 -0.0250156 -0.0032711
internal_weight=1877.35 248.867 21.2972 18.9589 0.473764 18.4851 227.57 220.896 197.65 3.25945 1628.49 382.63 176.874 34.4424 31.0393 16.2972 194.391 142.432 116.878 25.5545 23.2456 205.756 15.8713 1245.86 585.638 317.158 295.849 268.48 23.8881 244.591
internal_count=129903 23344 1165 997 70 927 22179 20699 19246 148 106559 47540 16702 3546 2359 530 19098 13156 12316 840 1453 30838 19176 59019 21513 13015 11438 8498 525 7973
is_linear=0
shrinkage=0.05


Tree=157
num_leaves=31
num_cat=0
split_feature=12 12 10 9 13 10 0 9 1 1 1 1 2 13 1 10 3 0 9 7 9 1 2 13 3 0 2 3 2 0
split_gain=4.29732 4.3823 5.83749 3.64572 3.42108 6.74228 4.95806 3.19938 7.2371 11.1269 6.86997 5.73139 4.50003 3.69021 3.43623 3.34532 3.41877 4.00115 2.75532 20.5109 10.3466 9.49119 5.94187 4.50183 8.94992 9.0251 8.24567 3.41629 2.70143 3.56143
threshold=4.5000000000000009 1.5000000000000002 1.5000000000000002 0.67424243688583385 1.0000000180025095e-35 1.0000000180025095e-35 0.98759469389915477 0.41421568393707281 91.010101318359389 84.680576324462905 78.319625854492202 77.849929809570327 92.718276977539077 1.0000000180025095e-35 85.215545654296889 5.5000000000000009 53.427228927612312 0.58425417542457592 0.1695402339100838 1.0000000180025095e-35 0.059714796021580703 51.66851997375489 64.075469970703139 1.0000000180025095e-35 49.675325393676765 0.56228029727935802 18.677325248718265 79.008567810058608 95.861873626708999 0.98759469389915477
decision_type=2 2 2 2 2 2 2 2 2 2 2 2 2 2 2 2 2 2 2 2 2 2 2 2 2 2 2 2 2 2
left_child=1 2 3 4 6 -6 -1 8 9 10 11 -2 13 -11 -14 -9 -17 -18 19 20 -3 -22 -21 -20 25 -25 -26 -24 29 -10
right_child=7 18 -4 -5 5 -7 -8 15 28 12 -12 -13 14 -15 -16 16 17 -19 23 22 21 -23 27 24 26 -27 -28 -29 -30 -31
leaf_value=0.00035485813530853092 -0.013048116766171111 -0.046262994569993263 0.050790015097475487 0.037436467180307964 0.020036954506754315 -0.0098582565150346635 -0.034295996620883132 0.01020810613405107 0.040465774413030037 -0.17781987468649996 0.021222905227455673 -0.15208676398738838 -0.081541690369973663 -0.04527428333867195 -0.02551905873642156 0.030785500881192543 -0.2686020182823462 -0.053744606503620673 -0.0041847072082262264 -0.035735310523659462 -0.042976446005389579 -0.0060174783388094941 0.020599103279696128 -0.00068265694429385027 -0.093272719037165761 -0.039459977681859638 0.012644909856238479 4.1270676043584465e-05 0.0063766120119830797 0.26513449870712041
leaf_weight=136.93101487285458 26.054772868461445 33.494179353059735 6.6940569465223225 7.6436197723378418 57.838025796576403 27.985825143347029 11.165192767744882 175.46364658267703 0.90743908070726209 1.0979545532609363 20.924209373653866 0.76289106067269941 3.4346346895326887 1.0065085788955912 13.478046501870265 0.64151198323815961 0.30410592094995059 0.75374257995281368 357.4758278306108 11.261959847994147 22.301965863152873 78.562977188325021 21.255559027194977 118.84807600663044 1.8572236923500884 17.173185656778514 173.10661708458792 410.34179229475558 132.23982106108451 0.21895338909234852
leaf_count=14811 837 24601 1512 2377 3156 1074 469 39800 124 32 679 33 57 74 363 15 4 80 11444 402 4720 4398 213 1960 42 389 8766 2234 5423 9
internal_value=-0.000129673 -0.00133381 0.00473225 0.00345593 0.00234557 0.0102886 -0.00225752 0.00463832 0.000306185 -0.0131329 -0.000249652 -0.0170034 -0.0454758 -0.114427 -0.0368962 0.00953194 -0.0602837 -0.115511 -0.00254275 -0.00507333 -0.022185 -0.0141894 0.000118166 -0.00035758 0.00404168 -0.00557844 0.0115206 0.00105371 0.00703337 0.0841379
internal_weight=1871.23 1493.94 248.258 241.564 233.92 85.8239 148.096 377.288 200.125 66.759 47.7419 26.8177 19.0171 2.10446 16.9127 177.163 1.69936 1.05785 1245.68 577.218 134.359 100.865 442.859 668.461 310.985 136.021 174.964 431.597 133.366 1.12639
internal_count=130098 82568 23399 21887 19510 4230 15280 47530 7631 2075 1549 870 526 106 420 39899 99 84 59169 36568 33719 9118 2849 22601 11157 2349 8808 2447 5556 133
is_linear=0
shrinkage=0.05


Tree=158
num_leaves=31
num_cat=0
split_feature=12 10 8 8 10 0 13 1 8 8 8 12 3 4 11 0 1 0 8 11 0 10 10 4 1 1 4 0 12 8
split_gain=4.91953 5.61467 4.17311 12.8467 14.6762 4.4135 5.82367 3.33644 2.90791 7.78044 5.24965 4.48612 4.45557 5.13915 4.71396 4.79101 6.98593 4.10979 3.82598 3.51336 6.73743 6.50063 3.42306 3.10645 2.57796 2.22208 7.31537 5.12672 2.16983 2.14468
threshold=1.5000000000000002 1.5000000000000002 88.784862518310561 88.247200012207045 1.0000000180025095e-35 0.98759469389915477 1.0000000180025095e-35 94.360820770263686 33.413078308105476 44.80437088012696 46.188034057617195 4.5000000000000009 72.065574645996108 0.54316771030426036 1.0000000180025095e-35 0.78308027982711803 35.75188064575196 0.91429260373115551 43.108610153198249 1.0000000180025095e-35 0.67684677243232738 1.5000000000000002 1.0000000180025095e-35 0.692928045988083 77.849929809570327 63.453348159790046 0.98275861144065868 0.94075998663902294 2.5000000000000004 33.076786041259773
decision_type=2 2 2 2 2 2 2 2 2 2 2 2 2 2 2 2 2 2 2 2 2 2 2 2 2 2 2 2 2 2
left_child=1 2 3 5 -5 7 -7 -1 12 11 25 18 13 17 15 16 -14 24 22 21 -21 -12 -10 -17 -2 26 -11 -27 -15 -16
right_child=8 -3 -4 4 -6 6 -8 -9 9 10 19 -13 14 28 29 23 -18 -19 -20 20 -22 -23 -24 -25 -26 27 -28 -29 -30 -31
leaf_value=0.0054651768787970867 -0.034062855791068498 0.051860157964490783 0.0363377418555062 0.050517088959166206 -0.38033493795097878 -0.03746421681788812 0.05448683954519299 0.047517758167843996 -0.025103431835698461 -0.03625387764944607 -0.0064422039880505976 0.0090147827273903951 0.30285318469136879 0.033079989340514718 0.026151201645845695 0.0026163805101447196 -0.054618614427949908 -0.30316587971804004 -0.041913718401853609 -0.0019200918275792606 0.012095422481353629 0.028898931308018624 -0.00471269536218026 -0.056425258900293096 0.1087551224631057 0.077666345263020367 0.062944354873305158 0.0066781603923971649 -0.031919293690677114 0.098320763195729161
leaf_weight=211.26236806579982 17.052135888545319 6.6798815431247922 10.419511354470158 0.34655212867073615 0.46000719058793038 11.205991571012417 2.0346083361655465 4.8244138727895907 40.332400479121134 4.4202348264516358 365.24070906022098 16.78835424000863 0.14036565803689782 5.2574446346843606 11.851557894144204 577.05226987128844 5.1943405636702664 0.14025377156212826 15.314372895983977 382.7353130041156 110.50311558321118 13.492379967239684 42.030802401190158 2.2364945843582964 0.321938636014237 4.9439367952872981 3.2068916338030249 5.2379949858295731 1.6988361151888964 1.1273440963123
leaf_count=18365 2465 1558 2578 59 39 449 136 285 17055 990 14927 2002 18 121 237 10178 385 3 2184 9940 40773 1734 2883 66 3 281 109 347 20 14
internal_value=7.21013e-05 0.00664335 0.00538774 0.00398645 -0.195212 0.00468704 -0.0233346 0.00640405 -0.000926861 -0.00259088 -0.00101236 -0.0148612 0.00175945 -0.019152 0.00261574 0.00195407 -0.0452129 -0.0335926 -0.0189649 -0.00156123 0.00121989 -0.00518317 -0.0146978 0.00238843 -0.0314165 0.0258612 0.00545488 0.0411472 0.0172061 0.0324198
internal_weight=1873.55 247.233 240.553 230.134 0.806559 229.327 13.2406 216.087 1626.32 1004.25 889.781 114.466 622.073 24.4706 597.602 584.623 5.33471 17.5143 97.6776 871.972 493.238 378.733 82.3632 579.289 17.3741 17.8091 7.62713 10.1819 6.95628 12.9789
internal_count=130204 23469 21911 19333 98 19235 585 18650 106735 93225 69101 24124 13510 2612 10898 10647 403 2471 22122 67374 50713 16661 19938 10244 2468 1727 1099 628 141 251
is_linear=0
shrinkage=0.05


Tree=159
num_leaves=31
num_cat=0
split_feature=4 4 0 9 8 9 9 8 11 8 8 4 2 0 8 13 3 2 8 2 8 9 2 9 9 8 9 7 9 1
split_gain=5.31285 16.3253 16.4291 8.33814 7.14073 8.41529 6.16227 8.81083 6.35255 4.7886 4.65926 5.86727 5.58787 4.85067 4.54099 3.34473 5.07053 8.09289 6.71732 5.74287 5.62532 5.50427 4.42714 3.34296 3.1859 9.21494 5.92918 3.03754 28.133 4.30966
threshold=0.98275861144065868 0.77032968401908886 0.47371079027652746 0.77525252103805553 58.359212875366218 0.47493734955787664 0.23205128312110904 42.524209976196296 1.0000000180025095e-35 70.632461547851577 88.935966491699233 0.91106721758842479 20.144927978515629 0.83318904042243969 77.976760864257827 1.0000000180025095e-35 49.675325393676765 24.316333770751957 94.293117523193374 45.512083053588874 65.176864624023452 0.80476191639900219 26.36544227600098 0.091966174542903914 0.2639319002628327 51.225519180297859 0.27525253593921667 1.0000000180025095e-35 0.11651583760976793 25.19841289520264
decision_type=2 2 2 2 2 2 2 2 2 2 2 2 2 2 2 2 2 2 2 2 2 2 2 2 2 2 2 2 2 2
left_child=1 15 3 -3 6 9 7 8 -2 -6 12 -12 -4 -14 -11 27 17 20 19 -18 -17 -19 -20 -10 25 -8 -26 28 29 -1
right_child=4 2 10 -5 5 -7 24 -9 23 14 11 -13 13 -15 -16 16 18 21 22 -21 -22 -23 -24 -25 26 -27 -28 -29 -30 -31
leaf_value=0.071106649735261721 0.081944922676443058 -0.076527323252043755 -0.084479927083471462 -0.22803510031254262 -0.0091744113978872322 0.011367681694515476 0.091790085131778748 -0.032541344637234494 -0.075292066219118173 -0.075901265420607766 0.046511093726119911 -0.13055729271740074 0.011872789627461274 -0.057304551731908161 0.0028500514883383174 -0.017787404356560357 0.025169120846776069 -0.020597026092846703 -0.089204760026790009 0.0022961437557395782 0.021355922500353845 0.013774918311296867 0.041910636646551293 0.01606648844254514 -0.028466929546830718 -0.080861795858286067 0.034332815332846205 0.0010768916597199095 -0.0013208124223371305 -0.04886118131211438
leaf_weight=0.76417805053642851 3.7911596125923142 8.0496946237399261 3.2638538873870884 1.0235853222548019 22.621661256300289 52.509803364460822 5.191033626208081 10.959336892468853 1.0888903418090201 6.199678785633294 4.6146113487193352 0.52061758469790209 7.8620101459964626 3.739261664217338 2.5974448581691831 12.687290294212287 28.694084593153093 75.620744837448001 0.67249044275376668 629.15961296315072 33.188276088680141 13.768097630701957 15.09450689618825 12.450784800690597 4.2506535607390097 0.90802752086892713 32.464193179330323 396.76130986725911 444.35824639027123 36.739334894140484
leaf_count=324 78 238 122 28 412 3636 106 625 54 75 316 11 274 192 35 521 772 1854 15 38767 405 130 5459 311 69 33 557 3119 35583 36033
internal_value=0.000133435 -0.000667146 -0.0378156 -0.0936194 0.00899777 -0.000879156 0.0206561 0.00254825 0.0247375 -0.0213471 -0.0124999 0.0285596 -0.0266841 -0.0104241 -0.0526491 -2.71246e-05 0.00229286 -0.00654138 0.00406679 0.00329381 0.0105305 -0.0153029 0.0363183 0.00871923 0.0326213 0.0660857 0.0270622 -0.00216297 -0.00483064 -0.0464167
internal_weight=1871.61 1716.58 29.0736 9.07328 155.033 83.9286 71.1041 28.2902 17.3308 31.4188 20.0004 5.13523 14.8651 11.6013 8.79712 1687.51 808.885 135.264 673.621 657.854 45.8756 89.3888 15.767 13.5397 42.8139 6.09906 36.7148 878.623 481.862 37.5035
internal_count=130154 124163 1181 266 5991 4158 1833 1068 443 522 915 327 588 466 110 122982 47923 2910 45013 39539 926 1984 5474 365 765 139 626 75059 71940 36357
is_linear=0
shrinkage=0.05


Tree=160
num_leaves=31
num_cat=0
split_feature=9 8 9 8 2 0 8 9 8 2 11 8 8 4 0 9 9 3 4 2 8 8 13 8 9 9 3 4 1 1
split_gain=3.56711 12.3892 19.1839 9.95869 5.22461 5.88748 6.00538 4.61135 12.69 9.85319 11.9134 6.78735 6.72002 8.28766 5.31109 5.49095 4.42498 4.39011 4.35565 4.21954 4.0618 4.46628 4.11072 3.44431 3.51998 4.85327 3.28795 3.12304 6.47303 6.07512
threshold=0.1695402339100838 30.202253341674808 0.056349206715822227 46.759708404541023 91.476997375488295 0.82336020469665538 33.854293823242195 0.3717105239629746 75.766986846923842 88.416816711425795 1.0000000180025095e-35 76.325832366943374 52.788888931274421 0.35355392098426824 0.9047682285308839 0.33974359929561621 0.30901856720447546 25.403225898742679 0.38529014587402349 91.331184387207045 79.319980621337905 82.131031036376967 1.0000000180025095e-35 34.538915634155281 0.17752101272344592 0.18898809701204303 99.425289154052749 0.36451049149036413 63.028589248657234 61.938297271728523
decision_type=2 2 2 2 2 2 2 2 2 2 2 2 2 2 2 2 2 2 2 2 2 2 2 2 2 2 2 2 2 2
left_child=1 27 -3 16 19 -6 -7 11 9 10 -9 12 17 -14 15 -13 23 -5 -16 26 22 -22 -10 24 -2 -26 -4 -1 29 -29
right_child=3 2 4 7 5 6 -8 8 20 -11 -12 14 13 -15 18 -17 -18 -19 -20 -21 21 -23 -24 -25 25 -27 -28 28 -30 -31
leaf_value=-0.0015465808049381019 0.11950897790406415 -0.050078045669675032 -0.015381903119039836 0.030313034580841988 0.065973471477455622 0.043281447339649816 -0.0058095209678148641 -0.02872817409804166 -0.00024842767586370166 0.037980946160230275 0.015018910166117864 0.068717422628105138 -0.0050630404039646703 -0.029178128520994925 0.0091371886341384094 -0.058675300963021329 0.050460039103475088 -0.0023698539741296275 -0.10078283871765073 -0.27880011545915839 0.01405739900156918 -0.001882621140691147 -0.029659167784539003 0.0088847358915701349 -0.04707308116801151 0.041809876545516121 -0.12288403985174681 -0.001930561132105839 0.017485031515050594 -0.079223410846355979
leaf_weight=566.7984450206859 1.1712575574638311 31.742499014915666 66.810098871821538 13.474686084897256 3.4393574342830098 6.9039268026826894 63.805950107285753 18.72042861324735 22.76791819834034 35.257799913350027 92.25481355865486 6.8248442359035844 87.772024743433576 59.971928261918947 14.557987842359578 0.96552458126097906 9.1300204892177117 43.267505053605419 0.96071135858073908 0.15370322321541507 48.784535323851742 442.97100479793153 24.84606162289856 64.672656276088674 1.7993394418153901 10.486318363429744 0.71891782939201121 49.892480774840806 68.112215117900632 2.6787301434087558
leaf_count=8737 34 32900 9508 349 79 182 2758 632 1095 4045 1736 150 3042 1713 625 11 342 2029 23 6 3402 50500 1641 2294 52 244 21 1460 624 38
internal_value=-0.000645788 -0.00300517 -0.0149413 0.00138444 -0.00707757 0.00209087 -0.00101641 -0.000157277 0.00189053 0.0149548 0.00763921 -0.00632064 -0.00923457 -0.0148518 0.0192427 0.0529286 0.0175225 0.00539142 0.0023324 -0.017122 -0.00165143 -0.000301294 -0.0155956 0.0136735 0.036688 0.0287922 -0.0165264 8.44533e-06 0.00731174 -0.00586897
internal_weight=1861.71 861.056 173.574 1000.66 141.832 74.1492 70.7099 913.398 685.603 146.233 110.975 227.795 204.486 147.744 23.3091 7.79037 87.2596 56.7422 15.5187 67.6827 539.37 491.756 47.614 78.1296 13.4569 12.2857 67.529 687.482 120.683 52.5712
internal_count=130272 56313 45454 73959 12554 3019 2940 70993 63051 6413 2368 7942 7133 4755 809 161 2966 2378 648 9535 56638 53902 2736 2624 330 296 9529 10859 2122 1498
is_linear=0
shrinkage=0.05


Tree=161
num_leaves=31
num_cat=0
split_feature=12 8 8 0 2 0 3 0 10 10 12 1 1 3 1 8 1 10 12 8 8 10 12 0 13 8 4 1 1 8
split_gain=8.52768 4.99124 14.3264 7.79042 7.09615 4.19438 6.60513 9.05898 5.33663 5.07188 4.19114 3.85116 7.75222 7.20686 5.5484 5.64531 5.44029 4.36155 4.50995 3.60933 23.1382 3.15355 3.8698 6.06444 8.51308 3.1109 2.90502 2.69891 9.26998 6.45093
threshold=1.5000000000000002 88.784862518310561 88.247200012207045 0.88205623626708995 30.877573013305668 0.42252655327320104 55.646631240844734 0.57937657833099376 1.0000000180025095e-35 1.0000000180025095e-35 4.5000000000000009 90.787876129150405 90.521114349365249 99.425289154052749 84.680576324462905 37.221672058105476 82.426471710205092 2.5000000000000004 6.5000000000000009 98.514816284179702 98.894992828369155 1.5000000000000002 3.5000000000000004 0.55280381441116344 1.0000000180025095e-35 49.886877059936531 0.38935969769954687 71.33072662353517 70.659969329833999 84.237243652343764
decision_type=2 2 2 2 2 2 2 2 2 2 2 2 2 2 2 2 2 2 2 2 2 2 2 2 2 2 2 2 2 2
left_child=1 2 5 4 -4 8 7 -7 -1 -8 21 12 14 -14 16 -16 -12 18 -13 -19 -21 27 -23 24 -24 -10 -25 28 -2 -30
right_child=10 -3 3 -5 -6 6 9 -9 25 -11 11 17 13 -15 15 -17 -18 19 -20 20 -22 22 23 26 -26 -27 -28 -29 29 -31
leaf_value=0.063185238938362989 -0.0055483524258533208 0.041403941822909081 -0.23233241734042306 -0.45891476568853939 0.050702710280021962 0.0018031437914546118 0.0057572351355800544 -0.054551152281385698 0.030194387216568752 0.031864193450656636 -0.0011321294027958814 0.006258467803400173 0.050072165551444475 -0.39883518084627623 -0.049918015260228966 -0.0059646241497805326 0.031087981668869499 -0.045637741273712389 0.035768432029895117 -1.4659480451658111 0.050079655836233916 0.01921393580218575 0.0099366411506975425 0.0047032558252787099 -0.08849575966745872 -0.0071583448475896864 0.079459248528566784 -0.0014601541540853896 -0.047981980733975534 -0.2023723328053314
leaf_weight=7.0294202941004214 546.13998490790254 10.831496651720952 0.51797708042431512 0.19614543265197426 0.38684188778279349 23.675792020338122 150.38799869568902 10.205050512391606 12.306051708350425 21.229768980731023 126.514206451684 187.07130318961572 0.14416842174250533 0.23538004956208169 10.951696914620696 21.941661251621554 14.61449293856276 2.0842148190713483 13.909851051867006 0.032963826786726602 0.10642774146981537 32.441274486191105 4.4742274084128422 4.7269758008187628 4.3150495096342638 10.189750042860394 1.7923173941089769 640.69656515793758 5.2681198889913494 0.77628229721449304
leaf_count=663 31574 3316 43 23 60 982 14416 1394 428 1230 11707 11484 30 24 182 3021 1461 1052 18380 6 131 1711 73 639 42 870 149 24673 214 49
internal_value=-0.00043916 0.00821519 0.00669276 -0.173251 -0.111325 0.0075357 0.00500384 -0.015171 0.0251577 0.00898676 -0.00175989 0.0028524 -0.00259811 -0.228321 -0.0021058 -0.0205987 0.0022044 0.00753034 0.00830084 -0.0621118 -0.308436 -0.00316371 0.00943601 -0.0112849 -0.0383882 0.013275 0.0252556 -0.00366807 -0.00622989 -0.0678103
internal_weight=1865.19 246.956 236.125 1.10096 0.904819 235.024 205.499 33.8808 29.5252 171.618 1618.24 377.606 174.402 0.379548 174.022 32.8934 141.129 203.205 200.981 2.22361 0.139392 1240.63 47.7498 15.3086 8.78928 22.4958 6.51929 1192.88 552.184 6.0444
internal_count=130027 23425 20109 126 103 19983 18022 2376 1961 15646 106602 47478 16425 54 16371 3203 13168 31053 29864 1189 137 59124 2614 903 115 1298 788 56510 31837 263
is_linear=0
shrinkage=0.05


Tree=162
num_leaves=31
num_cat=0
split_feature=9 12 9 1 0 9 11 1 1 3 0 5 4 12 1 9 3 4 5 12 2 4 0 10 12 0 1 10 9 9
split_gain=4.3259 4.67198 4.34478 9.91663 24.3086 6.02564 10.4287 4.90811 3.24051 10.4545 14.9748 12.1345 10.6479 7.12781 6.39485 6.13936 7.48346 11.0588 6.3249 5.68593 5.76242 5.31224 3.19213 2.85021 2.9273 2.6625 2.56917 2.25247 2.14151 5.85447
threshold=0.77525252103805553 3.5000000000000004 0.75499999523162853 79.337715148925795 0.8995817005634309 0.76696833968162548 1.0000000180025095e-35 77.849929809570327 76.253131866455092 89.417694091796889 0.79644659161567699 1.0000000180025095e-35 0.3442887961864472 2.5000000000000004 76.845378875732436 0.20344828069210055 91.922958374023452 0.1123737394809723 1.0000000180025095e-35 3.5000000000000004 18.677325248718265 0.91106721758842479 0.70836466550827037 5.5000000000000009 5.5000000000000009 0.91429260373115551 27.953488349914554 6.5000000000000009 0.86811593174934398 0.84807693958282482
decision_type=2 2 2 2 2 2 2 2 2 2 2 2 2 2 2 2 2 2 2 2 2 2 2 2 2 2 2 2 2 2
left_child=2 -2 8 4 5 6 -4 25 15 11 22 12 -10 -13 -12 16 17 -1 -18 21 -21 -17 -11 24 -3 -6 -7 -25 29 -26
right_child=1 23 3 -5 7 26 -8 -9 9 10 14 13 -14 -15 -16 19 18 -19 -20 20 -22 -23 -24 27 28 -27 -28 -29 -30 -31
leaf_value=0.0053662055670849603 0.028959554628475333 0.0025314295773586101 0.052163152990530551 0.051399210791945087 -0.36066670268079803 0.026643111487172334 -0.28336749544735279 -0.50374498768672149 -0.02237767541495192 -0.091737511887316159 0.038190646174006082 0.043764879770611435 -0.35618539201255478 0.0099113318431647071 -0.00050592536908912087 0.0025974783451117732 0.03751509749062934 -0.019645495342644523 -0.00088205712510197988 -0.01671255296801279 0.00083587470888448444 0.019257369295706539 0.073298683918754867 -0.11093333776534607 0.027840470980459171 -0.13251033591150704 -0.05974908163586317 0.052577645702877852 0.044025040221488294 -0.080784015064713555
leaf_weight=61.371736654400593 24.68598182828282 97.755579281190876 0.3976436858647493 2.2537003918550909 0.24250786076299835 2.5321373135084291 0.55453638825565577 0.26997135288547724 9.813084391469598 0.30405593838076939 10.823932055092881 34.808166383125354 0.24485902895685363 28.100836863566656 783.33464342239313 221.19745998771396 12.000284944078883 157.89054162698449 100.9172626438085 67.274180837906897 153.56944973446662 61.056767391797621 8.0549011254624912 0.8975406439276401 6.6444994714111107 0.27049336116760969 1.3036023605964144 0.27520421787630767 7.9405168039374976 1.5251524572377091
leaf_count=8129 4739 7072 39 332 18 104 21 17 1060 12 328 1316 12 2392 43015 6638 431 27674 3809 773 5111 2097 618 66 3148 23 118 23 10280 883
internal_value=0.000762015 0.00922257 7.41558e-05 -0.0370992 -0.0729012 -0.0306647 -0.143245 -0.331179 0.000244177 0.00236974 0.000722208 0.0204899 -0.0305042 0.0286428 2.1487e-05 -0.0019837 -0.0072591 -0.0126447 0.00319859 0.00149949 -0.00450979 0.00620132 0.0672955 0.00498723 0.00578595 -0.240365 -0.00271787 -0.0725627 0.0255342 0.0075619
internal_weight=1858.31 139.724 1718.59 7.82459 5.57089 4.78792 0.95218 0.782973 1710.76 875.484 802.518 72.9669 10.0579 62.909 794.159 835.278 332.18 219.262 112.918 503.098 220.844 282.254 8.35896 115.038 113.866 0.513001 3.83574 1.17274 16.1102 8.16965
internal_count=130298 26211 104087 672 340 282 60 58 103415 48753 43973 4780 1072 3708 43343 54662 40043 35803 4240 14619 5884 8735 630 21472 21383 41 222 89 14311 4031
is_linear=0
shrinkage=0.05


Tree=163
num_leaves=31
num_cat=0
split_feature=9 8 9 2 8 8 9 0 9 8 4 3 9 4 1 0 4 1 4 5 3 5 3 2 0 4 12 2 0 0
split_gain=5.07755 6.49315 11.3761 5.19594 5.00395 5.00034 34.6674 31.5784 7.52705 6.29516 7.50682 4.79459 4.67026 3.66679 5.61328 10.0973 5.30697 7.31721 5.07108 16.7995 23.8204 9.80993 17.5248 11.7393 7.49163 4.21547 4.20532 3.85241 3.55009 4.98073
threshold=0.77097901701927196 94.923065185546889 0.9574275314807893 88.998897552490249 98.31455230712892 95.093433380126967 0.90238094329833995 0.72779932618141185 0.79057019948959362 97.361461639404311 0.29679679870605474 96.922348022460952 0.83666664361953746 0.50333333015441906 60.120481491088874 0.86785015463829052 0.5604878067970277 24.316333770751957 0.13714733719825747 1.0000000180025095e-35 97.100841522216811 1.0000000180025095e-35 89.927536010742202 92.718276977539077 0.41036629676818853 0.56306818127632152 3.5000000000000004 54.110361099243171 0.57139068841934215 0.4524331688880921
decision_type=2 2 2 2 2 2 2 2 2 2 2 2 2 2 2 2 2 2 2 2 2 2 2 2 2 2 2 2 2 2
left_child=4 28 5 11 13 6 8 -8 -3 12 -11 -4 -7 18 16 27 17 -15 19 24 -21 22 -20 -23 -1 -18 -17 -16 29 -2
right_child=1 2 3 -5 -6 9 7 -9 -10 10 -12 -13 -14 14 15 26 25 -19 21 20 -22 23 -24 -25 -26 -27 -28 -29 -30 -31
leaf_value=0.056712046582013315 0.029160384968866995 -0.40794160025780757 0.0074836791412950009 0.050094720981321998 0.04783501000404454 -0.036295256002056013 -1.884488520437094 0.050076076907038941 0.050814148958991147 -0.11760050055603873 -0.016181141164080159 -0.15285389221493273 0.025118132160648933 0.021560949680262748 -0.0065390030429608188 0.014695164876708446 0.089801557602440699 -0.036357799746183798 -0.0022963060955518764 0.019450779960306593 -0.0017895385771854418 -0.022582533166716854 0.038238932160319136 -0.0039542272360997823 -0.024605733189163922 0.0038832143953332165 -0.040513002200163246 0.070109285462005885 0.033891609024019442 -0.016851546801877153
leaf_weight=2.9489527168916529 12.991152374015657 0.1085973681765634 52.336095035396283 7.6704842227045438 5.3952171594719394 6.0983201999333705 0.051681436831131577 0.035641629452584311 0.50614883552771062 3.425634888932108 3.9037301177158952 0.47044323704903845 6.2872485065017827 7.7416163182351765 1.929587564663964 13.555616708414165 1.4352846790861793 18.447304300905671 164.45102958148345 176.59859821735881 522.64795577648329 118.60165438675904 31.824030926829437 294.77327956812223 71.624660032248357 267.46766802720958 4.6265743254334657 10.898296836385269 31.746906747255707 10.747182807652278
leaf_count=93 1158 14 2613 9644 789 707 9 38 106 586 548 64 1461 182 194 444 77 1759 10635 12980 30615 15063 2264 11086 6487 9779 296 1068 9212 148
internal_value=0.000496394 0.00978193 0.000746393 0.0116409 -0.000242019 -0.0315242 -0.162648 -1.09488 -0.0302269 -0.0268547 -0.063583 0.00605526 -0.00512016 -0.000393745 0.0043758 0.024612 0.00224926 -0.0192366 -0.00151799 0.00116894 0.00357482 -0.00492847 0.00427608 -0.00929889 -0.0213901 0.00434181 0.000647095 0.0585797 0.0229552 0.00832916
internal_weight=1851.35 136.379 80.894 60.477 1714.97 20.417 0.702069 0.0873231 0.614746 19.7149 7.32937 52.8065 12.3856 1709.57 326.102 31.0101 295.092 26.1889 1383.47 773.82 699.247 609.65 196.275 413.375 74.5736 268.903 18.1822 12.8279 55.4852 23.7383
internal_count=130119 26308 15790 12321 103811 3469 167 47 120 3302 1134 2677 2168 103022 13799 2002 11797 1941 89223 50175 43595 39048 12899 26149 6580 9856 740 1262 10518 1306
is_linear=0
shrinkage=0.05


Tree=164
num_leaves=31
num_cat=0
split_feature=2 10 3 9 2 11 2 3 2 3 8 8 10 0 2 8 2 1 3 1 8 1 12 9 8 9 8 11 3 12
split_gain=4.06234 7.97097 4.8057 14.274 9.38052 9.08286 7.68165 6.27732 8.8712 7.56464 6.10941 15.5526 9.59288 5.68141 5.36813 5.91617 4.44168 9.03265 7.63556 3.94343 12.3281 5.33092 3.64873 5.86832 9.50091 8.36955 5.6555 8.77576 3.56956 3.49316
threshold=1.0000000180025095e-35 1.0000000180025095e-35 56.562757492065437 0.22401433438062671 32.071428298950202 1.0000000180025095e-35 24.316333770751957 34.851621627807624 17.519181251525882 30.940170288085941 64.208858489990249 47.466186523437507 2.5000000000000004 0.51427298784255993 56.635221481323249 85.78397369384767 50.31645584106446 46.065429687500007 74.788135528564467 61.620294570922859 24.575783729553226 63.686313629150398 3.5000000000000004 0.23205128312110904 53.368236541748054 0.35857143998146063 44.49494934082032 1.0000000180025095e-35 79.277816772460952 4.5000000000000009
decision_type=2 2 2 2 2 2 2 2 2 2 2 2 2 2 2 2 2 2 2 2 2 2 2 2 2 2 2 2 2 2
left_child=1 -1 3 -2 7 16 13 9 -9 -5 11 -8 -12 -7 15 -6 17 18 -4 20 -18 -21 23 26 -25 -26 -3 -28 -15 -24
right_child=2 22 5 4 14 6 10 8 -10 -11 12 -13 -14 28 -16 -17 19 -19 -20 21 -22 -23 29 24 25 -27 27 -29 -30 -31
leaf_value=0.065201388964361826 -0.034745537381611555 0.0085674544012868045 -0.032048586297305164 0.0059468718943292993 -0.033834152926273967 -0.13230745887541764 0.020252415468382193 -0.034674995356484689 0.016716698679806817 -0.024584428665013675 0.024704507793068084 -0.0242867574469115 -0.039020620261314032 0.020185073375855195 0.059741849215335166 -0.0055792592801667071 0.0055558869136544363 0.061888727785705533 0.077604235341350317 0.020939410113588835 -0.023810167954387659 -0.00080952760565185559 -0.0086666745811978581 0.052431654051667068 -0.027566587718227425 0.022667220106374425 -0.1238249499826454 -0.0065371264364050595 -0.12057715187740228 0.018301965837960416
leaf_weight=5.8394799538364159 38.403820086299675 15.154080994368998 7.6224025714909676 50.899524722713977 35.740313794929534 1.5445278086699534 48.652354679594282 9.2185952139552665 94.247638058150187 33.733787089586258 94.485566701216158 32.823330210347194 6.2993783600395536 2.0187020463054073 2.2185872916597864 38.465841949451715 71.804079359746538 8.3341473316249886 2.0052588726684917 28.978426169924205 71.155472323182039 1016.4316678990726 54.302067955373786 17.263242092856672 11.680392433423547 28.581923377350904 2.3794960626400998 4.8364594927988946 0.57972284138668317 15.415870748925952
leaf_count=1053 8102 467 1516 740 1001 25 2174 128 1247 465 38439 1982 2228 95 65 273 1196 1058 129 2259 19037 41667 1263 351 171 1711 19 330 12 738
internal_value=0.000156267 0.00789218 -0.000552938 -0.0062604 -0.00212491 0.000688469 0.0109604 0.00387679 0.0121378 -0.00622253 0.0124907 0.00230934 0.0207215 -0.0563623 -0.0168965 -0.0191878 -0.000898764 0.0237793 -0.00920999 -0.00127176 -0.00906052 -0.000206654 0.00565538 0.0129494 0.0213996 0.00809402 -0.00878075 -0.0452134 -0.0112198 -0.00270343
internal_weight=1851.12 155.453 1695.66 302.928 264.524 1392.74 186.404 188.1 103.466 84.6333 182.261 81.4757 100.785 4.14295 76.4247 74.2062 1206.33 17.9618 9.62766 1188.37 142.96 1045.41 149.614 79.8956 57.5256 40.2623 22.37 7.21596 2.59842 69.7179
internal_count=129941 6103 123838 12021 3919 111817 44955 2580 1375 1205 44823 4156 40667 132 1339 1274 66862 2703 1645 64159 20233 43926 5050 3049 2233 1882 816 349 107 2001
is_linear=0
shrinkage=0.05


Tree=165
num_leaves=31
num_cat=0
split_feature=12 10 8 8 10 9 1 3 9 3 1 3 3 3 1 8 5 8 4 12 3 0 0 0 4 12 0 8 12 3
split_gain=3.97269 5.14019 3.78719 11.4672 6.02486 5.36859 3.70594 9.10204 6.25108 15.2707 6.45839 7.49012 15.4181 7.42024 6.21605 7.15587 6.14893 6.03218 6.93525 6.17157 5.50141 13.3232 4.56652 4.20371 4.02608 4.01924 3.48433 3.44073 3.17869 3.03477
threshold=1.5000000000000002 1.5000000000000002 88.784862518310561 88.247200012207045 1.0000000180025095e-35 0.44097222387790685 74.352157592773452 87.609649658203139 0.22902098298072818 65.26175689697267 64.326763153076186 85.880397796630874 86.425064086914077 78.319625854492202 71.33072662353517 40.919662475585945 1.0000000180025095e-35 38.967699050903327 0.077935222536325469 3.5000000000000004 69.028213500976577 0.6728879213333131 0.82954803109169017 0.73894333839416515 0.42163743078708654 6.5000000000000009 0.92144301533699047 86.685932159423842 2.5000000000000004 74.788135528564467
decision_type=2 2 2 2 2 2 2 2 2 2 2 2 2 2 2 2 2 2 2 2 2 2 2 2 2 2 2 2 2 2
left_child=1 2 3 -1 5 -5 8 16 9 -2 11 13 -13 -10 15 -12 20 19 -19 -11 -8 -22 23 -9 -16 -24 29 -27 -28 -18
right_child=6 -3 -4 4 -6 -7 7 22 10 17 14 12 -14 -15 24 -17 26 18 -20 -21 21 -23 25 -25 -26 27 28 -29 -30 -31
leaf_value=0.0037762182670416674 -0.039796951122261642 0.050425230897731058 0.035102587869053681 -0.32587048689376164 -0.32034436046738496 0.050524872928117248 0.051827826985372388 -0.04432221315499462 0.00020785749961063518 -0.0055884148402530268 -0.2731872971163461 0.42448815245776023 0.020758045841626358 -0.037771239257640365 0.024409942777168021 -0.029817747271238499 0.055648163830318613 0.028772835996136583 -0.034752025942148101 0.021063055741725532 -0.47041885291846147 -0.04262296182112147 -0.0014688914522395114 0.046840247676390362 -0.02239839817937811 0.044859621611677926 0.056453778386587876 0.0047835067273447572 0.020122497257307286 0.0071530817084752441
leaf_weight=229.07593364652712 38.377480632101651 6.2170456092571831 9.6248641869169642 0.13219047151505847 0.4013626022497192 0.33434892981313169 1.3862997341202561 1.4868944670306508 415.839181207004 105.53159290415351 0.30511420220136898 0.23817895445972581 33.076523828029167 13.271258138411211 10.720640548621306 30.013583753898274 3.6956695648550548 5.13083299918799 26.42174751800485 27.351424660068005 0.19216172368032891 3.4422389924293384 800.17616891817306 8.4570427773869579 8.0382706437958387 8.5625080186291616 12.54539436340565 14.300540624390122 11.575308340019545 25.38714351321687
leaf_count=19291 9902 1520 2615 11 28 55 157 314 7219 9677 8 10 4595 532 906 2347 236 758 4925 665 27 683 34462 1513 708 6499 449 16537 1875 1566
internal_value=-0.000379815 0.00553993 0.00437511 0.00308894 -0.178313 -0.056124 -0.00128605 0.00086458 -0.00396927 -0.0113974 -0.00102399 0.000806339 0.0236445 -0.000966736 -0.0182699 -0.0322669 0.019977 -0.00476923 -0.0244221 -0.00010272 -0.0329169 -0.0652418 -0.00047135 0.0332089 0.00435238 -0.000878274 0.0249685 0.0197925 0.0390187 0.0133155
internal_weight=1851.31 245.786 239.569 229.944 0.867902 0.466539 1605.52 891.207 714.316 202.813 511.503 462.425 33.3147 429.11 49.0776 30.3187 58.2242 164.436 31.5526 132.883 5.0207 3.6344 832.983 9.94394 18.7589 823.039 53.2035 22.863 24.1207 29.0828
internal_count=130090 23520 22000 19385 94 66 106570 64318 42252 25927 16325 12356 4605 7751 3969 2355 4993 16025 5683 10342 867 710 59325 1827 1614 57498 4126 23036 2324 1802
is_linear=0
shrinkage=0.05


Tree=166
num_leaves=31
num_cat=0
split_feature=12 10 0 4 1 8 9 2 10 2 3 3 0 11 3 0 9 8 3 2 4 8 9 0 0 8 8 2 10 9
split_gain=3.78118 5.28016 3.53549 6.04949 5.86982 3.90973 4.51567 3.52783 12.4704 5.98031 3.2664 3.2845 2.6886 2.57839 10.0297 9.05379 12.142 7.52369 7.27579 7.13721 6.82016 6.72872 9.21675 7.25118 6.31456 6.30605 11.8557 12.0696 6.66013 6.16632
threshold=1.5000000000000002 1.5000000000000002 0.95790389180183422 0.12060606107115747 79.118217468261733 63.191850662231452 0.22902098298072818 26.36544227600098 1.0000000180025095e-35 26.766168594360355 68.496238708496108 65.26175689697267 0.96509674191474926 1.0000000180025095e-35 72.065574645996108 0.67684677243232738 0.23205128312110904 36.930006027221687 53.907203674316413 60.158729553222663 0.13423423469066623 92.193038940429702 0.5577777922153474 0.89234432578086864 0.90910807251930248 60.221162796020515 47.466186523437507 79.205974578857436 1.5000000000000002 0.8603896200656892
decision_type=2 2 2 2 2 2 2 2 2 2 2 2 2 2 2 2 2 2 2 2 2 2 2 2 2 2 2 2 2 2
left_child=1 2 4 5 7 6 -4 8 -1 -9 11 -6 -5 14 24 16 17 18 -15 -16 -18 22 -21 -23 -2 26 -17 -28 -27 -30
right_child=13 -3 3 12 10 -7 -8 9 -10 -11 -12 -13 -14 15 19 25 20 -19 -20 21 -22 23 -24 -25 -26 28 27 -29 29 -31
leaf_value=0.068387813243743586 -0.029138904974104332 0.053678848009014471 -0.0068779314541593589 -0.14625142553252643 0.062041555302261665 0.051051327261740498 -0.09863266239445348 -0.11678403480071049 0.00093713041820736413 0.0010854691052298369 0.033731374566990172 -0.094535613170004307 -0.028205406690245356 -0.010724165457489698 0.047840104756248898 0.016697611316806617 -0.01888709185131043 -0.044443895142470997 0.10966070020061669 -0.0019827732369119087 0.0030916606999395651 -0.063425249123871333 0.017694013452888738 -0.010963965838763915 -0.2503282346944149 0.02920191881672073 0.017590024803114526 -0.060682778412873707 -0.02264804297277314 0.050268395158555947
leaf_weight=9.0713178596342896 27.894433778536044 5.6436399879748924 13.829411531041847 1.1801692275330413 0.50301574368495749 2.5537324171746141 1.4849076070822764 1.0837628239532922 28.014883335155901 152.60549902060302 23.81459222920239 1.002300380845554 0.81576837465399865 9.5073196527373494 7.2832236349349833 39.259997118846513 39.330039852357004 25.276292767171981 1.4459831864514843 862.33450763532892 344.14364398346515 7.230515159550122 63.924321809085086 73.978775818250142 0.32644305669236828 64.608392363705207 8.0870940963504836 12.596025872742757 12.905806698952803 3.7395890660409341
leaf_count=1190 7673 1524 497 38 32 491 38 20 1386 16505 1649 32 38 333 1021 1700 766 5808 61 34239 6431 345 4444 3505 15 31186 231 963 4814 3280
internal_value=5.26945e-05 0.00588397 0.00474082 -0.0154459 0.00659643 -0.00622377 -0.0157747 0.0035943 0.0174356 0.000254295 0.0292163 -0.0422139 -0.0980043 -0.000825713 -0.00229588 0.001908 -0.00177655 -0.0294446 0.00516825 -0.0014782 0.000837464 -0.00183473 -0.00062481 -0.0156349 -0.0316975 0.0128602 0.000557837 -0.0300781 0.021936 -0.00626649
internal_weight=1845.48 241.603 235.959 19.864 216.095 17.8681 15.3143 190.775 37.0862 153.689 25.3199 1.50532 1.99594 1603.87 1042.97 560.9 419.703 36.2296 10.9533 1014.75 383.474 1007.47 926.259 81.2093 28.2209 141.197 59.9431 20.6831 81.2538 16.6454
internal_count=130255 23440 21916 1102 20814 1026 535 19101 2576 16525 1713 64 76 106815 51242 55573 13399 6202 394 43554 7197 42533 38683 3850 7688 42174 2894 1194 39280 8094
is_linear=0
shrinkage=0.05


Tree=167
num_leaves=31
num_cat=0
split_feature=12 10 3 3 8 1 1 2 8 8 8 0 1 0 12 0 8 8 8 8 10 2 3 1 13 3 0 3 0 7
split_gain=3.19001 4.77771 5.34874 7.80514 14.6687 3.7605 28.4375 3.02801 2.92598 10.9053 6.78725 15.8899 6.62081 14.6524 5.85701 5.35917 3.2616 34.2843 2.56143 6.883 8.42982 3.42439 7.57329 11.1904 3.00896 2.7991 2.68298 4.59129 4.37508 2.51231
threshold=6.5000000000000009 1.5000000000000002 82.446311950683608 82.097072601318374 98.219570159912124 85.053192138671889 85.89511871337892 64.747306823730483 88.935966491699233 86.685932159423842 87.10666656494142 0.92727673053741466 65.030120849609389 0.88452771306037914 8.5000000000000018 0.99772727489471447 93.512504577636733 93.364780426025405 97.793998718261733 97.533905029296889 1.5000000000000002 96.051948547363295 95.861873626708999 82.097072601318374 1.0000000180025095e-35 79.277816772460952 0.50397351384162914 33.647798538208015 0.5339592993259431 1.0000000180025095e-35
decision_type=2 2 2 2 2 2 2 2 2 2 2 2 2 2 2 2 2 2 2 2 2 2 2 2 2 2 2 2 2 2
left_child=18 2 3 5 -5 7 -7 -2 9 12 11 -11 13 -3 -12 -10 17 -17 19 29 25 22 26 -24 -22 -21 27 -20 -28 -1
right_child=1 8 -4 4 -6 6 -8 -9 15 10 14 -13 -14 -15 -16 16 -18 -19 21 20 24 -23 23 -25 -26 -27 28 -29 -30 -31
leaf_value=-0.0018771707883070672 -0.052665521767625505 -0.011697310899829561 0.036531795084362093 0.050090254276536607 -1.218682241887552 -1.6737697592155294 0.050084883845876685 0.053271476087768138 0.050643073640420894 -0.81326371151545196 -0.23947782647473345 0.050222709311233252 0.050416888949332196 -0.51574205571298326 -0.018950884573351128 -0.072211156459935311 0.0037463393944947906 -1.9537788845631316 0.00055743120594381023 -0.11423945920489775 -0.27196341030062365 0.033789197044331372 -0.010991885989204536 -0.3485746105985254 -0.083237537229690794 0.017266540741112075 -0.039036845933570652 0.041474231219391526 0.0069123901685750029 0.0020600173896214644
leaf_weight=1088.2999747607391 1.5457924224319906 0.78733212279621367 20.823628327198094 0.054045557917561271 0.039379275403916836 0.029002330382354446 0.13662386414944194 1.196750961767975 3.3425424556771759 0.11575783509761084 0.51745327570824862 0.098710132617270574 2.4808549929293804 0.17650400963611901 0.72007102728821337 0.81555850530276064 1.0626561953977214 0.024950712802819908 16.380489737726752 0.56378236308228147 0.58042214298620809 11.800923888018586 0.71937089541461208 0.37265178916277364 0.33200821891659871 1.4334696344449185 6.810220628394748 11.791184908710418 21.64772371869185 645.48985977750272
leaf_count=90526 97 93 20916 36 14 15 141 381 1784 19 172 73 1374 30 341 770 1205 17 991 38 23 4076 142 31 36 92 77 144 1521 5124
internal_value=0.000121905 0.0153025 0.0275373 -0.0348619 -0.484707 -0.0204107 -0.251774 -0.00643828 -0.0134381 -0.0412344 -0.156164 -0.415839 0.00721016 -0.104001 -0.111161 0.0125087 -0.0544669 -0.128066 -0.000163579 -0.000540306 -0.0773776 0.0092472 0.0042297 -0.126192 -0.203291 -0.0198548 0.00674469 0.0176831 -0.00408364 -0.000411356
internal_weight=1840.19 33.9676 23.8252 3.00159 0.0934248 2.90817 0.165626 2.74254 10.1424 4.89668 1.45199 0.214468 3.44469 0.963836 1.23752 5.24571 1.90317 0.840509 1806.22 1736.7 2.90968 69.5226 57.7216 1.09202 0.91243 1.99725 56.6296 28.1717 28.4579 1733.79
internal_count=130299 27478 21600 684 50 634 156 478 5878 2102 605 92 1497 123 513 3776 1992 787 102821 95839 189 6982 2906 173 59 130 2733 1135 1598 95650
is_linear=0
shrinkage=0.05


Tree=168
num_leaves=31
num_cat=0
split_feature=9 8 0 8 13 4 0 9 9 9 9 8 0 4 8 9 7 9 9 8 8 8 9 0 1 2 3 0 9 8
split_gain=3.42673 8.54309 7.00479 6.61518 6.52579 4.85897 6.67814 16.1772 8.08471 4.30028 17.6003 6.26008 5.27276 6.14057 4.10781 11.6076 12.3781 22.0589 3.81107 9.73381 7.35554 11.5172 7.25639 4.13713 3.74547 3.43836 3.42404 5.72613 2.99176 8.85519
threshold=0.56385868787765514 85.421901702880874 0.90590170025825512 90.338954925537124 1.0000000180025095e-35 0.46470099687576299 0.89099425077438366 0.64852941036224376 0.72474747896194469 0.61721614003181469 0.58578431606292736 75.079616546630874 0.42252655327320104 0.58898946642875682 47.83648872375489 0.15075758099555972 1.0000000180025095e-35 0.042572464793920524 0.78759399056434642 98.08304595947267 95.872028350830092 98.894992828369155 0.62828946113586437 0.4524331688880921 1.0000000180025095e-35 49.151567459106452 41.444372177124031 0.49845199286937719 0.28869047760963445 65.176864624023452
decision_type=2 2 2 2 2 2 2 2 2 2 2 2 2 2 2 2 2 2 2 2 2 2 2 2 2 2 2 2 2 2
left_child=3 2 9 14 18 26 8 -8 -7 10 -2 -12 -11 -14 15 16 17 -1 19 22 23 -22 -3 -20 -21 -18 27 -6 -16 -30
right_child=1 4 -4 -5 5 6 7 -9 -10 12 11 -13 13 -15 28 -17 25 -19 20 24 21 -23 -24 -25 -26 -27 -28 -29 29 -31
leaf_value=-0.046495155326222247 0.027175803536270415 0.016542830740289574 0.039322909398422125 0.022667798143815199 0.02282355415359813 0.024727583328399371 -0.43214474557330063 -0.0093313158897968766 -0.022963293633902683 0.044479863936569997 -0.0026413970138757063 -0.086177747553092529 0.018034699579477155 -0.034149997352920305 -0.011109894164192341 0.015264511962797806 -0.044492910766821714 -0.0032209010768825819 0.057452782645568801 -0.16301107782928248 -0.061011051108068842 0.0014389262586278655 -0.021305792021424158 0.012261268333391199 0.040244212244851071 0.0013540543215131411 0.024450989372499236 -0.029185510286662903 0.0086909668369206505 -0.0085395932985548074
leaf_weight=40.349336817511357 14.519471470615828 14.729225340066476 25.421041998721194 28.134791511285584 12.4072404577164 16.303791446669493 0.31034573214128502 0.83464502973947674 19.533522589103086 13.18115833395859 3.3451518170768377 6.8048856029636227 27.415612995740958 7.0963315332774064 159.84300892747706 111.82702715453343 4.1157538928091517 109.00492918968666 6.2018490646150886 0.23201835562940587 8.9542075937206373 42.070397844247054 90.304551775741857 27.61216980451718 9.8028929955034965 641.15948751242831 49.953687117144 9.2288125895429385 111.82395338005153 223.79589498229325
leaf_count=35633 438 732 5327 1355 148 747 28 227 2593 513 92 182 1207 201 7869 4177 151 11459 702 15 1351 9708 4807 6158 1315 4964 13267 61 3543 11283
internal_value=-0.000186105 0.00386626 0.0167444 -0.00133734 -0.000215933 0.00965206 -0.00506467 -0.123933 -0.00126685 0.00881258 -0.00813503 -0.0586466 0.0175788 0.0073045 -0.00181909 0.000181901 -0.00194065 -0.0149118 -0.00557536 -0.0115032 0.00246473 -0.0095203 -0.0159982 0.0205499 0.0355447 0.00106163 0.0172545 0.000639198 -0.00547994 -0.00279861
internal_weight=1836.32 406.263 97.7837 1430.05 308.479 108.572 36.9823 1.14499 35.8373 72.3626 24.6695 10.15 47.6931 34.5119 1401.92 906.457 794.63 149.354 199.907 115.069 84.8386 51.0246 105.034 33.814 10.0349 645.275 71.5897 21.6361 495.463 335.62
internal_count=130253 49819 7960 80434 41859 17071 3595 255 3340 2633 712 274 1921 1408 79079 56384 52207 47092 24788 6869 17919 11059 5539 6860 1330 5115 13476 209 22695 14826
is_linear=0
shrinkage=0.05


Tree=169
num_leaves=31
num_cat=0
split_feature=1 3 2 1 12 1 4 8 1 2 8 2 0 8 8 3 1 8 0 0 9 12 0 0 3 8 12 1 4 3
split_gain=3.29803 10.9181 6.90029 6.30451 8.58345 11.3937 5.29921 5.00098 7.33105 10.388 4.44939 4.21451 4.14513 4.92986 4.83092 3.85879 6.80941 7.46744 6.28098 4.28685 3.79307 3.54591 3.42521 4.40673 9.15604 6.59116 9.35699 3.97631 4.86841 7.42892
threshold=87.20676422119142 96.590469360351577 94.474967956542983 90.521114349365249 4.5000000000000009 90.787876129150405 0.15047170221805575 76.325832366943374 89.699382781982436 90.366767883300795 96.69602203369142 94.665718078613295 0.95674094557762157 93.364780426025405 96.784530639648452 84.889995574951186 99.438201904296889 81.16794586181642 0.92727673053741466 0.46700522303581243 0.25462962687015539 4.5000000000000009 0.95557281374931347 0.94400435686111461 91.36645889282228 85.254531860351577 2.5000000000000004 83.239700317382827 0.040833333507180221 90.070423126220717
decision_type=2 2 2 2 2 2 2 2 2 2 2 2 2 2 2 2 2 2 2 2 2 2 2 2 2 2 2 2 2 2
left_child=22 7 10 12 6 -6 -5 8 9 21 20 -11 13 -4 -14 19 17 -17 -18 -9 -3 -2 23 27 -25 26 -26 -1 29 -29
right_child=1 2 3 4 5 -7 -8 15 -10 11 -12 -13 14 -15 -16 16 18 -19 -20 -21 -22 -23 -24 24 25 -27 -28 28 -30 -31
leaf_value=-0.0026184051092989959 0.03120877028889666 -0.10118072718191842 0.059834926510627051 -0.0048402471376773892 -0.30627713805198215 0.0078578694450625302 -0.050932821820429047 -0.17433609943950071 0.043750200953297819 -0.20463926059577844 -0.25957545991128489 -0.047561528116031974 0.011945023462736603 -0.032606226815465406 -0.14535461401915745 -0.082768925414641148 0.050589526832803988 0.016117952609345617 -0.17082120973513587 0.050857753178708581 0.051527042207611201 -0.09291313940227959 0.033239624016467427 0.047712505518301015 -0.080747168211195486 -0.056866497850928843 -0.0035585275098779646 0.014326765240616816 0.022990624045970777 -0.13191932706992854
leaf_weight=1095.3386042761267 6.037343134521505 1.4567991650546899 9.8433000143268163 351.36821221734863 0.28907918359618534 194.26240249825059 6.3484245110303155 0.22101872949861245 31.097960791434161 0.77651902215438873 0.31867923727259029 0.94880326016573235 15.60861024868791 1.6898615438549303 0.50386255019111637 2.2429794778581718 0.44752068465459238 12.826333745935697 1.1268300046212969 4.8218672524672002 0.56409478891873721 0.63601871795253817 6.638165513140847 4.9506065125460728 4.4882120802067211 11.404398522630798 31.352771236299304 2.4520864632504558 27.115125556505518 1.344471612217603
leaf_count=73368 235 53 643 13992 28 28026 255 15 1339 35 18 27 736 270 115 362 151 3470 288 1337 77 50 564 400 203 838 893 231 2088 68
internal_value=-0.00101111 0.00187072 -0.000240578 0.00010515 -0.00106126 0.0073911 -0.00565826 0.021963 0.0325555 -0.00889535 -0.0859367 -0.118258 0.0234062 0.0462903 0.00702601 0.00267154 -0.00893802 0.00139922 -0.107884 0.040988 -0.0585552 0.0193791 -0.00257579 -0.00277754 -0.0169803 -0.0237591 -0.0132245 -0.00211931 0.0155657 -0.0374632
internal_weight=1828.52 643.437 582.253 579.914 552.268 194.551 357.717 61.1832 39.4966 8.39868 2.33957 1.72532 27.6456 11.5332 16.1125 21.6865 16.6437 15.0693 1.57435 5.04289 2.02089 6.67336 1185.08 1178.45 52.196 47.2454 35.841 1126.25 30.9117 3.79656
internal_count=130175 51522 44213 44065 42301 28054 14247 7309 1686 347 148 62 1764 913 851 5623 4271 3832 439 1352 130 285 78653 78089 2334 1934 1096 75755 2387 299
is_linear=0
shrinkage=0.05


Tree=170
num_leaves=31
num_cat=0
split_feature=12 12 10 8 8 1 8 9 8 9 2 2 13 8 8 9 9 9 1 1 1 9 8 9 1 9 2 8 9 8
split_gain=2.97866 3.79417 4.4939 3.59364 8.89078 4.35464 3.21278 7.72869 7.61367 7.56286 7.16998 9.39281 4.1935 7.51067 7.86404 3.91843 35.0757 3.86237 4.61436 5.55464 5.24201 4.36709 3.86261 10.582 3.15348 3.07704 3.06041 2.90394 2.62993 5.24009
threshold=4.5000000000000009 1.5000000000000002 1.5000000000000002 88.784862518310561 88.247200012207045 21.244359016418461 82.131031036376967 0.54772728681564342 82.385261535644545 0.39565217494964605 89.725547790527358 93.063350677490249 1.0000000180025095e-35 85.254531860351577 87.730617523193374 0.64852941036224376 0.63961037993431102 0.5577777922153474 78.319625854492202 85.053192138671889 85.215545654296889 0.69397994875907909 39.182224273681648 0.2639319002628327 80.206184387207045 0.44722221791744238 77.058032989501967 85.254531860351577 0.80476191639900219 95.872028350830092
decision_type=2 2 2 2 2 2 2 2 2 2 2 2 2 2 2 2 2 2 2 2 2 2 2 2 2 2 2 2 2 2
left_child=1 2 3 4 27 -6 17 8 9 -8 -10 -12 13 -9 -15 16 -14 18 22 -20 -21 -19 26 -24 -17 -11 -2 -1 -3 -30
right_child=6 28 -4 -5 5 -7 7 12 10 25 11 -13 15 14 -16 24 -18 21 19 20 -22 -23 23 -25 -26 -27 -28 -29 29 -31
leaf_value=0.0018435061194774132 -0.038208481392043261 -0.0034330214761062274 0.049428514752532599 0.033976934804993086 0.050933125234085101 -0.17045096067342339 -0.43870104308334934 0.051203472485555283 0.054586308846180126 0.050961328348368209 -0.19817468716921463 -0.023607605820213783 0.0073695230597191552 -0.058894163860681609 -0.0028161745051024584 0.012977777916637562 -0.49174730427107927 0.048427980900868452 0.031047449447225563 -0.06494946516538104 0.0062462580995006727 -0.015515220260577179 -0.079150946246664453 -0.0034517115835045807 0.045815392778413955 -0.17518036996293446 0.03395229631401777 0.051328508471080808 0.028159069270499045 -0.0022328748458373092
leaf_weight=223.0823936809611 1.8944140082458014 1162.7325231899449 5.3192644476366686 8.981980753131209 0.27900178544223209 1.0896360038314012 0.20353962888475763 5.5970370867289594 2.8536153865279656 0.24380082369316369 0.7941389949410248 25.960943254234735 8.0190937139559502 7.0712059663201208 53.946589320315979 22.37855046405457 0.36816030472982753 10.558233248040777 23.654970688105095 2.6297535133780903 153.3329104843142 3.5740913584304499 6.0327678378089358 19.666552380658686 10.858798536966786 0.39273458643583581 6.5479824425710831 3.0046258899965315 20.031898713146802 48.57305334683042
leaf_count=18707 44 54154 1533 2587 28 69 10 894 214 37 63 2261 2455 1163 16366 3130 37 2309 973 40 8001 602 233 777 7623 43 240 548 2065 2884
internal_value=-0.000743701 -0.00174734 0.00397946 0.00295697 0.00173202 -0.125321 0.00328942 -0.00271085 -0.024965 -0.173399 -0.0207536 -0.0287891 0.00354945 -0.00423011 -0.00931492 0.0159996 -0.0145393 0.00694101 0.00526731 0.00847012 0.0050458 0.0322566 -0.0115825 -0.0212217 0.023706 -0.0885653 0.0177599 0.00250115 -0.00287173 0.00664124
internal_weight=1839.67 1473.09 241.757 236.438 227.456 1.36864 366.58 138.688 30.4488 0.840075 29.6087 26.7551 108.239 66.6148 61.0178 41.6246 8.38725 227.892 213.759 179.618 155.963 14.1323 34.1417 25.6993 33.2373 0.636535 8.4424 226.087 1231.34 68.605
internal_count=130090 82575 23472 21939 19352 97 47515 34296 2628 90 2538 2324 31668 18423 17529 13245 2492 13219 10308 9014 8041 2911 1294 1010 10753 80 284 19255 59103 4949
is_linear=0
shrinkage=0.05


Tree=171
num_leaves=31
num_cat=0
split_feature=13 12 9 4 9 9 5 4 9 8 9 8 9 12 8 9 8 1 1 8 4 8 1 12 10 9 8 3 1 1
split_gain=3.26416 5.72831 4.85598 5.0516 15.3668 17.728 7.8806 4.79398 4.23541 3.51418 2.85253 7.01212 10.3392 7.71491 7.15363 6.15207 4.51361 5.20349 8.74886 3.04907 3.0474 2.45407 3.71722 2.37254 4.13715 19.3489 15.6695 6.03499 4.70208 22.8229
threshold=1.0000000180025095e-35 3.5000000000000004 0.69397994875907909 0.10582306981086732 0.62828946113586437 0.64495798945426952 1.0000000180025095e-35 0.11583184450864793 0.10172414034605028 81.16794586181642 0.46410256624221807 75.079616546630874 0.44722221791744238 4.5000000000000009 75.766986846923842 0.44097222387790685 53.368236541748054 94.201679229736342 92.907444000244155 72.982837677001967 0.091966174542903914 82.940685272216811 30.0684928894043 5.5000000000000009 2.5000000000000004 0.73030304908752453 85.78397369384767 82.68365859985353 96.051948547363295 95.861873626708999
decision_type=2 2 2 2 2 2 2 2 2 2 2 2 2 2 2 2 2 2 2 2 2 2 2 2 2 2 2 2 2 2
left_child=23 2 3 4 6 -6 -2 9 -9 -5 11 15 14 -14 -13 20 -12 18 -18 -17 -3 22 -4 -1 28 26 27 -26 29 -25
right_child=1 10 21 7 5 -7 -8 8 -10 -11 16 12 13 -15 -16 19 17 -19 -20 -21 -22 -23 -24 24 25 -27 -28 -29 -30 -31
leaf_value=-0.0024708024785718178 -0.015896414055599595 -0.006681470111305151 -0.13736032675804802 -0.030814974186792351 -0.53607842471867895 -0.063024303038835328 0.019946887524978998 -0.006030271931294507 0.0074869135677933006 -0.15426267772520244 -0.26114246971709382 -0.14092982586754763 -0.059967901873691637 -0.24401086171738587 -0.013164227262625356 0.079661928888145786 0.0014514533872112929 0.026410667496975977 -0.18401862043529105 -0.035114162668842673 0.0043973197813575509 0.045235684369753976 0.051079698546640809 -0.0022403952324977282 -0.48248500643582193 -0.00010915595185893726 -0.93207061866744589 0.050242736465433396 0.021911501621479347 -0.62465266640618677
leaf_weight=920.0715192926873 17.679149040195625 150.8919847602956 0.48000209324527421 3.8876822561724103 0.25562167714815476 0.87938277749344707 115.65245885954937 90.927520375291351 159.79241472948343 0.67686933442018915 0.16010957362595846 1.1272090197890055 1.7553719934076064 0.84281984710833047 39.026819420105312 3.3616287999902843 126.36488934210502 22.903052550798748 0.63904925176757288 0.69894345750799391 105.44679448247189 10.877171283733331 0.57544830639380962 27.871953075868081 0.093603116227313321 1.9614652449090497 0.10177186829969287 0.12304922356270254 35.250659537879983 0.14806614103144866
leaf_count=61274 993 5353 19 159 29 155 4290 5238 5551 30 23 88 25 101 2431 288 9518 10503 283 60 2947 2277 85 6394 5 894 15 39 10760 36
internal_value=0.00014503 0.00240593 0.0067534 0.00579148 0.0136347 -0.169564 0.0151942 0.00166019 0.00258469 -0.0491208 -0.00144719 -0.00423809 -0.0230056 -0.119669 -0.0167509 -0.00115686 0.00419072 0.00447411 0.000518218 0.0599056 -0.00212413 0.0381724 -0.0346198 -0.00181602 0.00737459 -0.0587978 -0.420315 -0.179919 0.00975904 -0.00552941
internal_weight=1840.52 854.902 401.684 389.751 134.467 1.135 133.332 255.284 250.72 4.56455 453.219 303.152 42.7522 2.59819 40.154 260.399 150.067 149.907 127.004 4.06057 256.339 11.9326 1.05545 985.622 65.5506 2.27989 0.318424 0.216652 63.2707 28.02
internal_count=129863 50446 18826 16445 5467 184 5283 10978 10789 189 31620 11293 2645 126 2519 8648 20327 20304 9801 348 8300 2381 104 79417 18143 953 59 44 17190 6430
is_linear=0
shrinkage=0.05


Tree=172
num_leaves=31
num_cat=0
split_feature=12 10 8 8 0 8 9 1 8 4 8 0 9 9 8 1 8 0 4 3 9 9 3 8 9 8 3 3 4 9
split_gain=3.18057 4.43153 3.26966 6.73685 2.92893 3.66835 2.63545 15.4787 8.22773 5.10125 4.807 12.5055 7.50438 4.73206 11.6989 7.44239 5.90847 5.30925 3.89027 3.68943 3.55671 4.54713 4.33387 4.25973 3.03929 10.1194 2.69202 22.9794 4.19197 2.56083
threshold=1.5000000000000002 1.5000000000000002 88.784862518310561 88.247200012207045 0.88205623626708995 88.473194122314467 0.17519181966781619 53.694938659667976 46.759708404541023 0.61602565646171581 33.854293823242195 0.8270167112350465 0.070197045803070082 0.29520697891712194 70.632461547851577 78.629974365234389 60.221162796020515 0.52426299452781688 0.77032968401908886 73.765182495117202 0.17752101272344592 0.18350168317556384 62.145593643188484 29.519198417663578 0.1695402339100838 38.726566314697273 78.629974365234389 78.319625854492202 0.63733074069023143 0.62828946113586437
decision_type=2 2 2 2 2 2 2 2 2 2 2 2 2 2 2 2 2 2 2 2 2 2 2 2 2 2 2 2 2 2
left_child=1 2 3 29 5 -5 7 19 20 10 12 -12 -9 14 15 -10 17 -15 -18 24 -8 23 -23 -22 -2 -26 27 -21 -28 -1
right_child=6 -3 -4 4 -6 -7 8 9 13 -11 11 -13 -14 16 -16 -17 18 -19 -20 26 21 22 -24 -25 25 -27 28 -29 -30 -31
leaf_value=0.0024529249146940679 -0.048190657251136346 0.049437392505624553 0.033491826315653977 -0.12958121869009484 -0.22639841511362355 0.050955239797738319 0.063570969311932263 -0.0017398687059845233 -0.031850992846930076 0.076789000790978251 0.074901818803421435 -0.01705134700961955 0.028738566300817937 0.029621531083009734 0.026357741527716701 -0.001708833487946231 0.00028576864849622763 0.00035012639881646263 -0.01124829969084766 -0.0033775186962620185 -0.18429797097370704 0.0041479704420930106 0.031566839692100723 -0.017769988097649337 0.61612729097049024 -0.050212743809995936 -0.063691058274790893 0.63772437340759724 -0.0075238192006498675 0.050953540189013269
leaf_weight=220.29183997472865 23.570373765163826 5.3690946926653842 8.7426081720041093 0.77137933112680801 0.35837999149225641 0.44294060161337256 3.8744287519948548 559.85961727259564 48.183845379855484 2.0449063911801195 3.8641940807283381 85.70894387140288 20.95199797215173 30.950080288108438 17.084038831409998 35.61605543224141 576.20902957743965 31.014963175926823 83.729515773768071 3.9632983350311415 0.42004945036023755 28.25842478859704 29.411670484056231 4.4763420217204839 0.074769033817573383 0.23944357107393444 5.0169133772433279 0.1448826947598717 9.8325789257360139 2.7556563863763577
leaf_count=18601 9081 1516 2623 33 20 49 116 10726 3288 71 1141 16642 425 344 447 698 54715 1373 2398 1144 8 1015 983 256 5 79 1063 56 569 579
internal_value=-0.000858583 0.00452594 0.00349264 0.00232502 -0.100797 -0.063728 -0.00165974 -0.00391917 0.000157685 -0.00206258 -0.00230311 -0.0130845 -0.0006404 -0.00120903 -0.0113523 -0.0190402 0.000208471 0.0149705 -0.00117761 -0.0330592 0.0170827 0.0142039 0.0181316 -0.032056 -0.0461313 0.108347 -0.0165897 0.0192321 -0.0265 0.00305213
internal_weight=1843.23 238.732 233.363 224.62 1.5727 1.21432 1604.5 715.272 889.228 672.43 670.385 89.5731 580.812 822.788 100.884 83.7999 721.904 61.965 659.939 42.8423 66.4409 62.5665 57.6701 4.89639 23.8846 0.314213 18.9577 4.10818 14.8495 223.047
internal_count=130064 23421 21905 19282 102 82 106643 41002 65641 29005 28934 17783 11151 63263 4433 3986 58830 1717 57113 11997 2378 2262 1998 264 9165 84 2832 1200 1632 19180
is_linear=0
shrinkage=0.05


Tree=173
num_leaves=31
num_cat=0
split_feature=4 3 3 0 3 3 2 0 0 1 0 4 3 4 1 0 9 2 3 1 0 2 12 4 3 10 12 12 12 3
split_gain=2.76316 6.43352 10.6182 9.46121 10.2043 8.06818 7.24727 6.66577 5.62403 5.1776 5.02247 4.96159 4.92412 3.82803 6.91265 6.35109 8.59274 5.87228 10.3552 9.39932 13.9679 8.20633 7.48003 7.44 5.39703 3.68157 3.67826 3.56298 8.85571 4.86138
threshold=0.13714733719825747 49.675325393676765 96.590469360351577 0.90910807251930248 88.493064880371108 83.457714080810561 94.474967956542983 0.59273442625999462 0.93918919563293468 87.20676422119142 0.95906403660774242 0.13921189308166507 72.871574401855483 0.37965516746044164 76.253131866455092 0.92144301533699047 0.54772728681564342 30.341388702392582 39.077413558959968 76.845378875732436 0.91250488162040722 79.205974578857436 4.5000000000000009 0.24283374845981601 87.226108551025405 2.5000000000000004 2.5000000000000004 4.5000000000000009 3.5000000000000004 96.824596405029311
decision_type=2 2 2 2 2 2 2 2 2 2 2 2 2 2 2 2 2 2 2 2 2 2 2 2 2 2 2 2 2 2
left_child=1 7 3 4 12 -5 8 25 -4 -6 -7 -2 -3 17 15 24 -17 18 22 21 -21 -19 -13 -20 -15 -1 -10 28 -8 -29
right_child=11 2 6 5 9 10 27 -9 26 -11 -12 13 -14 14 -16 16 -18 19 23 20 -22 -23 -24 -25 -26 -27 -28 29 -30 -31
leaf_value=-0.013518899961725245 -0.085669814552873841 0.017179321448418529 -0.29589024930451341 0.051354632801657266 -0.069139601462321496 0.006090122044071564 0.0045364908093586814 -0.075794566772336258 0.049430031941316184 0.040866702302840063 0.032171598552755247 0.0071918299024740749 -0.0035350420881939404 -0.0024573711625309786 0.039841328376751826 -0.019111513033027092 -0.15610680291097445 -0.011766435861925044 -0.0066927416375420091 0.027969467500952527 -0.0055825501119544842 -0.044975768333223497 -0.064783514292804614 0.08490372205849557 0.0080149696252078302 0.079562903155381989 -0.10102378351846393 -0.28038535640976603 -0.011264895430745133 0.005684160978782854
leaf_weight=30.89940811946872 1.7542817273933895 58.520463441847824 0.28705354768317137 21.214146163954865 6.6824139841482966 46.134515231038677 183.9661918032798 4.4246148121601427 0.56131600396474857 1.2734676919353658 30.768946964293718 34.097468837571796 56.281760394515004 366.92081883281935 11.360106469073797 5.812410906830336 1.4252971019013783 144.10362151431036 3.2336236021365021 36.343620454106713 211.73997357976623 21.3597275839129 4.0371327179018399 7.0511942290468141 185.08994415504276 1.1001114766113449 1.4703594260208772 0.14862880358123121 171.17172710719751 186.29291220824234
leaf_count=1284 167 6588 20 1557 445 3943 7536 340 44 148 3559 1112 4854 18516 494 179 135 15991 112 3563 10379 1701 39 233 13222 14 110 30 6358 27469
internal_value=5.36447e-05 0.00225785 0.00323566 0.0124808 0.00322917 0.0240558 -0.000518768 -0.0182725 -0.0887261 -0.0515313 0.0165253 -0.00165375 0.00702411 -0.00151101 0.00122825 0.000443894 -0.0460895 -0.00489447 0.0115804 -0.00682339 -0.000667264 -0.0160534 -0.000427865 0.0561051 0.00105402 -0.0103188 -0.0594561 -0.000141115 -0.00307957 0.00545611
internal_weight=1835.53 801.198 764.774 220.876 122.758 98.1176 543.898 36.4241 2.31873 7.95588 76.9035 1034.33 114.802 1032.57 570.609 559.248 7.23771 461.966 48.4194 413.547 248.084 165.463 38.1346 10.2848 552.011 31.9995 2.03168 541.579 355.138 186.442
internal_count=130142 64299 62661 21094 12035 9059 41567 1638 174 593 7502 65843 11442 65676 32546 32052 314 33130 1496 31634 13942 17692 1151 345 31738 1298 154 41393 13894 27499
is_linear=0
shrinkage=0.05


Tree=174
num_leaves=31
num_cat=0
split_feature=12 3 3 9 8 10 9 9 9 8 1 5 8 3 9 9 8 9 8 8 10 9 9 12 9 8 8 1 9 7
split_gain=3.3299 4.40397 13.7014 8.2937 5.80686 5.66843 3.82979 3.84119 3.7089 8.63952 4.63156 4.54641 4.41531 3.67357 3.40395 3.2221 5.75616 12.3145 5.40484 5.99169 7.33264 5.47467 9.22357 5.70611 4.57545 4.18263 8.94846 3.87654 3.3191 12.1194
threshold=1.5000000000000002 30.940170288085941 35.388994216918952 0.35857143998146063 82.131031036376967 1.0000000180025095e-35 0.080540537834167494 0.14087302237749103 0.12060606107115747 30.202253341674808 65.545505523681655 1.0000000180025095e-35 43.108610153198249 61.16780090332032 0.35857143998146063 0.41421568393707281 33.854293823242195 0.070197045803070082 85.254531860351577 86.121250152587905 1.0000000180025095e-35 0.61721614003181469 0.58578431606292736 4.5000000000000009 0.56385868787765514 90.632698059082045 90.175991058349624 72.377109527587905 0.053342817351222045 1.0000000180025095e-35
decision_type=2 2 2 2 2 2 2 2 2 2 2 2 2 2 2 2 2 2 2 2 2 2 2 2 2 2 2 2 2 2
left_child=1 5 3 -3 -5 -1 -7 -8 9 11 -11 -4 13 -10 -9 16 28 -18 21 20 -20 22 24 -24 -17 26 -19 -22 29 -2
right_child=15 2 8 4 -6 6 7 14 12 10 -12 -13 -14 -15 -16 18 17 25 19 -21 27 -23 23 -25 -26 -27 -28 -29 -30 -31
leaf_value=0.065093560578541265 -0.044886105516263264 -0.037947908551810093 -0.010597797728792921 -0.27635207522476685 -0.078514846469497745 -0.082932141405309745 0.063611310713066097 -0.007534860487205682 0.082379692770804397 -0.047377154979710887 0.0022550847564437463 0.012607259697966253 0.0078377677130215106 0.022097712374665242 0.040987661450474729 0.003135631774767879 -0.05011924806619722 -0.0061313169094224587 -0.071139653384793763 -0.00086333047354195569 -0.020890872860260798 0.0206481596942832 -0.05376914539451786 0.035000955674447977 0.029732777790341225 0.066348941310841097 -0.20253640526180627 0.050523104185961148 0.013241483004087284 4.7353173972521304e-05
leaf_weight=6.3241578974120811 15.423421448824227 3.7816631690948261 31.319377397361677 0.74186757579445817 0.74176112469285727 1.0255948590347568 3.5296244894852888 12.529677584243474 3.6674233088269821 13.765086331986824 7.1378602285112711 64.738961024966557 71.985728484200081 8.1293396619439573 5.0797425250639199 139.04770977480803 16.550655882281717 373.93929201035644 6.8560887994244721 339.69107414400787 8.857909713406114 58.699004374531796 10.37600962014403 2.1928720723080906 18.297558443533489 1.9842777357553121 0.5808405177667727 2.4192908016557331 42.978916272579227 555.24829867109656
leaf_count=1093 9013 81 1460 8 42 71 69 428 44 10078 2076 1293 5007 239 1419 6245 18116 19676 263 39866 215 4939 218 327 1525 51 15 901 1020 4109
internal_value=-0.000648762 0.0049141 0.002366 -0.0772535 -0.177441 0.02334 0.0114266 0.0160046 0.00445433 -0.00129778 -0.0304289 0.00504136 0.0124843 0.0408384 0.0064623 -0.00146757 -0.00318378 -0.00790788 0.00147856 -0.00235821 -0.0303618 0.00748386 0.00293609 -0.0382816 0.00622859 -0.00605232 -0.00643592 -0.00557048 -0.000157907 -0.00116705
internal_weight=1827.64 234.498 206.009 5.26529 1.48363 28.4888 22.1646 21.139 200.744 116.961 20.9029 96.0583 83.7825 11.7968 17.6094 1593.14 1006.71 393.055 586.438 357.824 18.1333 228.613 169.914 12.5689 157.345 376.504 374.52 11.2772 613.651 570.672
internal_count=129907 23408 20328 131 50 3080 1987 1916 20197 14907 12154 2753 5290 283 1847 106499 52000 37858 54499 41245 1379 13254 8315 545 7770 19742 19691 1116 14142 13122
is_linear=0
shrinkage=0.05


Tree=175
num_leaves=31
num_cat=0
split_feature=8 2 9 9 8 9 9 9 0 4 9 4 2 0 1 1 1 2 4 4 10 9 9 0 4 0 0 4 4 8
split_gain=3.53829 6.30257 5.66516 5.72902 4.83342 10.1708 8.81351 10.5511 5.38484 4.35164 2.67317 2.50107 2.08702 4.14315 4.21251 7.88632 3.33732 4.72415 3.02861 2.80922 1.54831 9.37383 1.10908 0.83406 0.422166 7.2307 1.73279 0.206608 0.422367 0.131249
threshold=97.793998718261733 96.051948547363295 0.95119047164917003 0.94281044602394115 91.809112548828139 0.77525252103805553 0.62828946113586437 0.63961037993431102 0.57139068841934215 0.57247900962829601 0.56385868787765514 0.59417229890823375 33.589742660522468 0.50397351384162914 37.089946746826179 95.861873626708999 30.0684928894043 30.877573013305668 0.35355392098426824 0.3483316451311112 2.5000000000000004 0.86811593174934398 0.90692642331123363 0.58425417542457592 0.2524509876966477 0.94849357008934032 0.94001582264900219 0.18808962404727939 0.18677325546741488 88.935966491699233
decision_type=2 2 2 2 2 2 2 2 2 2 2 2 2 2 2 2 2 2 2 2 2 2 2 2 2 2 2 2 2 2
left_child=2 12 3 4 5 10 9 -8 -7 -6 -1 23 16 -14 18 -16 17 22 -15 -18 24 -22 -2 -5 -3 26 -26 28 29 -4
right_child=1 20 27 11 6 8 7 -9 -10 -11 -12 -13 13 14 15 -17 19 -19 -20 -21 21 -23 -24 -25 25 -27 -28 -29 -30 -31
leaf_value=-0.0017426511365437808 0.038320666820172829 0.050396702429066367 0.092928782574030561 -0.092210510216800753 0.020568277377543083 0.0059859577142950867 -0.17260939936083558 -0.01446683769587355 0.049507365125311814 -0.084072025395530367 0.0048188011543622723 -0.22928772434806716 0.072548925241717896 -0.023221360026177376 -0.00012640377753463802 -0.44425544987357324 0.013426973030186036 -0.1262702655921914 -0.1099131167724329 0.070416031468129331 -0.51288953315262542 0.051679885486857861 0.0016327500713307738 0.05009290648790754 0.050611109468993581 -0.3447728717709802 -0.046340231133631032 0.052521626815696623 0.13849092824167622 0.051395822215952326
leaf_weight=1406.5676151442458 2.2185827250941719 8.2085747550008765 0.26441418772446856 0.49085822701454063 24.775972941017248 13.383355461759495 1.0644001348991867 116.10774232435506 15.156089262454769 1.0350696195382614 174.48260904269409 0.35129225562559441 1.346713147242556 2.2083036187104907 11.899084897158897 0.10079976223642084 5.5289471147116256 0.70905572734773059 1.8526796000078318 3.5514336349442601 0.088662161550019714 0.43058061506599188 28.80903411534382 0.13030319116660394 4.7795170048193549 0.12414842401631165 0.5100507879978976 2.5314483312249649 0.23101756631513126 0.67788288681185804
leaf_count=79428 139 6575 18 2 1240 644 45 12800 4600 42 16092 25 16 26 2471 23 36 4 27 34 15 366 1106 125 3044 5 165 565 2 358
internal_value=-0.000757768 0.0100774 -0.00120398 -0.00133447 -0.00126715 -0.000484539 -0.0100771 -0.0159034 0.0290983 0.016372 -0.00101854 -0.122661 0.00280537 -0.0116901 -0.0187536 -0.00385711 0.00898736 0.00133987 -0.0627714 0.035716 0.0400184 -0.0447219 0.00425606 -0.062359 0.0432484 0.0324099 0.0412625 0.0605603 0.077904 0.0630502
internal_weight=1829.62 72.3662 1757.25 1753.55 1752.57 1609.59 142.983 117.172 28.5394 25.811 1581.05 0.972454 58.2246 17.4076 16.0609 11.9999 40.8171 31.7367 4.06098 9.08038 14.1415 0.519243 31.0276 0.621161 13.6223 5.41372 5.28957 3.70476 1.17331 0.942297
internal_count=130038 14052 115986 115043 114891 100764 14127 12845 5244 1282 95520 152 3882 2563 2547 2494 1319 1249 53 70 10170 381 1245 127 9789 3214 3209 943 378 376
is_linear=0
shrinkage=0.05


Tree=176
num_leaves=31
num_cat=0
split_feature=12 8 0 4 2 2 1 11 8 4 1 0 9 8 8 9 9 13 1 9 2 12 8 0 9 1 1 1 0 8
split_gain=3.76654 5.56201 5.15003 6.02861 5.61518 7.39574 4.5573 4.53858 3.98904 3.78661 2.73294 2.55439 2.43301 2.1228 2.0021 15.5246 4.46721 7.14949 4.48272 4.3896 5.2536 4.61882 3.98829 5.46697 3.40616 3.14569 4.80798 3.45705 2.5258 2.13594
threshold=1.5000000000000002 88.784862518310561 0.82140633463859569 0.73401361703872692 93.643951416015639 72.595520019531264 42.462121963500984 1.0000000180025095e-35 88.247200012207045 0.36788399517536169 91.458969116210952 0.73414683341979992 0.17752101272344592 61.128803253173835 33.413078308105476 0.070197045803070082 0.16064515709877017 1.0000000180025095e-35 55.625879287719734 0.18898809701204303 64.075469970703139 3.5000000000000004 46.188034057617195 0.61842489242553722 0.28869047760963445 46.621006011962898 63.686313629150398 35.388994216918952 0.57937657833099376 62.173519134521491
decision_type=2 2 2 2 2 2 2 2 2 2 2 2 2 2 2 2 2 2 2 2 2 2 2 2 2 2 2 2 2 2
left_child=1 2 4 6 5 11 9 -7 -8 -4 -6 -1 -5 -12 19 -16 17 29 -19 20 -2 28 23 -18 -24 27 -27 -22 -21 -17
right_child=14 -3 3 12 10 7 8 -9 -10 -11 13 -13 -14 -15 15 16 22 18 -20 21 25 -23 24 -25 -26 26 -28 -29 -30 -31
leaf_value=0.011728534051297668 -0.024902058975230165 0.044941996669902021 0.012790007733293205 -0.086153514987519775 0.05357506130213753 -0.027914018047497241 -0.003096675346413575 0.072016581327895707 -0.14328965866434568 0.10556649715344496 -0.08579799236104689 0.047685068163793802 0.048599848239589405 0.057914948997338928 -0.050126418471578463 -0.050257943564025701 -0.0060176984746410688 -0.044396980660886418 -0.0013195877225824109 0.036600629232288351 0.065712965185952141 -0.017333407400925586 -0.0093108764287619574 0.025204577411076547 0.00027935643201229559 0.019583230706887042 0.0012526964522561754 -0.057944255258679113 0.10987244597763204 0.066825011920846875
leaf_weight=92.242552449810319 18.516516904172022 8.9449282901769021 3.0502271228469899 2.8845294460188593 10.025640651147112 16.849015868996506 92.819053506158525 1.2183849760913279 0.51019537629326706 1.7199566066556142 0.66250180738279485 5.218825998628744 0.37897902145050455 0.41976274421904236 16.398232044914039 12.470238972251533 23.525269016274251 6.7407337988261125 58.031767839100212 2.6587095856666556 0.6636305499705476 2.2937487362651154 106.16621967579704 34.701001827954315 723.83299269716372 38.345181878103176 533.23821763519663 3.8109252484282479 2.1092319330200553 0.4020906491205104
leaf_count=10540 2844 3347 282 173 730 2014 5506 40 37 133 24 580 26 55 18743 5993 1256 1042 1028 22 32 82 4922 1044 59144 1452 8755 290 39 10
internal_value=0.00038645 0.00626602 0.00474867 -0.00365072 0.0114717 0.00820705 -0.00142665 -0.0211751 -0.00386306 0.0462419 0.0454265 0.0136539 -0.0705051 -0.0300581 -0.000493105 -0.00188434 -0.0010653 -0.0125663 -0.00580256 0.00177831 0.00131287 0.0409673 -5.99364e-05 0.0125898 -0.000947342 0.00215551 0.00248242 -0.0396044 0.0690145 -0.0466006
internal_weight=1820.85 236.945 228 101.363 126.637 115.529 98.0994 18.0674 93.3292 4.77018 11.1079 97.4614 3.26351 1.08226 1583.9 982.269 965.87 77.6448 64.7725 601.636 594.574 7.06169 888.225 58.2263 829.999 576.058 571.583 4.47456 4.76794 12.8723
internal_count=130185 23487 20140 6157 13983 13174 5958 2054 5543 415 809 11120 199 79 106698 93182 74439 8073 2070 13516 13373 143 66366 2300 64066 10529 10207 322 61 6003
is_linear=0
shrinkage=0.05


Tree=177
num_leaves=31
num_cat=0
split_feature=8 2 3 0 3 2 8 12 2 8 4 4 4 13 0 13 10 4 10 12 11 8 4 8 8 4 5 3 0 5
split_gain=3.19621 4.51368 7.09581 8.08738 8.2172 2.52429 2.43362 4.37868 6.05494 10.6933 9.50598 7.52631 8.65201 7.32957 5.16658 5.05345 5.65447 3.03677 2.47023 6.79559 4.77056 5.9405 4.35087 2.74166 2.69908 2.44759 8.30756 14.6799 5.74653 5.65684
threshold=97.793998718261733 96.051948547363295 95.861873626708999 0.90816259384155285 97.100841522216811 18.677325248718265 91.684860229492202 5.5000000000000009 99.397590637207045 92.193038940429702 0.050641026347875602 0.5377492904663087 0.64346247911453258 1.0000000180025095e-35 0.64932122826576244 1.0000000180025095e-35 5.5000000000000009 0.039230769500136382 1.5000000000000002 2.5000000000000004 1.0000000180025095e-35 90.338954925537124 0.53907206654548656 76.961540222167983 89.485702514648452 0.13714733719825747 1.0000000180025095e-35 98.48450088500978 0.43343253433704382 1.0000000180025095e-35
decision_type=2 2 2 2 2 2 2 2 2 2 2 2 2 2 2 2 2 2 2 2 2 2 2 2 2 2 2 2 2 2
left_child=6 2 -2 5 -5 -4 18 8 9 10 -8 13 -13 -10 -9 16 -16 -11 25 22 21 -21 -20 -24 -22 26 28 -28 -1 -27
right_child=1 -3 3 4 -6 -7 7 14 11 17 -12 12 -14 -15 15 -17 -18 -19 19 20 24 -23 23 -25 -26 29 27 -29 -30 -31
leaf_value=0.045494921812517901 0.0068879619931713244 0.035967201946106357 -0.1421873920566788 -0.41289642849584696 -0.071435266984277185 0.051015207111394872 -0.27826105774455362 -0.2722099814434461 -0.025380001692523031 0.045618342569446836 -0.040827081162626108 -0.16904343754453915 -0.0082430603215376402 0.019635700622260804 0.0012694877150255209 0.05049205248638048 -0.32880078301494814 0.0041718026644660773 0.064094726241998898 0.050175139839113904 -0.00698000267219196 -0.11116545406153165 0.030984624216964587 -0.036271431657656783 0.029226798945257579 0.0020746709160234466 0.01635093294897105 -0.001142745399368158 -0.019906911941748512 -0.0063215988622376722
leaf_weight=3.5671035710256538 57.001809910259908 13.584114646087981 0.22799186408519634 0.32102981940261088 0.39051549808937125 0.65411991823930293 0.44652919220970844 0.15486231283284979 49.140904310363112 4.8014249439875121 7.5363407262484543 1.7919768362480675 1.5689545242348684 11.081711817154426 11.736054972541751 7.2990877705451558 0.13120419322513122 55.564677062095143 7.9394592980679572 7.3767670046072444 53.077714501268929 0.61835022165905673 4.90960190052283 2.1917159312579315 5.7000155276618889 368.53267344163032 159.7534349780617 480.99008275030064 57.476458063087193 440.24474021498463
leaf_count=143 3623 10059 1 37 29 204 56 24 2011 458 270 156 128 1359 3667 4762 16 2636 722 903 4067 122 384 368 993 20150 11780 26083 5902 29069
internal_value=-0.000311475 0.00999885 0.00397864 -0.100082 -0.225493 0.00107979 -0.000738282 -0.0067992 -0.0100548 0.000276514 -0.0541082 -0.0211604 -0.0939784 -0.0170966 0.0154312 0.0177553 -0.00237976 0.0074684 -0.000162579 0.00829941 0.0014602 0.0376969 0.0386618 0.010227 -0.00346882 -0.000620888 0.00153975 0.00321887 -0.0160851 -0.0024957
internal_weight=1815.81 72.1796 58.5955 1.59366 0.711545 0.882112 1743.63 151.254 131.933 68.349 7.98287 63.5835 3.36093 60.2226 19.3212 19.1663 11.8673 60.3661 1592.38 81.8136 66.7728 7.99512 15.0408 7.10132 58.7777 1510.56 701.787 640.744 61.0436 808.777
internal_count=130182 13953 3894 271 66 205 116229 15543 7074 3420 326 3654 284 3370 8469 8445 3683 3094 100686 7559 6085 1025 1474 752 5060 93127 43908 37863 6045 49219
is_linear=0
shrinkage=0.05


Tree=178
num_leaves=31
num_cat=0
split_feature=1 3 2 0 0 0 2 3 0 3 1 1 2 2 1 0 1 3 2 3 4 8 0 0 3 4 8 0 8 8
split_gain=3.33231 9.42696 14.4561 15.165 11.9448 9.17343 7.59086 11.1552 9.18818 7.32856 5.71302 6.98671 5.25244 4.74263 4.20028 13.9459 9.08045 6.46319 12.4468 9.22424 8.96661 6.87641 5.95408 5.22625 4.17135 4.87685 11.5384 39.1774 7.20234 5.85942
threshold=73.20508193969728 89.417694091796889 93.44086074829103 0.91683709621429454 0.93045547604560863 0.95906403660774242 88.303691864013686 91.734970092773452 0.82954803109169017 96.590469360351577 90.787876129150405 91.715686798095717 92.422504425048842 94.474967956542983 64.326763153076186 0.8946807086467744 62.563131332397468 87.026645660400405 87.226108551025405 79.277816772460952 0.35067567229270941 93.002056121826186 0.89336994290351879 0.8857233226299287 70.087718963623061 0.36055555939674383 98.219570159912124 0.78994339704513561 75.766986846923842 80.565547943115249
decision_type=2 2 2 2 2 2 2 2 2 2 2 2 2 2 2 2 2 2 2 2 2 2 2 2 2 2 2 2 2 2
left_child=14 4 5 10 -2 6 8 -8 -3 -5 -4 -12 -7 -11 15 17 -17 19 23 22 -21 -20 -1 -19 -16 26 28 -28 -26 -27
right_child=1 2 3 9 -6 12 7 -9 -10 13 11 -13 -14 -15 24 16 -18 18 21 20 -22 -23 -24 -25 25 29 27 -29 -30 -31
leaf_value=-0.0023193591280044339 0.0056206140347362056 0.052068563950688575 0.042941346084634124 0.030724493171887208 0.045208601072988762 0.03129402222994191 0.0011693027939519783 -0.10491772509690032 -0.035563943320212225 -0.099678323549522524 -0.079873321859371404 0.030093978222121839 -0.052699062122131483 4.5685993368688726e-05 0.030002002127956819 0.025923978305248469 0.11751380235185334 0.044012216076100279 0.003827315466378817 -0.00076338869584922529 -0.056323380238200937 -0.057573080685781347 0.17751808197630847 -0.10436521339244874 -0.028005200380081804 0.0049679099477260291 -1.3475319096501526 -0.075451796786174585 0.023644080366738846 -0.030929398554871253
leaf_weight=601.74649396896712 63.3606435599213 3.5007687387405921 29.801983844838105 19.766451168921776 27.248614523938159 8.6890962768811715 3.5895500457845619 8.0016652219492226 20.547614495066227 1.1940838299633458 2.2600872742186757 4.0020645970362239 2.3686859928129698 768.07500923241605 6.0864272315811823 15.247861464828022 3.2900707583175963 24.801858232036469 57.822755784756737 13.375440164381873 15.887363831745459 4.9503323855460613 0.46060301992110808 0.60801314160926168 49.551391829940258 50.85153065333725 0.071517788106574609 0.3938405184308067 7.8141171853931146 14.640467697841812
leaf_count=38701 4883 230 3356 2347 2955 829 412 634 1155 61 205 441 399 52007 507 997 197 3186 2947 1541 2091 1499 21 69 3857 2052 12 130 683 2155
internal_value=0.000150334 0.00217614 0.00058079 0.00211251 0.0175258 -0.0264834 -0.0388274 -0.0720649 -0.0228071 0.000663316 0.033819 -0.00959457 0.0133019 -0.000109109 -0.00209684 -0.000640211 0.0421791 -0.00174322 0.0109367 -0.00351393 -0.030928 -0.00101477 -0.00218181 0.0404618 -0.0104059 -0.0124002 -0.0229813 -0.270949 -0.0209697 -0.00305679
internal_weight=1830.01 962.406 871.797 825.1 90.6093 46.6974 35.6396 11.5912 24.0484 789.036 36.0641 6.26215 11.0578 769.269 867.6 738.191 18.5379 719.653 88.183 631.47 29.2628 62.7731 602.207 25.4099 129.409 123.323 57.8309 0.465358 57.3655 65.492
internal_count=130559 69914 62076 58417 7838 3659 2431 1046 1385 54415 4002 646 1228 52068 60645 51249 1194 50055 7701 42354 3632 4446 38722 3255 9396 8889 4682 142 4540 4207
is_linear=0
shrinkage=0.05


Tree=179
num_leaves=31
num_cat=0
split_feature=13 8 8 9 12 0 4 4 3 0 0 0 0 4 8 8 9 9 9 12 0 0 11 4 9 9 0 0 4 8
split_gain=3.3109 4.58656 4.94015 13.1251 2.71505 5.49492 5.67095 8.15107 3.59995 3.22186 3.35437 3.20399 5.15906 4.39731 4.0647 13.9087 20.642 8.44386 5.42143 3.90615 3.81287 3.03771 5.38031 3.67394 2.35771 9.04241 5.77779 8.45509 3.62256 3.11877
threshold=1.0000000180025095e-35 96.313285827636733 96.162029266357436 0.76696833968162548 5.5000000000000009 0.98474359512329113 0.26006440818309789 0.25866188108921057 61.16780090332032 0.7759331762790681 0.69718578457832348 0.99772727489471447 0.97654297947883617 0.053342817351222045 92.193038940429702 94.03479385375978 0.72474747896194469 0.70777988433837902 0.57518798112869274 2.5000000000000004 0.98474359512329113 0.8946807086467744 1.0000000180025095e-35 0.51389962434768688 0.64852941036224376 0.62828946113586437 0.910354644060135 0.90715405344963085 0.93513324856758129 75.079616546630874
decision_type=2 2 2 2 2 2 2 2 2 2 2 2 2 2 2 2 2 2 2 2 2 2 2 2 2 2 2 2 2 2
left_child=4 2 24 -4 11 6 7 8 -6 10 -8 12 21 -14 18 16 -16 -17 19 -13 -15 22 -1 -23 25 29 27 -26 -27 -2
right_child=1 -3 3 -5 5 -7 9 -9 -10 -11 -12 14 13 20 15 17 -18 -19 -20 -21 -22 23 -24 -25 26 28 -28 -29 -30 -31
leaf_value=-0.010168791884419827 0.0033418575194936562 0.024702762298828371 0.061905493424955563 -0.26000797794354091 -0.14959923207015477 0.021873069533880497 -0.023541717968115345 -0.13046549059035459 -0.01044691752132103 0.028325770355224846 -0.26577341579007879 -0.021500218720288202 0.063723282355858266 0.022785028894512328 -0.14311956768726139 0.024561363483526919 0.011670463882227941 -0.038524300726424328 0.027003396589425518 -0.0035758264706714522 -0.084827695174555989 0.0032125684071865447 0.0010805454564503825 0.075974646193127895 0.0041365773547394581 -0.07420690236029838 0.034585638994860397 -0.24750664592906998 0.051646770960188694 -0.0048630835781574263
leaf_weight=179.3759828415059 592.3743233832065 22.780146283141221 0.64265315118245669 0.62417151994304731 0.47950612602290021 34.309317700972315 1.4859435503603879 1.6850506909540861 15.143642734299647 10.730612605751956 0.15812740311957885 37.092796347569674 5.7262399570899998 3.6485965142201167 5.0660049295984226 12.240198158775458 3.7467086035758257 9.3604968209692725 12.57833542319713 168.3241675667814 1.0629168433661105 206.76909172070737 260.87111986827222 1.7495270450017404 58.396130705019459 5.2438939102285067 18.737812341074459 0.33572008812916365 0.64174609130714078 143.96371151239146
leaf_count=29155 22353 3819 88 73 15 11020 131 27 3709 3273 79 1634 306 157 87 430 306 832 1329 6344 101 9197 11562 60 4083 394 8537 100 52 11054
internal_value=0.000280806 0.00257222 0.00195814 -0.0967031 -0.00170906 0.00824501 -0.00750715 -0.0259865 -0.0147178 0.0183395 -0.0468397 -0.00241088 -0.000587241 0.0342855 -0.00725028 -0.0243738 -0.0773109 -0.00277633 -0.00486131 -0.00681249 -0.00149239 -0.00114829 -0.00350293 0.00382306 0.00211062 0.00124428 0.0104109 0.00269815 -0.0604843 0.00173768
internal_weight=1815.34 843.74 820.96 1.26682 971.604 63.9922 29.6829 17.3082 15.6231 12.3747 1.64407 907.612 659.203 10.4378 248.409 30.4134 8.81271 21.6007 217.995 205.417 4.71151 648.766 440.247 208.519 819.693 742.224 77.4697 58.7319 5.88564 736.338
internal_count=130307 50553 46734 161 79754 18254 7234 3751 3724 3483 210 61500 50538 564 10962 1655 393 1262 9307 7978 258 49974 40717 9257 46573 33853 12720 4183 446 33407
is_linear=0
shrinkage=0.05


Tree=180
num_leaves=31
num_cat=0
split_feature=9 2 12 2 0 4 10 4 3 3 1 3 4 0 12 11 9 2 10 3 0 9 1 2 0 9 4 1 9 4
split_gain=2.36475 5.26761 3.37937 2.49931 5.65772 6.54859 4.2355 2.47222 8.54965 10.4334 10.9685 7.31644 6.38223 9.94929 6.36028 14.2712 6.1858 6.12153 11.7482 10.744 16.7651 8.13293 8.96819 6.93 6.22829 5.74235 5.42221 6.02534 5.25644 4.56583
threshold=0.8834841549396516 96.051948547363295 3.5000000000000004 12.70161294937134 0.39541377127170568 0.34654632210731512 5.5000000000000009 0.13714733719825747 54.692083358764656 96.922348022460952 91.010101318359389 90.787876129150405 1.0000000180025095e-35 0.43343253433704382 2.5000000000000004 1.0000000180025095e-35 0.83666664361953746 30.341388702392582 1.0000000180025095e-35 90.070423126220717 0.83714976906776439 0.22902098298072818 29.568912506103519 82.446311950683608 0.93548589944839489 0.64852941036224376 0.66410258412361156 74.352157592773452 0.3717105239629746 0.080540537834167494
decision_type=2 2 2 2 2 2 2 2 2 2 2 2 2 2 2 2 2 2 2 2 2 2 2 2 2 2 2 2 2 2
left_child=7 2 -2 -4 5 -5 -6 8 12 10 11 -10 25 29 15 -11 -16 18 -9 26 23 -20 -23 -21 -22 -1 27 -19 -12 -14
right_child=1 -3 3 4 6 -7 -8 17 9 14 28 -13 13 -15 16 -17 -18 19 21 20 24 22 -24 -25 -26 -27 -28 -29 -30 -31
leaf_value=-0.018885748701147738 0.034440286472010445 0.044577372748204419 0.025678097656515561 0.0084645832532737383 0.0016146082502214384 -0.13047991997841402 -0.15033604478580953 0.06166968444396842 0.010867578179330848 -0.013701047081570447 0.051657637033193364 -0.02099493969287388 -0.059597224312759878 -0.048124516931915134 0.0015430899804269238 -0.22830294450949401 -0.072449576436464269 -0.016648654139270365 -0.019579363645839832 0.060941804357445499 0.0016666303343328135 0.0035741336117508064 0.049289560012480194 0.016733733983972314 -0.011715325768087894 0.063173905496838864 0.034603202570207874 0.0088158824992287717 0.013406583687628128 0.084201550091862212
leaf_weight=5.4587552157463488 7.9600150342739644 9.0483420179371006 7.9807947478257111 1.57004927098751 46.081544430024223 1.8440035665407775 0.46321531746070732 8.612208037520757 149.6708479738154 55.016021239367547 23.128690581244882 20.482488021239988 0.72983631060924681 21.411591404495994 479.50765387978754 0.78576677665114303 2.8413494389678808 217.99780258191458 36.632266937027453 12.907315945019944 250.38246979794349 230.47130272971117 11.251761301420627 28.30463399378641 133.20941695279907 3.498098119860515 5.8926517384243189 26.000712394015864 14.683267922082448 2.2656236067414284
leaf_count=379 1256 11631 754 15 2853 25 12 1004 12928 2563 793 1263 39 1687 31508 59 1190 25343 3575 1225 11887 4338 133 2708 5433 33 457 1495 3519 79
internal_value=0.000108244 0.00880448 0.00389269 -0.000304081 -0.00445467 -0.0665823 0.000102389 -0.000266089 0.00182661 0.00293393 0.0124451 0.00703208 -0.0229366 -0.0361842 -0.000741616 -0.0167229 0.00110723 -0.00196233 0.0041545 -0.004564 0.000275282 0.002375 0.0057021 0.0305794 -0.0029805 0.0131626 -0.0127906 -0.0139351 0.0368039 0.0491653
internal_weight=1816.09 74.948 65.8996 57.9396 49.9588 3.41405 46.5448 1741.14 779.48 746.116 207.965 170.153 33.3639 24.4071 538.151 55.8018 482.349 961.663 286.968 674.695 424.804 278.355 241.723 41.2119 383.592 8.95685 249.891 243.999 37.812 2.99546
internal_count=130184 16546 4915 3659 2905 40 2865 113638 56040 53823 18503 14191 2217 1805 35320 2622 32698 57598 9050 48548 21253 8046 4471 3933 17320 412 27295 26838 4312 118
is_linear=0
shrinkage=0.05


Tree=181
num_leaves=31
num_cat=0
split_feature=2 0 3 1 2 12 9 8 12 0 2 3 3 0 9 0 2 8 12 12 8 1 1 10 9 8 0 12 12 1
split_gain=3.68245 9.82705 10.4486 9.74515 8.8592 7.06506 5.61056 8.05249 7.5683 9.11806 11.7263 8.45201 7.78388 6.93638 5.56662 7.71183 7.26718 22.7778 5.70099 5.12263 4.76854 4.73282 4.41388 6.28627 11.8231 28.3259 5.7829 7.90733 5.46295 5.27908
threshold=93.063350677490249 0.93548589944839489 98.437118530273452 80.901721954345717 97.467948913574233 2.5000000000000004 0.1695402339100838 47.83648872375489 2.5000000000000004 0.92000734806060802 83.795948028564467 88.493064880371108 92.40384674072267 0.96002480387687694 0.3717105239629746 0.93918919563293468 92.718276977539077 84.515426635742202 4.5000000000000009 3.5000000000000004 84.237243652343764 75.716625213623061 73.20508193969728 2.5000000000000004 0.76330533623695385 88.473194122314467 0.91582748293876659 3.5000000000000004 4.5000000000000009 90.787876129150405
decision_type=2 2 2 2 2 2 2 2 2 2 2 2 2 2 2 2 2 2 2 2 2 2 2 2 2 2 2 2 2 2
left_child=6 22 -3 20 -5 -6 8 19 9 10 11 -1 21 -14 15 18 -16 -18 -9 -8 -4 -11 23 -2 25 -25 29 -28 -29 -24
right_child=1 2 3 4 5 -7 7 14 -10 12 -12 -13 13 -15 16 -17 17 -19 -20 -21 -22 -23 26 24 -26 -27 27 28 -30 -31
leaf_value=-0.0077861334437895908 0.0040600125891071398 0.027898192624459424 -0.055654766631286857 -0.12556336557515121 -0.01713207002680954 -0.00011846357022759059 0.024194630868110762 -0.010644126789910962 -0.027807242895433522 -0.038270639617498742 -0.049425038626706608 0.036274765720500222 -0.087480043032607702 0.050685399974703706 0.0011418825820691087 0.052514386348859257 -0.53752251487291403 0.050820496954223561 -0.055609956495284107 -0.0099591737890168189 -0.20844320531319338 0.048261251304219169 0.040670659314425928 -0.05480377449203553 0.050312045322144665 -0.79610428844814429 -0.0047558904897583611 0.033559640271706173 0.00065407958358909947 0.0013196597701930215
leaf_weight=146.10677262174431 122.62315736533492 29.502598592967843 1.6205581325339147 1.4509512771910511 68.056302304699784 590.07997456347221 50.288456290843897 117.79975121712778 43.819217121723341 1.7524835715012219 16.000149316270836 11.760188787302466 2.5289506687840908 1.417587795644067 413.20623492375307 4.6098613261128767 0.2550328993529537 0.46347297201282345 7.4976053963182485 14.045075708418151 0.74564453150378529 16.072400214325171 33.561358392325928 0.47408668574644142 0.60802501990110613 0.17696796957170591 51.768841065990273 36.985643190855626 19.140987190097803 11.42400991998147
leaf_count=29830 7631 3672 68 140 3065 43589 1925 4453 3824 134 1194 805 151 44 17205 198 54 157 153 417 23 370 3776 75 293 13 1851 1126 2547 1417
internal_value=-0.000135537 0.00197122 -0.00121567 -0.00251324 -0.00214988 -0.0018778 -0.00254203 1.05256e-05 -0.00902491 -0.00481803 -0.00863773 -0.00450385 0.0256861 -0.0378513 -0.00196831 -0.0109981 0.000865619 -0.158011 -0.0133348 0.0167383 -0.103802 0.0397537 0.00993323 0.00291871 -0.108234 -0.256302 0.0156172 0.00933809 0.0223378 0.0306775
internal_weight=1815.84 968.219 691.456 661.953 659.587 658.136 847.623 608.165 239.458 195.639 173.867 157.867 21.7714 3.94654 543.832 129.907 413.925 0.718506 125.297 64.3335 2.3662 17.8249 276.763 123.882 1.25908 0.651055 152.881 107.895 56.1266 44.9854
internal_count=130200 69286 50557 46885 46794 46654 60914 24562 36352 32528 31829 30635 699 195 22220 4804 17416 211 4606 2342 91 504 18729 8012 381 88 10717 5524 3673 5193
is_linear=0
shrinkage=0.05


Tree=182
num_leaves=31
num_cat=0
split_feature=12 10 4 3 10 8 9 8 4 10 8 9 3 0 0 9 8 5 3 4 1 1 0 3 2 2 3 1 8 4
split_gain=2.75715 4.08139 3.18312 4.64541 13.5466 8.94385 4.43111 7.8936 6.17427 4.33756 3.79732 3.99992 2.13226 14.4715 10.9947 9.33877 10.2117 6.56768 5.21231 15.6459 4.94922 4.08508 3.8042 3.79452 9.37153 5.10299 3.64562 4.90029 16.4678 3.84741
threshold=1.5000000000000002 1.5000000000000002 0.92153847217559826 39.077413558959968 1.0000000180025095e-35 70.632461547851577 0.12060606107115747 30.202253341674808 0.89039039611816417 1.0000000180025095e-35 37.981754302978523 0.35857143998146063 92.63776016235353 0.84857577085495006 0.93548589944839489 0.19139194488525393 1.0000000180025095e-35 1.0000000180025095e-35 89.927536010742202 0.030776515603065494 90.521114349365249 42.94755935668946 0.85333719849586498 95.488464355468764 94.474967956542983 93.44086074829103 83.935482025146499 96.178188323974624 95.416343688964858 0.23466833680868152
decision_type=2 2 2 2 2 2 2 2 2 2 2 2 2 2 2 2 2 2 2 2 2 2 2 2 2 2 2 2 2 2
left_child=1 2 3 4 -1 -6 7 -5 -8 -4 -11 -12 14 -14 15 16 17 -2 -17 -20 -18 22 -15 25 -25 -23 29 -28 -29 -16
right_child=12 -3 9 6 5 -7 8 -9 -10 10 11 -13 13 21 26 18 20 -19 19 -21 -22 23 -24 24 -26 -27 27 28 -30 -31
leaf_value=0.06600837737244275 -0.059415338951855572 0.051094359781094001 0.064785837626068918 0.0043322546612318052 -0.028216002246886147 -0.13923014779825058 0.014791273768681633 -0.030420024420481386 -0.1863541228986223 0.056729021226649835 -0.015271645428689366 0.050353992766131443 0.035085934978458508 0.042582066804481573 0.067247860944854881 -0.00046765597259790996 -0.035270205766505254 -0.00034997815832763033 -0.36665681666382627 -0.026863888798678293 0.10570455095660712 -0.00024431164204179163 -0.12271306814578647 -0.050224447915280093 0.00010099573788798587 0.045078357640460365 0.022848997538427424 0.013995622529696918 -0.3653157982888332 -0.11635509470921107
leaf_weight=3.1786254563485246 5.0543904704973093 4.7878908419079371 4.7561847558536128 93.807811103062704 8.8163640309357998 2.2843924397602686 76.972201502794633 19.786351605085656 0.38341011654119839 3.5795903851976645 10.752795659296678 2.9613637781003481 30.316927073552506 0.48227971384767343 6.2321014610351986 490.47418574962649 50.447387915715808 68.351673574652523 0.3592949565500011 5.9320876387064345 0.63035761052742501 14.487645755172709 1.2509492252138441 9.3499427944479958 871.6883260558825 10.870659882901235 25.091567451541781 1.4019256058672898 0.35952511246432539 0.29902167091495346
leaf_count=135 33 1526 1046 2757 225 70 4509 12083 11 109 325 686 5393 97 724 13896 21447 923 94 524 16 1324 51 666 57292 1206 2858 228 109 30
internal_value=0.00031751 0.00540921 0.0044468 0.00250726 -0.0250013 -0.0510613 0.00456437 -0.00172106 0.0137943 0.0224991 0.0108693 -0.00110079 -0.000424208 0.00110359 -0.00261437 -0.00411648 -0.0163627 -0.00441694 -0.00104772 -0.0462691 -0.0335304 -3.08747e-05 -0.0767189 0.00011577 -0.000433079 0.0191847 0.0253384 0.0171898 -0.0634246 0.0588418
internal_weight=1825.15 232.067 227.279 205.229 14.2794 11.1008 190.95 113.594 77.3556 22.0499 17.2937 13.7142 1593.08 938.447 654.634 621.249 124.484 73.4061 496.766 6.29138 51.0777 908.13 1.73323 906.397 881.038 25.3583 33.3841 26.853 1.76145 6.53112
internal_count=130393 23482 21956 19790 430 295 19360 14840 4520 2166 1120 1011 106911 66029 40882 36933 22419 956 14514 618 21463 60636 148 60488 57958 2530 3949 3195 337 754
is_linear=0
shrinkage=0.05


Tree=183
num_leaves=31
num_cat=0
split_feature=0 10 0 8 9 9 12 8 2 2 9 8 13 3 2 9 9 8 9 9 12 3 9 9 0 8 3 8 1 0
split_gain=4.13441 6.21608 5.56751 5.75983 6.48347 5.79935 7.38871 6.22608 5.58049 6.68456 6.0194 5.02905 4.12398 4.10292 7.52774 6.63271 9.62854 6.60929 4.55433 8.98915 22.0266 3.86745 3.5329 5.15936 4.02125 3.46673 3.22164 2.71143 2.66239 4.90115
threshold=0.42252655327320104 1.0000000180025095e-35 0.39541377127170568 54.576482772827156 0.35857143998146063 0.23205128312110904 3.5000000000000004 37.688747406005866 25.866189002990726 24.316333770751957 0.54006412625312816 76.961540222167983 1.0000000180025095e-35 39.077413558959968 32.071428298950202 0.3717105239629746 0.43167701363563543 77.976760864257827 0.64852941036224376 0.62828946113586437 7.5000000000000009 37.617923736572273 0.6885775923728944 0.70294117927551281 0.43343253433704382 58.359212875366218 40.370370864868171 70.632461547851577 57.804552078247077 0.90715405344963085
decision_type=2 2 2 2 2 2 2 2 2 2 2 2 2 2 2 2 2 2 2 2 2 2 2 2 2 2 2 2 2 2
left_child=1 -1 3 5 27 7 -7 -3 9 11 21 -4 28 14 15 17 -17 -14 19 26 -21 -10 24 -24 -20 -6 -15 -5 29 -2
right_child=12 2 8 4 25 6 -8 -9 10 -11 -12 -13 13 18 -16 16 -18 -19 22 20 -22 -23 23 -25 -26 -27 -28 -29 -30 -31
leaf_value=0.057929747699257517 -0.0083031764449777515 0.028247124492476634 -0.01630604569855041 -0.02311686399293424 0.043828844573318371 0.046910395481343542 -0.0016626783085293463 -0.022153997049717294 0.18156866258086482 -0.094937197985785024 0.035652328948495064 0.043865596086216464 -0.044203208489823752 0.035530790420819205 -0.055288798818707498 0.05839105030295319 -0.0052175495551371404 0.087907392441339577 -0.19224815145397334 -0.039310157346648208 -0.50342575195756212 0.045028338679456777 -0.053981893908817094 0.013466457592861199 0.03753907035275128 -0.0004215159474013643 0.0025478772693554685 -0.081361515796974676 -0.00083431852100363749 0.060723654441347766
leaf_weight=5.9486997414787757 200.08857766768779 10.083845309651226 5.5613616569899085 17.399100718786944 4.6572844275506204 21.405430351092946 12.344176435377447 15.616832019237334 1.4301172572886556 1.350493132136761 5.817822197364876 9.2451577262836491 11.876551665482109 7.4904695266741319 7.9884362113662055 7.5281971944496027 28.367199696192984 1.0287170195952047 0.1924386471509959 4.7108202749222974 0.27031259774230409 0.81368276575813059 3.0351716239820226 43.047557804529788 17.904205510014435 89.188614800164942 637.83305756971822 2.2573804119601837 635.03597699300735 2.6050747043627771
leaf_count=1171 24830 228 251 371 80 452 109 1080 82 43 77 113 688 255 236 72 249 9 1 291 104 50 493 10319 4332 3468 30833 23 49552 218
internal_value=0.000850614 0.00757241 0.00605311 0.00290906 -0.00369461 0.0155168 0.0291444 -0.00237876 0.0285058 0.0115522 0.062484 0.021265 2.05723e-06 0.0026402 -0.0102951 -0.00292983 0.00812283 -0.0336723 0.00366833 0.00241425 -0.0644965 0.132054 0.0163754 0.00902407 0.0350955 0.00177449 0.00293072 -0.0298058 -0.0024268 -0.00741602
internal_weight=1812.12 203.12 197.171 172.953 113.502 59.4503 33.7496 25.7007 24.2186 16.157 8.06162 14.8065 1609 771.273 56.7891 48.8007 35.8954 12.9053 714.484 650.305 4.98113 2.2438 64.1794 46.0827 18.0966 93.8459 645.324 19.6565 837.73 202.694
internal_count=130080 7598 6427 5811 3942 1869 561 1308 616 407 209 364 122482 47882 1254 1018 321 697 46628 31483 395 132 15145 10812 4333 3548 31088 394 74600 25048
is_linear=0
shrinkage=0.05


Tree=184
num_leaves=31
num_cat=0
split_feature=13 8 3 3 1 12 1 8 4 4 8 8 5 4 3 4 4 1 8 2 8 10 10 3 10 1 10 8 4 1
split_gain=3.54698 3.44341 3.24174 4.10474 3.46065 2.97417 4.03391 3.78479 4.06866 3.9237 3.77067 7.23576 3.07581 7.30318 6.872 6.74418 5.18189 5.02124 2.76713 3.91187 11.2706 7.95229 7.28629 5.76144 7.00636 5.16262 5.03247 5.68371 4.18564 3.35006
threshold=1.0000000180025095e-35 96.313285827636733 41.444372177124031 30.940170288085941 26.766168594360355 2.5000000000000004 84.561214447021499 96.162029266357436 0.60172414779663097 0.71563342213630687 91.159626007080092 90.793510437011733 1.0000000180025095e-35 0.091966174542903914 85.880397796630874 0.81892696022987377 0.10471491143107416 72.850124359130874 27.127161979675297 30.341388702392582 42.194667816162116 1.0000000180025095e-35 1.0000000180025095e-35 43.557312011718757 1.0000000180025095e-35 68.614070892333999 2.5000000000000004 75.766986846923842 0.8760964870452882 32.200460433959968
decision_type=2 2 2 2 2 2 2 2 2 2 2 2 2 2 2 2 2 2 2 2 2 2 2 2 2 2 2 2 2 2
left_child=18 5 3 -3 -5 12 7 8 -7 -9 11 -8 13 17 -15 16 -14 -2 -1 22 21 -21 -20 24 -22 -23 29 -28 -25 -24
right_child=1 2 -4 4 -6 6 10 9 -10 -11 -12 -13 15 14 -16 -17 -18 -19 19 20 23 25 26 28 -26 -27 27 -29 -30 -31
leaf_value=0.0013093328805967952 -0.010836152619395682 0.053125280087577997 0.039383290459209144 -0.067060685594839742 0.0057286868410293384 -0.0064742444016133412 0.0037253343829562191 -0.02745626150584618 0.0092968849076085856 -0.24700792201072588 0.032844663396081775 -0.12139438170436712 0.02642584226566827 -0.00037663792282022706 0.033370929254001792 -0.10389996101106358 0.0054946841041500424 -0.07171852950033368 0.063712767162802053 -0.049884725232510675 0.1448638522941374 -0.021922808931701634 0.0012638606652384137 -0.0026163674556447056 -0.032379976192542639 0.078826303711913487 0.017517064381495803 -0.068016168421254686 -0.15402649417616276 0.074553314073481175
leaf_weight=402.77480803715298 9.8363430000899807 2.7573780489328801 12.155331556947202 2.4418759910622612 4.9289396107196808 238.4688271364721 262.13135482210782 0.55613364471355353 49.359065740194637 0.32093424163758755 11.161678129981736 1.1606228953751259 46.37375368681387 86.617105126279057 18.265823310153792 1.2440894485916931 81.600217893515946 5.1648951645474872 4.6167415919189798 23.262150632173874 0.57109195925295608 3.2191111703577908 179.44319833020563 320.76736750945565 23.528204285015818 2.1016894949134439 3.0175494343275187 5.4503072841325775 0.45709947647992422 1.5728946510935191
leaf_count=4530 468 209 3492 59 41 10114 17200 51 1265 6 4489 385 2312 3896 1665 33 4309 452 742 28085 20 880 6283 37257 1254 172 71 353 19 25
internal_value=0.000194133 0.00258446 0.0219752 0.00108301 -0.0183857 0.0020525 4.02601e-05 -0.0040857 -0.00376968 -0.107794 0.00438047 0.00317379 0.00660167 0.00083345 0.00550065 0.0119532 0.0130795 -0.0317978 -0.00186074 -0.00410865 -0.00709827 -0.0372715 0.00165044 -0.00460079 -0.0281797 0.0178726 0.000138298 -0.0375361 -0.00283182 0.00190069
internal_weight=1805.33 834.544 22.2835 10.1282 7.37082 812.261 563.159 288.705 287.828 0.877068 274.454 263.292 249.102 119.884 104.883 129.218 127.974 15.0012 970.782 568.007 373.907 28.583 194.101 345.324 24.0993 5.3208 189.484 8.46786 321.224 181.016
internal_count=130137 50446 3801 309 100 46645 33510 11436 11379 57 22074 17585 13135 6481 5561 6654 6621 920 79691 75161 67687 29137 7474 38550 1274 1052 6732 424 37276 6308
is_linear=0
shrinkage=0.05


Tree=185
num_leaves=31
num_cat=0
split_feature=9 8 4 9 11 3 8 10 9 3 8 4 2 3 0 4 4 2 4 8 9 8 1 0 1 0 9 9 4 4
split_gain=1.62036 12.7136 5.07645 6.26751 5.80351 13.4205 11.8346 6.66216 9.42963 8.88584 5.1116 4.92459 5.6945 6.49916 6.06612 8.20421 5.58599 6.64102 4.52817 4.23428 6.70125 5.94408 7.45002 6.15525 5.84054 5.86285 5.27846 5.59857 4.6922 4.2565
threshold=0.33974359929561621 69.789379119873061 0.76043477654457103 0.47493734955787664 1.0000000180025095e-35 35.388994216918952 76.961540222167983 1.5000000000000002 0.77097901701927196 69.309261322021499 71.465583801269545 0.36451049149036413 26.766168594360355 39.077413558959968 0.42252655327320104 0.19821428507566455 0.41763564944267279 99.397590637207045 0.98275861144065868 47.83648872375489 0.22902098298072818 72.982837677001967 69.00656890869142 0.45975114405155187 78.629974365234389 0.97437036037445079 0.23904761672019961 0.25462962687015539 0.030776515603065494 0.059714796021580703
decision_type=2 2 2 2 2 2 2 2 2 2 2 2 2 2 2 2 2 2 2 2 2 2 2 2 2 2 2 2 2 2
left_child=19 11 4 -4 5 6 -3 9 -9 -6 -5 12 14 -14 -2 -16 17 -13 -12 20 -1 24 23 -23 -21 -26 29 -28 -27 -22
right_child=1 2 3 10 7 -7 -8 8 -10 -11 18 16 13 -15 15 -17 -18 -19 -20 21 26 22 -24 -25 25 28 27 -29 -30 -31
leaf_value=-0.001136623483441882 0.0096022831167854629 -0.4225490152283003 -0.049421856490878276 0.070429617838167133 0.004100520704715946 -0.0042769045488531233 -0.082728523633583739 -0.029913528168551407 0.011462478850799611 0.029331766777331458 -0.034661673322463768 -0.079900502323202699 -0.046013736193932869 0.029829038980255285 0.014839918578608349 0.1832070725946463 0.012660441997137587 0.054014535144716262 -0.0022462426672266184 -0.017120709651430987 -0.027321208968839501 -0.042680001402248841 -0.0034217995420385695 0.068795851130465199 0.018309217129075166 -0.0077658031310001811 -0.01672852375153255 0.026212690728769496 -0.099569267715760079 0.070093624185430123
leaf_weight=837.83508873944811 1.8947739424183954 0.3112654983997335 10.708638212294316 2.015649653505533 167.91441106813727 252.87002684577601 1.448476960067637 28.840908941900125 26.3518034771987 44.048757852971903 14.518113720114341 3.4536303493659934 3.0709327603690317 35.224966830399353 1.12790272384882 2.0181896351277828 55.622165614098776 1.2648643465945495 41.770607379527064 130.83849508315325 1.33089857525192 1.4775845061521993 20.869194555387367 7.6463557463139296 28.359940238296986 43.883168464060873 12.003987641786805 20.644750393548748 1.4374618136207562 7.1221698587178253
leaf_count=54813 20 5 124 52 1709 15060 112 3065 5444 30138 543 63 89 2455 19 29 1298 89 3415 6951 53 28 851 128 764 1459 424 698 47 160
internal_value=-0.000580152 0.00131521 -0.00151879 -0.0142629 0.000166796 -0.00523449 -0.142836 0.00531483 -0.0101585 0.00934391 -0.00780538 0.0174645 0.030323 0.0237472 0.0802796 0.122846 0.00822953 -0.0440025 -0.0106069 -0.00176232 -0.000169637 -0.00773158 0.0130551 0.0507428 -0.01078 0.000479546 0.0195418 0.0104245 -0.0106776 0.0547561
internal_weight=1807.93 694.476 590.799 69.013 521.786 254.63 1.75974 267.156 55.1927 211.963 58.3044 103.677 43.3368 38.2959 5.04087 3.14609 60.3407 4.71849 56.2887 1113.45 878.937 234.512 29.9931 9.12394 204.519 73.6806 41.1018 32.6487 45.3206 8.45307
internal_count=130105 63729 59667 4134 55533 15177 117 40356 8509 31847 4010 4062 2612 2544 68 48 1450 152 3958 66376 56148 10228 1007 156 9221 2270 1335 1122 1506 213
is_linear=0
shrinkage=0.05


Tree=186
num_leaves=31
num_cat=0
split_feature=12 8 8 2 10 8 4 4 5 3 1 11 3 3 9 12 12 3 8 12 9 9 1 9 2 3 2 11 9 3
split_gain=3.86043 3.612 2.99689 2.6884 2.59372 2.23816 2.04507 1.97867 7.51338 8.81115 7.39176 6.94077 4.97544 8.37187 5.66119 4.12691 7.18548 3.93097 3.91175 3.71651 5.03391 4.99468 9.08404 6.29177 2.95803 8.73585 15.7453 9.58573 6.6587 6.2102
threshold=1.5000000000000002 88.784862518310561 88.247200012207045 93.063350677490249 1.5000000000000002 85.254531860351577 0.056349206715822227 0.13714733719825747 1.0000000180025095e-35 96.590469360351577 91.010101318359389 1.0000000180025095e-35 97.01425933837892 96.922348022460952 0.54006412625312816 4.5000000000000009 3.5000000000000004 96.720428466796889 72.982837677001967 8.5000000000000018 0.80476191639900219 0.72474747896194469 85.215545654296889 0.64495798945426952 23.90476226806641 92.40384674072267 77.485187530517592 1.0000000180025095e-35 0.1695402339100838 53.907203674316413
decision_type=2 2 2 2 2 2 2 2 2 2 2 2 2 2 2 2 2 2 2 2 2 2 2 2 2 2 2 2 2 2
left_child=1 2 4 -4 5 6 -1 8 12 10 11 -10 13 14 -2 16 -11 -17 -12 24 21 23 -23 -21 28 27 -27 -26 -9 -30
right_child=7 -3 3 -5 -6 -7 -8 19 9 15 18 -13 -14 -15 -16 17 -18 -19 -20 20 -22 22 -24 -25 25 26 -28 -29 29 -31
leaf_value=-0.005414693513760057 -0.035496361455162988 0.038787464010571961 -0.022056471730225409 -0.16488271401189905 0.045083326544650679 0.051105283113018887 0.0069899209057772338 -0.04633123677008915 0.0030113015820706951 0.0042352801693141132 0.056804919378736052 0.034294507249877627 0.053710368565350469 -0.28743478781596182 -0.0029131435691164519 -0.23248560167524646 -0.010293189543245861 0.0063738305013326391 0.015696102997634579 -0.091012001362204331 0.050082806133697227 -0.071086332693823917 -0.35394656486346809 0.050203000157101732 -0.024949272281399083 0.058120217583779735 -0.00020576120425536669 -0.0042166642354227128 0.0063421107999909361 -0.057495198589808207
leaf_weight=41.233227485616226 24.264783047721721 8.4091727521881676 1.1761011579073954 0.45768851053435344 4.1441028911503954 2.6169388665584838 171.1042129061243 6.4926740352821062 91.617580741716665 168.25457635725616 13.90820671914844 21.985505777411163 2.4571324510034165 0.28898560022935171 29.584332839411218 0.17240846724598569 172.21218281119945 185.56937872974959 9.9101901109243027 1.7670551921473809 1.2076242321345487 1.23367226019036 0.36866238678339858 1.4247432687843682 77.84551224396273 11.961136072088264 354.66931028463296 196.43439510447206 197.80313037673477 3.8845683946274212
leaf_count=2730 2237 3337 90 33 778 559 15874 1209 6492 6711 588 3303 260 14 1518 24 6303 27368 2915 577 1419 292 59 638 12317 1649 18170 8433 4008 96
internal_value=0.000561229 0.00662505 0.00539977 -0.0620677 0.00590287 0.00514751 0.0045811 -0.000320799 0.00161004 0.00310139 0.0143753 0.00906551 -0.0158774 -0.0190358 -0.0175954 0.000157158 -0.00311339 0.00615212 0.0397007 -0.0019471 -0.0411546 -0.0641369 -0.136166 -0.027977 -0.00166996 -0.00335192 0.00169709 -0.0101009 0.00350817 0.00511258
internal_weight=1804.46 229.141 220.732 1.63379 219.098 214.954 212.337 1575.32 720.225 663.63 137.421 113.603 56.5952 54.1381 53.8491 526.209 340.467 185.742 23.8184 855.092 6.00176 4.79413 1.60233 3.1918 849.091 640.91 366.63 274.28 208.18 201.688
internal_count=130001 23401 20064 123 19941 19163 18604 106600 57733 53704 13298 9795 4029 3769 3755 40406 13014 27392 3503 48867 2985 1566 351 1215 45882 40569 19819 20750 5313 4104
is_linear=0
shrinkage=0.05


Tree=187
num_leaves=31
num_cat=0
split_feature=8 9 2 11 12 9 8 9 8 9 8 10 4 4 0 2 4 5 0 10 12 12 8 9 4 9 0 13 8 8
split_gain=2.90459 10.154 8.80183 9.0889 7.43543 7.0608 6.3713 7.14755 4.83267 6.37489 5.88355 5.57276 4.68496 4.5484 19.5631 6.30966 4.52463 4.16097 12.114 4.88554 4.0496 3.71038 6.85437 3.6725 3.58051 3.56131 2.98559 3.27782 3.61078 5.51677
threshold=75.766986846923842 0.3717105239629746 88.416816711425795 1.0000000180025095e-35 3.5000000000000004 0.29520697891712194 47.83648872375489 0.25462962687015539 80.096618652343764 0.70294117927551281 81.839324951171889 2.5000000000000004 0.19821428507566455 0.46998800337314611 0.87690147757530224 29.459980010986332 0.86874485015869152 1.0000000180025095e-35 0.65736055374145519 1.5000000000000002 2.5000000000000004 5.5000000000000009 74.310997009277358 0.69397994875907909 0.52679425477981578 0.9574275314807893 0.8857233226299287 1.0000000180025095e-35 79.557674407958999 85.014968872070327
decision_type=2 2 2 2 2 2 2 2 2 2 2 2 2 2 2 2 2 2 2 2 2 2 2 2 2 2 2 2 2 2
left_child=1 6 3 4 24 26 7 -1 9 11 13 16 -13 15 -15 -10 -7 19 -19 -5 23 -8 -23 -12 -3 -22 -2 -28 -29 -30
right_child=5 2 -4 17 -6 8 21 -9 10 -11 20 12 -14 14 -16 -17 -18 18 -20 -21 25 22 -24 -25 -26 -27 27 28 29 -31
leaf_value=0.00055223039743223178 0.080446776220087349 -0.020269469802234003 0.035907965188812042 0.0042761032301999362 -0.089316510038721417 -0.012781712620024924 -0.0097340972744874923 0.029266376942881075 0.096556387462202298 0.052843977664203262 -0.0012531934369829549 -0.23434372731401565 -0.054923655529192518 0.0095149181850238199 -0.29467549765934919 0.019834452685264525 -0.054392050762754433 0.32533359289692426 0.034605855456399819 0.034372434735002746 -0.0079797773885260711 0.02426564245835286 -0.17727196210001844 0.022274087821315403 0.053125493304857607 0.0058086873894267399 0.06641183997785699 0.05398070438781738 -0.063266133429827648 0.052359954682811127
leaf_weight=856.72211845970014 2.7048643841408184 11.222200922784397 33.593323426117422 69.707295851083472 3.7362187150865784 54.377925070293713 212.59887436896679 22.23480234912131 3.1421303329989376 3.1288990141183595 47.918355065659853 0.51939423684961994 1.2147947404300792 6.5648087283479972 0.57483094459166739 18.213885901408503 7.4252119567245236 0.38433089479803939 5.2914658693189267 16.71819571920787 319.8387687553477 12.751210324291602 0.43632268416695374 25.367452705933829 1.950517644319915 54.86195883245091 2.8129601348191482 2.2579439200926572 2.9865035000257194 1.5759830956812946
leaf_count=55604 46 244 4116 1112 29 3424 9151 767 18 307 2685 41 48 231 45 1801 125 3 278 386 31890 788 43 4852 349 11599 19 100 114 73
internal_value=-0.000364399 0.0009749 0.0135311 0.00663534 -0.0270598 -0.0033718 -0.000645896 0.00127861 -0.00422142 -0.0168303 -0.00245728 -0.0202614 -0.10866 0.0195725 -0.0149762 0.0311226 -0.0177809 0.0128215 0.0542922 0.010098 -0.00385855 -0.00813773 0.0175976 0.00689064 -0.00940169 -0.00596093 0.03403 0.0209971 0.00226661 -0.0233263
internal_weight=1802.83 1247.35 142.604 109.01 16.9089 555.487 1104.74 878.957 543.148 66.6662 476.482 63.5373 1.73419 28.4957 7.13964 21.356 61.8031 92.1013 5.6758 86.4255 447.987 225.786 13.1875 73.2858 13.1727 374.701 12.3383 9.63339 6.82043 4.56249
internal_count=130288 72870 6517 2401 622 57418 66353 56371 57066 3945 53121 3638 89 2095 276 1819 3549 1779 281 1498 51026 9982 831 7537 593 43489 352 306 287 187
is_linear=0
shrinkage=0.05


Tree=188
num_leaves=31
num_cat=0
split_feature=9 5 8 8 8 0 12 4 4 0 13 1 12 8 1 9 8 9 9 9 0 8 4 9 8 8 5 0 3 3
split_gain=3.43961 8.74244 3.83158 3.21165 5.44354 2.97292 2.6329 5.66013 6.76214 3.05112 5.02625 3.78592 2.36219 2.31481 7.09848 2.98948 1.92261 7.78539 7.21042 6.76732 4.01948 3.88327 3.30418 2.97303 9.36752 3.70111 2.94762 2.36679 1.69733 3.70272
threshold=0.86811593174934398 1.0000000180025095e-35 86.685932159423842 97.043918609619155 97.793998718261733 0.48680728673934942 1.5000000000000002 0.92153847217559826 0.74388790130615245 0.98759469389915477 1.0000000180025095e-35 93.419914245605483 4.5000000000000009 83.291034698486342 27.334994316101078 0.2788888961076737 91.572605133056655 0.62828946113586437 0.63961037993431102 0.77525252103805553 0.48091630637645727 94.923065185546889 0.57247900962829601 0.45643940567970281 85.421901702880874 88.577949523925795 1.0000000180025095e-35 0.4524331688880921 33.030302047729499 31.698564529418949
decision_type=2 2 2 2 2 2 2 2 2 2 2 2 2 2 2 2 2 2 2 2 2 2 2 2 2 2 2 2 2 2
left_child=6 2 -2 28 12 -6 7 8 9 11 -11 -1 -5 15 -15 -10 19 22 -19 23 27 -20 26 25 -25 -8 -18 -21 29 -4
right_child=1 -3 3 4 5 -7 16 -9 13 10 -12 -13 -14 14 -16 -17 17 18 21 20 -22 -23 -24 24 -26 -27 -28 -29 -30 -31
leaf_value=0.0041439504693561611 -0.10212866351336072 0.051445640324558652 0.015137539103441006 -0.032998027181862927 0.016275873453238731 -0.0078758677271033358 -0.0027263283030513653 0.02847707471342802 -0.046868501748592639 -0.030292046563692832 0.053893970957780202 0.047406615754918058 -0.13683574684228259 -0.3240146223915738 0.050460215811259285 0.053646986428074986 -0.021315377668391242 -0.13008244651609122 -0.020550750179228795 0.013288137478427274 0.042896015983539891 -0.0024700583872728239 -0.064669875979118677 0.011208215942181845 -0.0084056296378985876 0.026867744597381372 0.027202650478214931 -0.055161758239201976 0.04581000293601184 -0.21789501885814735
leaf_weight=177.50981300820422 0.85112606035545368 10.985126684259738 4.7460638969787379 1.3044065675640006 22.96556684152165 28.621166723984061 1054.4782727523852 21.967110198689625 6.8228683886409254 12.530134981119771 2.0652003283030345 5.2051905732951118 0.94412651570746664 0.26657153601991002 0.2409222683054395 0.8296756480121984 3.6221093825297492 1.2863752456614737 56.622307977231685 4.8194619454443481 13.922627364692742 62.449337364727398 1.1861212085932482 156.33553060211125 99.694852890650509 10.67176178115187 23.061866215663031 1.7112658702535553 6.4066422259056708 0.17681260406970967
leaf_count=18115 63 11489 629 80 1218 2970 55220 2383 335 529 180 521 60 31 52 48 124 37 6140 209 3030 4983 23 10253 9131 476 1106 12 917 1
internal_value=-0.000193659 0.0101447 0.00327218 0.00464884 -0.000443296 0.00287609 -0.000657215 0.00435357 0.0017745 0.00361912 -0.01838 0.00537642 -0.076598 -0.0428287 -0.14624 -0.0359708 -0.00142215 -0.00682589 -0.01234 -0.000825123 0.0277153 -0.011068 0.0169871 -0.00126696 0.00357084 -0.00242982 0.0206168 -0.00464799 0.0288455 0.00676782
internal_weight=1794.3 77.001 66.0159 65.1648 53.8353 51.5867 1717.3 227.437 205.47 197.31 14.5953 182.715 2.24853 8.16004 0.507494 7.65254 1489.86 148.228 120.358 1341.63 20.4534 119.072 27.8701 1321.18 256.03 1065.15 26.684 6.53073 11.3295 4.92288
internal_count=130365 17427 5938 5875 4328 4188 112938 22194 19811 19345 709 18636 140 466 83 383 90744 12413 11160 78331 3251 11123 1253 75080 19384 55696 1230 221 1547 630
is_linear=0
shrinkage=0.05


Tree=189
num_leaves=31
num_cat=0
split_feature=12 2 1 1 8 8 2 0 0 1 0 12 8 0 0 8 1 10 12 9 3 8 3 9 1 1 1 2 0 8
split_gain=2.47974 3.35801 3.92708 4.51128 8.03504 5.35994 4.55353 3.04858 3.49721 5.48431 2.91578 6.63203 7.97199 9.40058 6.93139 6.87474 6.58387 5.65707 5.42308 3.42367 2.77369 5.75053 5.12605 2.72899 2.29189 6.72137 3.76035 7.29627 3.46142 3.23885
threshold=4.5000000000000009 12.70161294937134 91.010101318359389 85.053192138671889 45.910001754760749 46.759708404541023 77.485187530517592 0.95790389180183422 0.95906403660774242 99.438201904296889 0.98474359512329113 3.5000000000000004 22.291234970092777 0.98632183670997631 0.98895621299743663 54.067844390869148 94.201679229736342 1.0000000180025095e-35 2.5000000000000004 0.10762548446655275 80.277778625488295 87.528800964355483 90.787876129150405 0.31698563694953924 87.20676422119142 89.417694091796889 86.70682525634767 89.725547790527358 0.95000949501991283 93.626689910888686
decision_type=2 2 2 2 2 2 2 2 2 2 2 2 2 2 2 2 2 2 2 2 2 2 2 2 2 2 2 2 2 2
left_child=10 23 3 4 6 -6 -3 -4 9 -9 16 12 18 -14 -13 -15 24 -16 -12 -19 21 -5 -22 -2 26 29 28 -28 -1 -26
right_child=1 2 7 20 5 -7 -8 8 -10 -11 11 14 13 15 17 -17 -18 19 -20 -21 22 -23 -24 -25 25 -27 27 -29 -30 -31
leaf_value=-0.00093124350293820291 -0.079541302150817242 -0.031046924171458296 0.059341103711002902 -0.27618107675452169 -0.14973342840794182 -0.0046743092901349132 0.033008275877671717 0.051688799814006071 0.0067527359971137658 -0.4805463847121062 -0.0065226028612814253 -0.17820411914835832 -0.28939034268440267 -0.034899832541095556 -0.014248931617474377 0.000392112528646427 0.029325095683033261 -0.03911100748318707 0.016998241134911923 0.026974032294091045 0.052615764155368276 0.0508767990020942 -0.023713351392767597 0.030559686992287529 0.039780808253889223 -0.0024239261578202003 0.0231287369082358 -0.092061169638255377 0.031619239554659041 -0.032489500670901485
leaf_weight=988.01023665451794 0.58503054035827418 3.1483657909120693 2.7731392398563903 0.30441570095717807 0.6409971360117187 97.493165071093244 23.362014179496327 0.10006574253202316 190.31830897874897 0.093744670070009306 35.654167444910854 0.62501446850364928 0.30510343602509138 20.527674288750859 157.22853239969118 42.096899889118504 19.059448170752148 2.2970303928595959 78.379633809905499 13.352087767329065 2.3763822614564587 0.24064441639347933 29.56654191306734 14.815156477969138 17.639397974067837 40.338839298201492 2.4392933124327092 3.1499097977939527 8.235389877605483 1.6996640400320746
leaf_count=63504 13 87 1580 27 34 11675 770 29 29215 13 193 30 45 4388 5093 2462 1509 98 426 1087 934 84 2297 756 885 2199 96 125 379 157
internal_value=-0.000147818 0.00352593 0.00252167 -0.00334887 0.000976383 -0.00562181 0.0254011 0.00729416 0.00653655 -0.205749 -0.00108694 -0.00504996 0.00176058 -0.0125251 -0.0119963 -0.0111762 0.000198397 -0.0113954 0.00964414 0.0172738 -0.0199433 -0.131785 -0.0180349 0.0263771 -0.000324573 0.00919452 -0.000891612 -0.0417889 -0.000662167 0.0334291
internal_weight=1796.86 365.818 350.418 157.133 124.645 98.1342 26.5104 193.285 190.512 0.19381 1431.04 350.466 176.963 62.9297 173.503 62.6246 1080.57 172.878 114.034 15.6491 32.488 0.54506 31.9429 15.4002 1061.51 59.6779 1001.83 5.5892 996.246 19.3391
internal_count=130190 47514 46745 15908 12566 11709 857 30837 29257 42 82676 13822 7514 6895 6308 6850 68854 6278 619 1185 3342 111 3231 769 67345 3241 64104 221 63883 1042
is_linear=0
shrinkage=0.05


Tree=190
num_leaves=31
num_cat=0
split_feature=12 9 8 10 9 9 9 8 0 2 8 3 3 9 3 8 8 8 8 0 0 2 9 2 9 11 1 8 9 8
split_gain=1.85518 4.0485 2.4415 6.93571 6.42804 5.07138 4.22972 3.63388 3.81337 3.38421 3.34685 3.31769 3.22155 1.89386 13.2031 7.20612 7.06039 7.00304 6.24677 6.74113 8.11347 4.5419 4.57942 4.92511 3.7733 3.70636 3.6268 3.48304 3.38076 5.20794
threshold=1.5000000000000002 0.67424243688583385 37.688747406005866 1.0000000180025095e-35 0.096006143838167204 0.11651583760976793 0.13714733719825747 29.860438346862797 0.78994339704513561 68.801231384277358 37.091434478759773 87.609649658203139 70.659969329833999 0.22902098298072818 69.631092071533217 81.501609802246108 60.221162796020515 47.466186523437507 58.359212875366218 0.39541377127170568 0.42252655327320104 64.565757751464858 0.21980676054954532 64.747306823730483 0.47493734955787664 1.0000000180025095e-35 59.491636276245124 77.976760864257827 0.23904761672019961 47.087102890014656
decision_type=2 2 2 2 2 2 2 2 2 2 2 2 2 2 2 2 2 2 2 2 2 2 2 2 2 2 2 2 2 2
left_child=1 2 3 7 -5 -4 11 9 -9 -1 -6 -7 -8 14 21 16 17 -16 28 24 -21 -2 23 -23 -20 -22 -18 -26 29 -15
right_child=13 -3 5 4 10 6 12 8 -10 -11 -12 -13 -14 18 15 -17 26 -19 19 20 25 22 -24 -25 27 -27 -28 -29 -30 -31
leaf_value=0.020654448724855477 -0.03488619953559078 0.042837573715025654 -0.033317796042015672 -0.03261212867806064 0.056028627742826111 0.019109528773458513 -0.008318013249459676 0.00076570890342302468 -0.059725255635974361 0.00056301813766162611 0.1567455635388294 0.10822513161419972 0.011186650419446964 0.059720525846287044 -0.00046995111116521964 -0.16111102531363028 0.10821639122323445 -0.021917669075595073 -0.02629457704709455 0.033916243535238609 -0.0038250807972591248 0.30911707983969638 0.31845395572211571 0.00094946255398156124 0.010875022972785092 0.0041807241934184898 0.02397577484584244 -0.013831671594293686 0.0087534690216112907 -0.0092421186449681957
leaf_weight=31.476614647501265 37.789244574465556 6.5064575247815801 11.929677784763042 1.9905197992920856 7.0388185870106099 3.4046937595121554 57.907024713524152 6.5661099364515376 4.3191601036232896 62.727523622219451 0.9343312052078544 1.5065377478022126 33.370244200981688 8.1531873049680126 666.76973117978196 0.70278655446600069 1.3909107636427531 40.363577185082249 34.598586863605306 18.24585985718295 298.45668347954052 0.13704138813773159 0.13307574484497298 2.404755044815829 21.043925884412602 280.3873190353479 15.694392915349452 44.282292961433996 99.55852777644759 4.121578939491882
leaf_count=1520 12124 3358 5710 75 204 109 2121 4607 2096 1106 13 28 2463 166 29892 23 31 1756 263 188 13473 32 3 383 204 42645 255 1907 3220 160
internal_value=-0.00023837 0.00395952 0.00282605 0.00789571 0.0477648 -0.00256879 0.00124482 0.00411567 -0.0232365 0.00727621 0.0678311 0.0464461 -0.00118726 -0.000850834 -0.00263364 -0.00108211 -0.00092682 -0.0016942 0.000836171 -0.000923895 0.00108766 -0.0304294 0.0325337 0.0175644 -0.0129437 5.28659e-05 0.0308338 -0.00587276 0.011806 0.0365645
internal_weight=1803.91 229.678 223.171 115.053 9.96367 108.118 96.1885 105.089 10.8853 94.2041 7.97315 4.91123 91.2773 1574.23 765.386 724.921 724.219 707.133 808.848 697.015 597.09 40.4641 2.67487 2.5418 99.9248 578.844 17.0853 65.3262 111.833 12.2748
internal_count=130135 23410 20052 9621 292 10431 4721 9329 6703 2626 217 137 4584 106725 44499 31957 31934 31648 62226 58680 56306 12542 418 415 2374 56118 286 2111 3546 326
is_linear=0
shrinkage=0.05


Tree=191
num_leaves=31
num_cat=0
split_feature=8 8 9 12 2 3 9 0 0 12 0 12 4 1 9 10 4 0 8 9 9 9 1 1 10 8 8 3 9 8
split_gain=1.79298 4.88429 6.79431 4.76286 4.44282 5.83044 4.3077 3.95963 4.15189 3.93605 7.50665 3.67237 4.17679 5.89511 3.11631 3.06173 3.0163 2.54576 2.43347 7.19484 5.95596 2.35655 2.24179 2.07426 1.42223 5.43453 8.01221 1.28084 0.701713 4.30041
threshold=97.793998718261733 97.361461639404311 0.70777988433837902 2.5000000000000004 96.051948547363295 95.861873626708999 0.95119047164917003 0.90816259384155285 0.93602821230888378 5.5000000000000009 0.94667077064514171 3.5000000000000004 0.084219858050346388 51.471860885620124 0.94590643048286449 2.5000000000000004 0.85912698507308971 0.93793785572052013 91.809112548828139 0.77525252103805553 0.62828946113586437 0.94868421554565441 16.807909011840824 1.0000000180025095e-35 2.5000000000000004 98.651679992675795 98.514816284179702 79.277816772460952 0.7379862666130067 98.894992828369155
decision_type=2 2 2 2 2 2 2 2 2 2 2 2 2 2 2 2 2 2 2 2 2 2 2 2 2 2 2 2 2 2
left_child=1 6 -3 -4 5 11 14 22 -9 10 -5 12 13 -2 18 16 -13 -10 19 -1 -20 -16 -7 -17 28 26 -26 -14 -6 -30
right_child=4 2 3 9 24 7 -8 8 17 -11 -12 15 27 -15 21 23 -18 -19 20 -21 -22 -23 -24 -25 25 -27 -28 -29 29 -31
leaf_value=-0.00074943280239529535 -0.16478040563264207 0.053891897579856518 0.053041589913215219 -0.062162565983090085 0.050815556019562037 -0.13563281855022113 0.057876648693121785 -0.26743706349562518 -0.18965203914114376 0.050822447949668371 -0.21314706807441822 -0.0096231920547703246 0.058894695794463485 0.050829216960935224 -0.056146589823162778 -0.046886196529523361 0.03141638400249204 0.050819697406805059 0.015080110098967489 0.026157577758843937 -0.012129334283506824 -0.29990143398667951 0.050852377647064032 0.062545338316984916 0.05043929426243976 0.05175665458041212 -0.72181145193956753 -0.0061952426979228516 -0.045839146144734819 0.050137007268955536
leaf_weight=1553.624482931089 0.58452600485179373 1.4215296642214514 0.6953037671628407 3.0824829947086982 5.576346885907693 0.23274517059326061 3.1219750393647692 0.45745432353578508 0.19413429498672485 0.46495395153760899 1.123200708418153 38.221705571486382 5.9729796872707084 0.69275113136973232 0.32986350377905083 0.51372641697525923 5.0712680052965871 0.25413691968424246 24.48907722227159 25.248255353668355 112.51906570281426 0.14176787302130833 0.52393475119606592 2.7567752117465716 0.070052910654340717 0.36606555251637474 0.064523675886448473 0.86529413299285796 1.5497461413033304 4.7275323445210233
leaf_count=95794 14 57 102 95 924 1 948 8 1 255 51 2142 568 162 36 61 410 57 1245 5267 12445 31 200 101 48 333 5 137 398 8373
internal_value=-0.000654275 -0.000969516 -0.0433008 -0.0690488 0.00726743 0.00131315 -0.000802417 -0.0909331 -0.161465 -0.087224 -0.102486 0.00411771 0.0351559 -0.0478412 -0.000909151 -0.00129194 -0.00481588 -0.0533222 -0.000873829 -0.000319154 -0.00726587 -0.129417 -0.00650811 0.045356 0.0344218 -0.0481266 -0.319822 0.0506584 0.0379083 0.0264422
internal_weight=1794.96 1726.26 6.78747 5.36594 68.6957 56.3414 1719.47 1.66241 0.905726 4.67064 4.20568 54.679 8.11555 1.27728 1716.35 46.5635 43.293 0.448271 1715.88 1578.87 137.008 0.471631 0.75668 3.2705 12.3543 0.500642 0.134577 6.83827 11.8536 6.27728
internal_count=130269 116326 560 503 13943 3862 115766 267 66 401 146 3595 881 176 114818 2714 2552 58 114751 101061 13690 67 201 162 10081 386 53 705 9695 8771
is_linear=0
shrinkage=0.05


Tree=192
num_leaves=31
num_cat=0
split_feature=1 2 1 12 2 0 1 3 0 4 8 4 0 0 3 1 3 4 3 3 12 2 3 3 8 3 1 8 8 11
split_gain=3.13649 17.0076 6.99387 7.66232 3.91846 7.17819 6.38833 5.4597 5.88918 10.1068 7.31442 5.36731 8.34738 5.24033 5.23223 5.23486 5.19311 8.51568 4.79967 3.87004 3.78382 5.49962 4.80568 3.73986 3.6649 5.26803 3.17916 3.41537 2.872 2.77808
threshold=43.534002304077156 44.575162887573249 55.217784881591804 3.5000000000000004 30.341388702392582 0.72779932618141185 37.573530197143562 46.265329360961921 0.57571402192115795 0.81892696022987377 82.385261535644545 0.18808962404727939 0.83222833275794994 0.57937657833099376 33.030302047729499 30.848532676696781 87.226108551025405 0.77032968401908886 62.145593643188484 46.265329360961921 3.5000000000000004 29.459980010986332 39.077413558959968 94.494949340820327 98.894992828369155 53.427228927612312 46.065429687500007 82.674114227294936 40.431344985961921 1.0000000180025095e-35
decision_type=2 2 2 2 2 2 2 2 2 2 2 2 2 2 2 2 2 2 2 2 2 2 2 2 2 2 2 2 2 2
left_child=4 2 26 -4 6 13 7 20 9 -9 -10 18 -13 14 -6 -16 17 -15 -7 -3 21 -1 -22 -14 -21 -26 27 -2 -18 -20
right_child=1 19 3 -5 5 11 -8 8 10 -11 -12 12 23 16 15 -17 28 -19 29 24 22 -23 -24 -25 25 -27 -28 -29 -30 -31
leaf_value=0.0046678395169428384 -0.019045233170944226 -0.077503960259868554 0.43964136173974355 0.052954261140042827 -0.061994853536948037 -0.070255899622692228 0.11870509532417937 -0.022029704202726794 -0.042066898152231545 -0.12376293417346901 0.062725202633506005 0.033149392830708509 0.0043069916336922476 -0.030979308221161767 -0.036476722476822557 0.0011711930231271545 0.18208636700969782 -0.30946440886829607 0.036966252336216192 0.0005009527395646859 -0.0083720012077481611 0.056813946564053246 0.015050485766792729 -0.053503205211166908 -0.24274647467685606 0.038963823140382159 0.074445905082334687 0.060232152758372785 0.021563706450407939 0.10288534222774895
leaf_weight=146.00499410930206 2.5637584713404031 1.5831738998240314 0.24782854883233163 0.26519697671756148 4.2044914675643659 0.77193153333792253 1.1193684431491409 13.499906978249788 3.0514542796881861 2.9802862688666201 3.665407216467429 9.761832996169689 4.761009059235219 41.624071684796945 10.903185836417832 60.293032593166572 0.37864671109127712 0.27633052959572424 4.3407126236852491 1283.1309410611138 134.21331284759799 5.2376355822198084 26.169169499073178 6.7838314597902354 0.16931107640266319 8.3650927404814848 6.6621422324096784 2.8900074525736272 1.0550661242741624 2.5298348708311096
leaf_count=7152 273 96 26 15 170 140 12 389 134 121 104 869 736 4748 422 2900 33 17 478 96136 2993 276 348 536 5 10590 170 43 85 94
internal_value=-8.76031e-05 0.00118628 0.0589291 0.239752 -0.00352732 -0.0103153 -0.000543254 -0.000941922 -0.0243436 -0.0404272 0.0151184 0.0120093 -0.000884806 -0.0157583 -0.00779508 -0.00459431 -0.0296141 -0.0328159 0.047957 0.000622403 0.000800075 0.00647369 -0.00455022 -0.0296627 0.000718161 0.0333751 0.0512725 0.0229647 0.0639581 0.0612386
internal_weight=1789.5 1305.88 12.6289 0.513026 483.626 147.684 335.942 334.822 23.1971 16.4802 6.71686 28.9492 21.3067 118.735 75.4007 71.1962 43.3341 41.9004 7.64248 1293.25 311.625 151.243 160.382 11.5448 1291.67 8.5344 12.1159 5.45377 1.43371 6.87055
internal_count=130111 107354 527 41 22757 11228 11529 11517 748 510 238 2853 2141 8375 3492 3322 4883 4765 712 106827 10769 7428 3341 1272 106731 10595 486 316 118 572
is_linear=0
shrinkage=0.05


Tree=193
num_leaves=31
num_cat=0
split_feature=8 9 8 4 4 12 4 9 9 8 5 8 8 9 9 11 4 8 4 8 9 9 9 1 4 8 4 4 8 4
split_gain=1.7328 8.13124 3.43295 5.20962 5.91946 7.93292 4.50088 3.53653 11.6609 8.1937 4.34597 3.49427 3.3942 5.65199 13.5333 10.2269 18.2884 7.00114 7.8345 5.11329 4.25737 12.0785 10.584 6.07526 8.41626 5.95506 4.07079 5.94606 10.923 10.6935
threshold=95.529048919677749 0.70777988433837902 98.421009063720717 0.26365442574024206 0.19821428507566455 2.5000000000000004 0.32392686605453497 0.85357144474983226 0.93541666865348827 98.894992828369155 1.0000000180025095e-35 96.313285827636733 91.684860229492202 0.62828946113586437 0.69397994875907909 1.0000000180025095e-35 0.98275861144065868 92.193038940429702 0.40778534114360815 94.456264495849624 0.61721614003181469 0.58578431606292736 0.56385868787765514 75.905715942382827 0.46998800337314611 90.94474029541017 0.92153847217559826 0.58898946642875682 89.19553375244142 0.5604878067970277
decision_type=2 2 2 2 2 2 2 2 2 2 2 2 2 2 2 2 2 2 2 2 2 2 2 2 2 2 2 2 2 2
left_child=12 -2 3 4 -3 -6 -5 -4 9 -9 -10 -8 20 -14 15 -15 -17 18 -16 -19 21 22 -1 24 -23 -25 27 29 -29 -22
right_child=1 2 7 6 5 -7 11 8 10 -11 -12 -13 13 14 17 16 -18 19 -20 -21 26 23 -24 25 -26 -27 -28 28 -30 -31
leaf_value=-0.00062064393774060255 0.027391488303205608 -0.020351841587331325 0.054304754953993728 0.071045511137775949 -0.29804451354566902 -0.064500905378746351 -0.03761918726369301 -0.28314469418967225 0.0011895864658651673 0.05066554476300035 0.05236060987090612 0.012671764115262212 0.013149252227147768 -0.084652000889237744 -0.00583131180174989 -0.0047771601372630958 -0.52134199609567922 0.01497605292949262 -0.099105967412194254 -0.024198898326006427 0.0073234093717526628 -0.098159087454820965 0.028938771938954735 0.025956120219238311 -0.022831900875536697 -0.30550563609499626 0.032598965527575394 -0.041772802441991337 0.042715636000610006 0.098207609903289417
leaf_weight=1382.4629930712108 32.461348367069149 14.261546227207875 3.5299966349848537 2.2523054253251784 0.42509889559005332 2.5138471740065143 5.2706464726652476 0.5945146384765384 47.877369751702645 0.26611963755567558 4.5430605745204948 10.020740207517518 21.697409029380651 10.584610650490504 5.8316918363707355 9.6979282861575467 0.17442424129694778 34.055023087916197 3.6667547654360533 11.026616078685036 108.3916941913194 6.3627113333204788 30.961136183439521 3.9267752175219348 8.8879693133640085 0.14034955023089413 15.568233283236621 14.632391241437292 5.1796728815534143 3.3361726058938066
leaf_count=79655 2119 2125 556 201 34 144 411 112 4031 72 7901 895 1144 216 950 1378 6 5246 238 1849 15282 128 2700 661 233 29 1294 410 226 164
internal_value=0.000187023 0.00589008 -0.00173334 -0.0141138 -0.0336672 -0.0982814 0.00505704 0.00583824 0.00262722 -0.179926 0.00562437 -0.00466256 -0.000234831 -0.00932649 -0.0158255 -0.0505095 -0.0139038 -0.00282568 -0.0418388 0.00539417 0.000321852 -0.000509848 2.68568e-05 -0.0397789 -0.054259 0.0145179 0.0084221 0.00556068 -0.0196841 0.0100372
internal_weight=1800.6 124.017 91.5552 34.7442 17.2005 2.93895 17.5437 56.8111 53.2811 0.860634 52.4204 15.2914 1676.58 96.7345 75.037 20.457 9.87235 54.5801 9.49845 45.0816 1579.85 1432.74 1413.42 19.3178 15.2507 4.06712 147.108 131.54 19.8121 111.728
internal_count=130410 18601 16482 3810 2303 178 1507 12672 12116 184 11932 1306 111809 11027 9883 1600 1384 8283 1188 7095 100782 83406 82355 1051 361 690 17376 16082 636 15446
is_linear=0
shrinkage=0.05


Tree=194
num_leaves=31
num_cat=0
split_feature=12 4 1 0 4 13 13 12 0 10 4 0 4 3 0 10 0 4 3 3 2 10 11 1 0 0 3 0 1 4
split_gain=1.90385 3.01525 19.9971 11.6777 10.9924 11.6269 1.22042 3.3594 3.30317 5.53997 5.11219 3.87247 5.06066 4.60109 3.28911 2.34693 2.85982 43.5201 2.65168 5.62224 5.52955 1.82399 1.52828 7.07965 4.91058 4.80914 8.33804 5.74219 4.27097 1.40469
threshold=8.5000000000000018 0.24283374845981601 84.028984069824233 0.9457288682460786 0.2524509876966477 1.0000000180025095e-35 1.0000000180025095e-35 2.5000000000000004 0.64657872915267955 1.0000000180025095e-35 0.050641026347875602 0.51427298784255993 0.4205263108015061 36.549165725708015 0.65981218218803417 2.5000000000000004 0.90590170025825512 0.44862772524356848 39.077413558959968 30.094339370727543 17.519181251525882 5.5000000000000009 1.0000000180025095e-35 41.728857040405281 0.75728571414947521 0.85834416747093212 89.927536010742202 0.8593578338623048 36.474500656127937 0.043961353600025184
decision_type=2 2 2 2 2 2 2 2 2 2 2 2 2 2 2 2 2 2 2 2 2 2 2 2 2 2 2 2 2 2
left_child=6 -2 -3 -4 5 -5 21 8 11 14 -11 12 -8 -13 -10 18 29 -18 19 -9 -20 22 25 28 -25 26 -1 -27 -24 -17
right_child=1 2 3 4 -6 -7 7 15 9 10 -12 13 -14 -15 -16 16 17 -19 20 -21 -22 -23 23 24 -26 27 -28 -29 -30 -31
leaf_value=-0.01901283935317908 0.038066242021810866 0.026819282342154256 -0.6915058909249997 -0.72977090516220633 0.050280830428324708 0.050140444944339606 0.030634551287221631 0.003038753225229702 0.06615275661994717 -0.016224220638561149 0.040087903351018889 -0.06385378941600886 -0.0024587338439224994 -0.0072652171604687859 0.0057507483655683707 -0.070456871260290072 0.021042805570431949 -1.1499282302155869 -0.067519120926573889 -0.026724576530035696 0.0011668006885031427 -0.060935894022149918 0.00060571586572069581 0.038122029948361648 0.0066556053938603942 0.10902643404965251 0.013208054773877268 -0.00012922614472699425 -0.027650989913475851 0.040356753449630675
leaf_weight=84.043650176783558 8.291299524906206 4.2189174908853593 0.13461822582758021 0.12792042418732308 0.26360343059059232 0.076285419025225565 16.458519234380219 36.168974917964078 2.293645456142257 4.8238516730052678 24.50135507908999 4.0735141431796356 38.753313177483506 30.391519772092579 129.7337388676824 0.29665583587484246 1.7092668524564931 0.083211089891847112 2.9476062169997013 28.266828949679621 495.59891359832545 1.2494634982431296 212.76313419669168 20.798213104106253 30.701001720575732 1.2074477507121617 26.380907272628974 555.42093137085612 14.269717190734807 7.9461153553565964
leaf_count=21873 13097 1980 43 37 131 32 564 784 178 477 1828 182 2002 1567 7030 15 570 5 63 403 27131 60 7820 1534 11633 199 1885 25581 858 534
internal_value=0.000800852 0.0197828 -0.0116595 -0.281134 -0.163044 -0.438418 0.000660298 0.00206729 0.00689061 0.0111665 0.0308248 -0.000802827 0.0074063 -0.0139536 0.00680008 -4.57335e-05 0.0239216 -0.0333165 -0.000472955 -0.0100179 0.000760702 -0.000564228 -0.000484455 0.00262629 0.0193635 -0.00178337 -0.0113151 0.000107556 -0.00117031 0.0363686
internal_weight=1783.99 13.1126 4.82134 0.602427 0.467809 0.204206 1770.88 824.047 251.029 161.353 29.3252 89.6769 55.2118 34.465 132.027 573.018 10.0352 1.79248 562.982 64.4358 498.547 946.834 945.585 278.532 51.4992 667.053 110.425 556.628 227.033 8.24277
internal_count=130096 15320 2223 243 200 69 114776 43333 13828 9513 2305 4315 2566 1749 7208 29505 1124 575 28381 1187 27194 71443 71383 21845 13167 49538 23758 25780 8678 549
is_linear=0
shrinkage=0.05


Tree=195
num_leaves=31
num_cat=0
split_feature=9 5 2 10 3 10 9 8 9 3 8 9 9 3 8 8 0 12 0 8 12 8 8 0 8 9 0 0 9 8
split_gain=3.02116 6.40218 3.34823 3.61689 3.82388 3.54318 2.31819 3.9527 4.64904 2.20626 1.9572 9.67175 5.60686 10.9016 6.21092 10.6913 6.68989 6.0719 9.88848 6.10801 5.57433 4.6877 4.99489 3.44569 5.74273 3.23638 6.07814 29.5161 2.89652 6.77886
threshold=0.8834841549396516 1.0000000180025095e-35 19.433517456054691 5.5000000000000009 21.637426376342777 2.5000000000000004 0.95119047164917003 98.651679992675795 0.94868421554565441 99.425289154052749 91.684860229492202 0.77525252103805553 0.83666664361953746 79.277816772460952 98.514816284179702 98.894992828369155 0.84049087762832653 5.5000000000000009 0.65736055374145519 98.421009063720717 1.5000000000000002 97.533905029296889 92.071350097656264 0.50397351384162914 78.805706024169936 0.75499999523162853 0.92144301533699047 0.8995817005634309 0.47493734955787664 82.131031036376967
decision_type=2 2 2 2 2 2 2 2 2 2 2 2 2 2 2 2 2 2 2 2 2 2 2 2 2 2 2 2 2 2
left_child=10 2 6 4 -4 -6 7 8 -2 -8 11 25 17 21 16 -16 -15 19 -19 20 -12 22 -14 24 -13 28 27 -27 -1 -30
right_child=1 -3 3 -5 5 -7 9 -9 -10 -11 12 23 13 14 15 -17 -18 18 -20 -21 -22 -23 -24 -25 -26 26 -28 -29 29 -31
leaf_value=-0.0010557184305192752 0.017043640521785922 0.051432381007225629 -0.23708351871693523 -0.13851694620867425 -0.0033294047906291565 0.047667075318646439 0.042383876511803129 -0.24520398829423634 -0.26076968062302919 -0.10021775890917058 0.050700788932835354 -0.18946768540296116 -0.076034348256510564 -0.24070022805792438 -0.36577605726240237 0.050717757207087037 -0.049226058850782246 -0.49114565699215618 0.028119055917490143 0.055104776263839597 -0.010622599937716727 -0.080512886226956681 0.052997162432379355 0.047907385781098766 0.01578124869576334 -0.027518278977744344 0.051351821523641095 -0.49980257018713009 0.014116581233355522 -0.0022581030740089362
leaf_weight=1277.8041634726833 2.978724671789676 8.3503659216075885 0.16966072097420593 0.47705326785216939 42.87940373911988 3.6999712226534021 9.9212187033554056 0.16904922938556399 0.1586088006151839 0.27885990345385003 3.825700416811741 0.3579670724284395 0.92810797231504505 0.51474803846213024 0.47522371937520791 0.22801205844734795 4.0095144423248712 0.092189788003454676 16.700368832622189 3.869758919812738 118.22556318499846 1.2461988427094182 3.9088000903138891 14.184072479009044 7.1052014951419551 3.7858302463428108 1.4108114192204082 0.36249653436243523 110.50456560999737 147.66323282598751
leaf_count=73743 495 10835 2 20 3793 363 943 31 7 4 1025 10 25 212 31 48 1452 9 6209 482 4017 55 355 3653 458 227 227 23 7508 13841
internal_value=0.000131053 0.010383 0.00473897 -0.0015394 -0.000141604 0.000721433 0.0266916 -0.00969144 0.00299871 0.0384853 -0.000281382 0.000248484 -0.00565896 -0.0395453 -0.0924981 -0.230735 -0.071011 -0.00297333 0.0252683 -0.00673958 -0.00870042 0.00595948 0.0282385 0.0334374 0.00593659 -0.000217577 -0.0382988 -0.0687883 -7.97498e-05 0.00475082
internal_weight=1786.29 69.0829 60.7326 47.2261 46.749 46.5794 13.5065 3.30638 3.13733 10.2001 1717.2 1563.18 154.024 11.3106 5.2275 0.703236 4.52426 142.714 16.7926 125.921 122.051 6.08311 4.83691 21.6472 7.46317 1541.53 5.55914 4.14833 1535.97 258.168
internal_count=130103 16493 5658 4178 4158 4156 1480 533 502 947 113610 99690 13920 2178 1743 79 1664 11742 6218 5524 5042 435 380 4121 468 95569 477 250 95092 21349
is_linear=0
shrinkage=0.05


Tree=196
num_leaves=31
num_cat=0
split_feature=12 11 9 0 2 5 2 9 1 2 0 1 10 2 0 9 9 4 3 0 0 1 9 0 4 9 9 10 12 4
split_gain=2.22013 2.93681 4.26449 3.59777 3.92969 3.57246 5.0728 4.60347 2.42476 2.33094 2.29541 2.05423 2.01665 15.3287 14.5705 9.211 5.56333 4.6153 4.71015 3.82467 12.6297 3.60266 3.0297 2.85025 2.66438 1.8246 1.5698 1.33988 3.05761 2.88345
threshold=1.5000000000000002 1.0000000180025095e-35 0.25462962687015539 0.52938431501388561 41.223155975341804 1.0000000180025095e-35 51.89995193481446 0.10172414034605028 47.413022994995124 69.282051086425795 0.57937657833099376 49.151567459106452 1.0000000180025095e-35 40.253164291381843 0.63493138551712047 0.14459930360317233 0.68585526943206798 0.81892696022987377 55.646631240844734 0.9616706669330598 0.96278062462806713 52.689416885375984 0.15075758099555972 0.59273442625999462 0.98275861144065868 0.11651583760976793 0.21980676054954532 1.5000000000000002 2.5000000000000004 0.8760964870452882
decision_type=2 2 2 2 2 2 2 2 2 2 2 2 2 2 2 2 2 2 2 2 2 2 2 2 2 2 2 2 2 2
left_child=1 12 5 8 10 6 7 -3 -4 -7 -5 -10 13 21 15 24 -17 18 -15 22 -21 23 -16 -1 -14 -19 -8 -2 -29 -30
right_child=27 2 3 4 -6 9 26 -9 11 -11 -12 -13 14 17 19 16 -18 25 -20 20 -22 -23 -24 -25 -26 -27 -28 28 29 -31
leaf_value=0.064038346101625315 -0.0011275985041020646 -0.066455745518030657 0.057305732881832029 0.014950873612268165 0.057396973483111818 -0.13292682321131108 0.08879849602137263 0.0097043056305430881 0.36851551386644654 -0.018179693588504044 -0.069860660609909836 0.050366005260408547 -0.020658555884677146 -0.038206686054654507 0.11838191981863973 -0.064361242856932552 0.050436632195195508 -0.052885943216610512 0.0024142655841124551 -0.78155504711700585 0.047395923839901676 0.28526947032842115 0.035910012342501789 0.0058792443982203253 0.083184858009462487 -0.17551029918074967 0.0067662963616456368 0.028779037235846291 -0.002972911469235518 0.017717326547849573
leaf_weight=10.559267054180959 1457.8410305447469 2.2627169209881783 7.6098670166393259 1.6119635567883963 2.4265355132229161 0.70973448373842885 2.3968437772127795 16.115593240509043 0.11727057397365559 1.175743357511237 1.5795396626926956 0.089428650797344744 0.95819322744501456 7.5249715047830241 1.3473025575221962 12.626374256768029 1.1516345659329079 1.0275615271821141 138.17540279100649 0.059913780307397135 0.19713876741298009 0.16825754195451814 6.4197888293856522 2.6316530975454961 1.7382962815463543 0.43042890570359293 0.77073302316421166 11.702613361005204 74.386877055279911 21.766605976503342
leaf_count=1353 94527 349 921 24 593 14 56 258 1 42 29 55 49 1683 58 456 590 69 15419 2 90 3 886 306 14 22 31 794 10557 873
internal_value=-6.64138e-05 0.00461438 0.017501 0.0399593 0.00943895 0.00462431 0.0103997 0.000327566 0.0618954 -0.061373 -0.0270241 0.230868 0.00204662 0.00408596 -0.0113154 -0.0382263 -0.0547659 -0.000569457 0.00031632 0.043936 -0.145816 0.0553678 0.0502158 0.0524353 0.0462843 -0.0890872 0.0688385 -0.000729751 0.00464777 0.00171081
internal_weight=1787.58 221.882 36.866 13.4346 5.61804 23.4314 21.5459 18.3783 7.81657 1.88548 3.1915 0.206699 185.016 160.518 24.4986 16.4745 13.778 147.158 145.7 8.02414 0.257053 13.3592 7.76709 13.1909 2.69649 1.45799 3.16758 1565.7 107.856 96.1535
internal_count=130124 23373 2373 1623 646 750 694 607 977 56 53 56 21000 18855 2145 1109 1046 17193 17102 1036 92 1662 944 1659 63 91 87 106751 12224 11430
is_linear=0
shrinkage=0.05


Tree=197
num_leaves=31
num_cat=0
split_feature=13 1 4 8 0 1 8 4 9 12 0 4 4 9 9 12 8 12 4 12 0 9 0 4 1 8 8 9 9 0
split_gain=2.18076 3.67208 4.05599 2.67056 3.79024 2.71231 2.34397 5.38999 6.66906 5.85522 3.613 4.53837 3.10675 2.46224 4.17922 3.81752 3.244 2.72686 2.21514 1.97612 3.84018 5.07961 4.34511 2.97515 3.17885 1.48837 1.41457 1.3688 8.24514 9.41174
threshold=1.0000000180025095e-35 14.415584564208986 0.80178570747375499 31.605799674987797 0.55280381441116344 16.807909011840824 60.221162796020515 0.86874485015869152 0.46410256624221807 2.5000000000000004 0.36442859470844274 0.61602565646171581 0.98275861144065868 0.23669467866420749 0.2639319002628327 3.5000000000000004 41.688949584960945 2.5000000000000004 0.84924244880676281 2.5000000000000004 0.59682920575141918 0.04446640424430371 0.51427298784255993 0.78679654002189647 86.70682525634767 45.910001754760749 77.976760864257827 0.85357144474983226 0.83666664361953746 0.94001582264900219
decision_type=2 2 2 2 2 2 2 2 2 2 2 2 2 2 2 2 2 2 2 2 2 2 2 2 2 2 2 2 2 2
left_child=27 6 19 -4 18 -6 13 10 9 -9 11 -8 -10 16 -15 -16 17 -2 -5 20 22 -22 -3 24 -21 -18 -12 28 -1 -30
right_child=1 2 3 4 5 -7 7 8 12 -11 26 -13 -14 14 15 -17 25 -19 -20 23 21 -23 -24 -25 -26 -27 -28 -29 29 -31
leaf_value=-0.0018150708759989327 0.044663210375408519 0.0054794737050070227 -0.13452045696504933 -0.043664053067056507 -0.082740913621188864 0.029267680311317004 -0.078915364512969821 -0.097931476557073044 -0.073306362289852614 -0.00954400450853078 0.12764088899047013 0.067054065074285518 0.019016978206951255 0.11020692627100281 0.060328984212896342 0.0010811180022353547 -0.074633849836759983 -0.057033039808565979 -0.15221574372953506 -0.0039974455933202901 -0.00055165891900995788 0.016855040384156025 -0.023421386073351945 0.080957956259692224 0.0036056303055567798 -0.0070169352967677182 0.05738893021423265 0.0058173435778053366 -0.015093348485808837 -0.22068907019714423
leaf_weight=906.59861284184444 5.0264730859198625 31.926336819757125 0.6631395909935226 1.3809955723700116 0.68478214490460265 2.5647643682023045 1.0890978596289671 2.991238973685542 0.97041739674750438 5.0152633152902126 0.90090813394635905 1.0419310718425547 14.93726814200636 1.8788958049553901 5.2185766847105679 5.6757879033684731 1.1860180718358608 0.75865174550563086 0.71240757714258496 290.94629072939279 76.117642816330772 93.26612313107762 21.944332598577603 1.125856592261697 260.62903737697343 2.5934675136813894 3.5015814574435353 58.761830018120236 1.4157332748873153 0.91733370284782711
leaf_count=64604 141 1106 9 38 15 171 25 105 25 28 11 16 1252 45 239 31 78 23 27 13626 4348 5752 1001 39 22054 149 80 14542 231 150
internal_value=3.67845e-05 0.00190934 0.00104773 -0.0398829 -0.028137 0.00566393 0.0146732 0.00564856 -0.00534738 -0.0425657 0.0458962 -0.00754605 0.013385 0.0269744 0.0413391 0.0294618 0.00779069 0.0313269 -0.0806054 0.00136454 0.00533466 0.00903282 -0.00629335 -0.000239122 -0.000404859 -0.0282354 0.071765 -0.00157851 -0.00205665 -0.0959311
internal_weight=1802.44 834.747 781.962 6.00609 5.34295 3.24955 52.7856 30.4477 23.9142 8.0065 6.53352 2.13103 15.9077 22.3379 12.7733 10.8944 9.56461 5.78512 2.0934 775.956 223.254 169.384 53.8707 552.701 551.575 3.77949 4.40249 967.694 908.932 2.33307
internal_count=129961 50434 48186 260 251 186 2248 1542 1410 133 132 41 1277 706 315 270 391 164 65 47926 12207 10100 2107 35719 35680 227 91 79527 64985 381
is_linear=0
shrinkage=0.05


Tree=198
num_leaves=31
num_cat=0
split_feature=9 8 8 9 8 9 7 8 9 8 3 0 2 12 9 0 2 12 5 2 3 9 3 11 2 3 0 10 9 0
split_gain=1.84595 6.86444 5.7681 11.2776 8.44905 5.15052 19.7828 4.9299 6.3131 4.52596 4.30013 4.96553 4.22069 3.8948 2.60579 2.54835 4.91173 7.99281 7.73353 2.42213 12.6856 9.2147 5.46822 5.19766 11.182 6.96402 7.0617 6.93772 5.29126 4.8482
threshold=0.37797619402408605 66.862743377685561 36.07402420043946 0.084523811936378493 36.21368598937989 0.048809524625539787 1.0000000180025095e-35 43.108610153198249 0.35504202544689184 43.599384307861335 79.008567810058608 0.75075361132621776 77.058032989501967 3.5000000000000004 0.5577777922153474 0.91582748293876659 64.075469970703139 4.5000000000000009 1.0000000180025095e-35 18.677325248718265 36.549165725708015 0.60434782505035411 27.429467201232914 1.0000000180025095e-35 36.51515197753907 47.690120697021491 0.58425417542457592 1.0000000180025095e-35 0.53589746356010448 0.43343253433704382
decision_type=2 2 2 2 2 2 2 2 2 2 2 2 2 2 2 2 2 2 2 2 2 2 2 2 2 2 2 2 2 2
left_child=2 14 5 -4 13 6 -1 8 -6 -9 12 -12 -8 -5 15 16 18 -18 -2 20 21 22 -3 24 27 26 -25 -21 -27 -22
right_child=1 19 3 4 7 -7 10 9 -10 -11 11 -13 -14 -15 -16 -17 17 -19 -20 23 29 -23 -24 25 -26 28 -28 -29 -30 -31
leaf_value=-0.044422165460312524 0.015204854655570005 -0.028044341021162073 -0.04000468764081009 -0.033726454327538916 0.010070543619568245 0.014494623580260336 0.0090136779731582028 -0.053598824286920456 -0.18529914910212819 -0.005109625202591471 -0.039838079895949605 0.0010925390292298705 0.045886676143552546 -0.18312945893664509 0.071069796030686014 0.044780488647798065 -0.0042424353274876665 -0.15770129444822309 0.12489770917729302 -0.0015463424928915002 -0.10956211064765556 0.015416221965247903 0.034837108885021693 0.0031981852583312428 -0.001647935298252386 0.040467589707890279 -0.038207523267893673 -0.12770014079829775 0.011562875337924234 -0.034283681450873661
leaf_weight=23.896255817831843 33.425991130352486 28.25555290246848 22.699990390217863 0.81864512927131616 68.287817531236215 70.087263594963588 53.807988541200757 4.883720412180991 0.41601205154438403 329.49550375860417 7.5091341738589099 560.345939243678 9.0688030757009965 0.93380385893397033 2.3494472323218352 7.1671684199245638 6.6867188498435999 0.97182696149684478 1.687936037313192 1.7516156408237282 3.4644646940287185 40.867221531952964 3.9393466580659142 132.47799486794975 243.04900899768109 19.45631998180761 11.16529749566689 2.8845155505114235 85.017660555633483 5.5898176950868219
leaf_count=19793 686 524 20944 34 4281 2544 1061 376 23 15408 87 3877 73 15 215 903 309 90 29 109 25 3460 36 938 14710 3773 89 61 35634 98
internal_value=8.52593e-05 0.00226098 -0.00110472 -0.00571058 -0.00378763 0.00161244 0.000233219 -0.00331136 0.00888755 -0.00581783 0.00192506 0.000551286 0.0143319 -0.113337 0.0196093 0.0171883 0.0125649 -0.0237155 0.0204778 0.000691327 -0.00726248 -0.000344293 -0.0203502 0.00200866 -0.00311521 0.00712361 -2.02529e-05 -0.0800369 0.0169458 -0.0630877
internal_weight=1782.46 630.208 1152.25 427.535 404.836 724.715 654.628 403.083 68.7038 334.379 630.732 567.855 62.8768 1.75245 52.2891 49.9396 42.7725 7.65855 35.1139 577.919 82.1164 73.0621 32.1949 495.802 247.685 248.117 143.643 4.63613 104.474 9.05428
internal_count=130205 61689 68516 41081 20137 27435 24891 20088 4304 15784 5098 3964 1134 49 2232 2017 1114 399 715 59457 4143 4020 560 55314 14880 40434 1027 170 39407 123
is_linear=0
shrinkage=0.05


Tree=199
num_leaves=31
num_cat=0
split_feature=12 8 12 4 4 9 2 9 9 10 13 4 4 9 10 8 9 0 2 12 3 10 4 4 3 3 9 3 8 8
split_gain=2.58195 3.3721 2.89272 2.92698 3.77094 6.22518 3.44351 3.12709 5.30015 2.72794 6.89849 4.84502 6.95136 2.71411 2.5181 2.54104 16.695 5.10967 6.02174 4.0871 3.36766 2.09853 1.98155 1.98067 1.97182 1.65696 1.60554 8.14338 8.2211 2.61106
threshold=1.5000000000000002 85.254531860351577 4.5000000000000009 0.19292803853750232 0.26006440818309789 0.15504807978868487 91.945945739746108 0.1695402339100838 0.2639319002628327 1.5000000000000002 1.0000000180025095e-35 0.17316342145204547 0.16843971610069278 0.61721614003181469 3.5000000000000004 1.0000000180025095e-35 0.053342817351222045 0.83318904042243969 99.397590637207045 2.5000000000000004 81.892700195312514 1.5000000000000002 0.050641026347875602 0.25866188108921057 95.311355590820327 28.831169128417972 0.41885964572429663 77.032970428466811 66.862743377685561 75.766986846923842
decision_type=2 2 2 2 2 2 2 2 2 2 2 2 2 2 2 2 2 2 2 2 2 2 2 2 2 2 2 2 2 2
left_child=1 21 14 9 5 23 -7 24 -9 11 13 12 -4 -11 15 17 -17 18 -2 -18 -19 26 -16 -5 -6 -12 29 28 -28 -1
right_child=2 -3 3 4 7 6 -8 8 -10 10 25 -13 -14 -15 22 16 19 20 -20 -21 -22 -23 -24 -25 -26 -27 27 -29 -30 -31
leaf_value=0.002969345484228939 -0.04767842187440547 0.030703049601155448 0.0071740196629996259 -0.039514659578104891 -0.036034850134122269 -0.030779054199338341 0.010541587125603637 -0.04755232152298286 0.001005949065308621 0.031205807798496934 0.10259147461289485 0.064795818240719408 -0.20119893232568417 -0.06159443243338969 0.12189817202110205 -0.047956784282256713 0.0021934704344765015 0.017022122142046403 0.053604943825505395 -0.0056802831375088077 0.00013775988041022348 0.041768064957022011 0.01967695660873528 -0.09557089614073834 0.024976663525542918 0.010262826787834727 0.057875735711913623 0.050586480814914375 -0.05636420176437365 0.055043693367109819
leaf_weight=194.39657042249746 9.7420596727170015 11.638457355686112 202.73957235302078 8.2799530637275858 1.4355631365615433 7.5552724390872763 15.157476556312758 6.0429107111413023 80.21312272574869 0.90040528908139172 0.51509481901303011 3.6613436153420471 0.40103811169683368 6.3054845676670084 0.67738291231216807 21.25002263164788 249.7895790504117 31.907807051669806 1.727799383923412 484.4697400634177 396.6977774463594 3.4469046001759116 1.5797225768037604 1.9462114549824043 17.085515344660962 8.5842026209866145 1.9204845065250982 3.6647583301528348 8.7498977510258538 2.4373680840944862
leaf_count=16926 312 4155 29110 219 64 343 1376 152 9689 129 8 439 36 2332 68 24103 14404 411 31 17587 2104 640 153 12 506 3078 156 731 597 162
internal_value=-0.000500527 0.00449076 -0.00122506 0.00269958 -0.0030323 -0.0177887 -0.0032035 0.00160669 -0.00239594 0.00623766 -0.0134523 0.00779011 0.00676265 -0.0499987 -0.00240727 -0.00250688 -0.00426613 0.000513367 -0.0324213 -0.00300169 0.00139473 0.00306929 0.0503547 -0.0501831 0.0202477 0.0154894 0.00243761 -0.0137176 -0.035803 0.00361418
internal_weight=1784.92 226.254 1558.67 360.823 137.716 32.9389 22.7127 104.777 86.256 223.107 16.3052 206.802 203.141 7.20589 1197.84 1195.58 755.509 440.075 11.4699 734.259 428.606 214.616 2.25711 10.2262 18.5211 9.0993 211.169 14.3351 10.6704 196.834
internal_count=130033 23367 106666 47493 12361 1950 1719 10411 9841 35132 5547 29585 29146 2461 59173 58952 56094 2858 343 31991 2515 19212 221 231 570 3086 18572 1484 753 17088
is_linear=0
shrinkage=0.05


Tree=200
num_leaves=31
num_cat=0
split_feature=13 9 8 9 8 8 8 8 12 9 1 0 8 8 10 8 9 9 9 8 2 0 12 2 0 1 2 1 1 9
split_gain=2.81274 3.90547 13.9867 3.09733 7.32262 7.96785 5.60309 4.4313 4.01877 7.08078 4.77261 3.80954 5.2038 3.17967 5.5996 3.0796 16.4214 3.92462 3.40822 16.1788 6.02971 2.98461 2.75367 2.73596 5.16765 5.97742 3.02033 5.592 3.3766 2.63296
threshold=1.0000000180025095e-35 0.053342817351222045 24.575783729553226 0.1123737394809723 50.753845214843757 38.967699050903327 43.599384307861335 25.701179504394535 1.5000000000000002 0.17519181966781619 97.332859039306655 0.87150537967681896 56.797428131103523 49.886877059936531 1.0000000180025095e-35 27.707540512084964 0.10172414034605028 0.15075758099555972 0.10620300844311716 33.854293823242195 99.397590637207045 0.80858638882637035 6.5000000000000009 80.322582244873061 0.90228354930877697 67.006801605224624 85.89511871337892 81.302967071533217 48.050632476806648 0.11651583760976793
decision_type=2 2 2 2 2 2 2 2 2 2 2 2 2 2 2 2 2 2 2 2 2 2 2 2 2 2 2 2 2 2
left_child=15 2 23 4 5 7 -7 -3 13 10 -10 -6 -13 21 -15 17 -17 -1 19 -18 -21 -5 -11 24 25 -2 27 -25 -28 -20
right_child=1 3 -4 8 11 6 -8 -9 9 22 -12 12 -14 14 -16 16 18 -19 29 20 -22 -23 -24 26 -26 -27 28 -29 -30 -31
leaf_value=0.0018033776368752336 0.014914957291168866 -0.0098294980569074032 -0.050146400098272641 0.046592802271755024 -0.00016158762603680837 -0.049824189205289991 0.011881248249146407 0.031893685891687944 -0.0026321663336223038 0.0039917557354217708 -0.033409377189925378 0.17263755668331324 0.056579929359406783 0.031529516950676344 -0.016019312274960128 -0.046769801707606556 1.0042055701623493 0.064404233065399719 -0.04557165962387346 -0.051900986491086258 0.3412087521696896 -0.0035092284783365436 0.025373342505614987 -0.061315097480562276 0.055658520451268949 -0.042712512422516419 -0.066817573047959905 0.020948964268228086 0.00023961536285476651 -0.0016969094149748042
leaf_weight=397.71808810732909 25.967125784605745 8.2302968483418208 14.382077248767017 13.256205624740689 1.6153149587335054 7.9062440475099702 6.8805839140550233 28.061153015529271 32.353585401200689 396.51231944595929 20.626690164441243 1.3324190627317873 3.510805862955749 12.161980435455918 12.613461190441738 21.145624885204597 0.047397077083586647 2.5195279445033512 3.441567193134687 0.41353588600759394 0.12765825283713639 3.8316464264498782 15.652568094446904 5.4828125783242267 5.9749770653434089 5.4430285452399394 1.8950938209891308 3.3146924758329988 199.67575007444248 531.84790371502459
leaf_count=4857 275 56 8118 392 71 591 560 735 997 19675 178 48 32 1827 1638 33384 8 18 1470 187 34 134 13174 37 41 45 18 31 1908 39631
internal_value=0.00069682 0.00283326 -0.00221015 0.00517507 0.0161689 0.00982613 -0.0211115 0.0224316 0.00392746 0.00259199 -0.0146146 0.0663317 0.0885085 0.0187658 0.00732186 -0.00114819 -0.00355213 0.00219746 -0.00184677 0.118404 0.0408267 0.0353583 0.00480375 0.000572551 0.0130365 0.00492876 -0.00164245 -0.0303199 -0.000390831 -0.001979
internal_weight=1783.94 826.681 262.136 564.545 57.5368 51.0783 14.7868 36.2914 507.008 465.145 52.9803 6.45854 4.84322 41.8633 24.7754 957.261 557.024 400.238 535.878 0.588591 0.541194 17.0879 412.165 247.753 37.3851 31.4102 210.368 8.79751 201.571 535.289
internal_count=130170 50581 10473 40108 2093 1942 1151 791 38015 34024 1175 151 80 3991 3465 79589 74714 4875 41330 229 221 526 32849 2355 361 320 1994 68 1926 41101
is_linear=0
shrinkage=0.05


Tree=201
num_leaves=31
num_cat=0
split_feature=8 9 4 8 4 12 12 0 13 4 4 12 1 0 4 9 9 9 0 8 8 9 8 9 2 0 0 4 4 0
split_gain=2.66315 7.23581 3.95445 4.59535 6.43165 5.11302 4.6991 4.24662 3.76765 3.51264 5.84781 3.50288 2.74502 8.44178 3.32557 2.63156 4.60395 2.23699 5.26066 4.99752 3.48523 7.64349 2.87698 2.21354 1.62821 1.07272 1.16698 0.861136 0.854878 0.70267
threshold=95.529048919677749 0.70777988433837902 0.25866188108921057 98.421009063720717 0.19821428507566455 2.5000000000000004 5.5000000000000009 0.93548589944839489 1.0000000180025095e-35 0.31866537034511572 0.32037734985351568 3.5000000000000004 69.282051086425795 0.79644659161567699 0.44862772524356848 0.95119047164917003 0.94281044602394115 0.77525252103805553 0.63168936967849743 94.923065185546889 93.002056121826186 0.62828946113586437 92.870517730712905 0.80476191639900219 94.39203262329103 0.49845199286937719 0.50928142666816723 0.16064515709877017 0.59417229890823375 0.60819187760353099
decision_type=2 2 2 2 2 2 2 2 2 2 2 2 2 2 2 2 2 2 2 2 2 2 2 2 2 2 2 2 2 2
left_child=15 12 3 4 6 -6 -3 8 -5 25 -11 -12 27 -14 24 16 17 20 23 -20 22 -22 -1 -19 -15 -4 -27 29 -18 -2
right_child=1 2 9 7 5 -7 -8 -9 -10 10 11 -13 13 14 -16 -17 28 18 19 -21 21 -23 -24 -25 -26 26 -28 -29 -30 -31
leaf_value=-0.00081599407337278507 -0.024827309524216638 -0.031116356129012687 0.074177296013758595 -0.02305589141865548 -0.25262158300267945 -0.071239288314935631 0.050973218533364596 0.050740546177990599 0.035180870759431299 -0.14966504095464192 0.039254210385202389 0.00034234287696273061 -0.21905523201720439 -0.013615244996029075 -0.083485374595764272 0.055999207316759309 -0.062152888210604808 -0.026288455000690804 0.030612918724252782 -0.053351945747351276 0.014361286986999398 -0.030596237789884975 0.085998862748302263 0.0041585240329639235 0.031904952557961989 -0.018009346641170119 0.042999521821048395 0.061145744004397817 -0.17132999551603245 0.051891706014179917
leaf_weight=1560.317526089013 0.57496458292007691 12.162985471441063 1.9141107622999687 10.971438485765249 0.48399773589335326 1.9698234266543293 2.035006265519768 3.8399715520354212 3.7185590671288073 0.61428843512840003 6.6775993126211679 43.201643546315609 0.36512700031744572 2.1987291938276092 0.70360294438432802 2.0368999903439535 0.30768349568825115 9.3342692750738951 25.177161305298799 1.9063258957758069 14.31446627929108 27.844921321957372 0.95489278220338647 16.560147836135002 18.436492048756918 1.004557693377137 3.5672034502931638 6.5426038331934251 0.42971172835677862 0.62061700318008661
leaf_count=97384 3 748 29 1160 30 138 1362 6336 147 69 1459 4224 28 249 11 674 64 339 8631 533 696 2114 112 1017 1506 8 727 237 14 44
internal_value=-0.000274292 0.00686797 -2.57117e-05 -0.0132064 -0.0322688 -0.107016 -0.0193504 0.00392381 -0.0083141 0.00811269 0.00366336 0.00555168 0.0284469 0.0193308 0.0234098 -0.000797756 -0.000867569 -0.000811963 0.00929675 0.0247029 -0.00114596 -0.0153317 -0.000762897 -0.00681683 0.0270547 0.0427514 0.029594 0.0540156 -0.125775 0.0149969
internal_weight=1780.79 121.603 92.1612 35.1818 16.6518 2.45382 14.198 18.53 14.69 56.9794 50.4935 49.8792 29.4421 21.704 21.3388 1659.18 1657.15 1656.41 52.9779 27.0835 1603.43 42.1594 1561.27 25.8944 20.6352 6.48587 4.57176 7.73819 0.737395 1.19558
internal_count=130093 18515 16437 9921 2278 168 2110 7643 1307 6516 5752 5683 2078 1794 1766 111578 110904 110826 10520 9164 100306 2810 97496 1356 1755 764 735 284 78 47
is_linear=0
shrinkage=0.05


Tree=202
num_leaves=31
num_cat=0
split_feature=13 8 3 3 1 3 0 4 3 1 4 0 3 4 4 1 8 2 2 8 9 4 8 9 9 1 4 9 9 1
split_gain=3.80919 2.91827 4.63461 3.7537 3.42365 2.18305 2.15118 2.08538 5.01616 13.2612 9.49208 6.44531 5.81927 5.07946 4.6918 7.17106 5.63777 19.5508 12.7154 4.258 3.92787 3.6473 1.93038 9.51991 5.41294 6.25203 5.05569 4.17287 3.74634 2.71753
threshold=1.0000000180025095e-35 96.313285827636733 41.444372177124031 30.940170288085941 26.766168594360355 37.617923736572273 0.47371079027652746 0.30839161574840551 49.675325393676765 48.313756942749031 0.29679679870605474 0.47371079027652746 39.077413558959968 0.28708791732788091 0.50333333015441906 60.120481491088874 95.67297744750978 82.446311950683608 10.3913631439209 91.46814346313478 0.72474747896194469 0.50961896777153026 85.254531860351577 0.61721614003181469 0.58578431606292736 71.834934234619155 0.46998800337314611 0.39565217494964605 0.56385868787765514 48.313756942749031
decision_type=2 2 2 2 2 2 2 2 2 2 2 2 2 2 2 2 2 2 2 2 2 2 2 2 2 2 2 2 2 2
left_child=22 7 3 -3 6 -6 -5 8 10 13 11 -2 -12 -10 16 20 18 -18 -9 -11 -16 -17 23 24 28 26 -26 -24 -1 -25
right_child=1 2 -4 4 5 -7 -8 14 9 19 12 -13 -14 -15 15 21 17 -19 -20 -21 -22 -23 27 29 25 -27 -28 -29 -30 -31
leaf_value=-0.0019759400163297945 0.010747093094959637 0.052463853744668387 0.042544976897444603 -0.12419631749454495 0.039002976022412865 -0.030984555038818303 -0.027511941459659062 -0.31604509724840413 0.046988523883534 0.0028531137655931826 0.012304570789230286 -0.032264436693976169 0.16507065700724655 -0.064073077454655666 0.0047960621100652523 0.22032756465252637 -0.0093811764108957876 -0.47712191341111371 -0.005105001316662955 0.030332429457438883 -0.026231043609367195 0.03564469732838748 0.051404686007325187 0.01362563807256525 -0.11746340792781514 0.051877753670015569 -0.025957561951944721 -0.0066743745718215661 0.029445332169132643 0.041128647162352872
leaf_weight=676.53455380196101 12.945747292018494 2.1217826493666525 11.417408884371978 1.0906281587085689 2.0947605860419571 2.3802433153614402 1.2176099533098748 0.32943388074636359 22.928279407788072 408.79685742735455 1.3658200434874737 26.619611884467304 1.1468014230486003 1.0779069505515497 112.38973261104547 0.27244247868657012 1.0497277767572075 0.28380572267633386 167.98679765241104 14.600733881394261 11.218519553032818 14.263856508623574 3.1353417407954103 25.710037648677826 2.6741253428626797 1.3825783672218674 3.4658174697542563 227.32395750832802 9.621261416556079 13.803856150712816
leaf_count=50257 290 210 3513 27 25 17 26 8 938 25690 36 831 23 66 3701 52 23 68 7449 5060 1033 1299 51 505 30 148 67 25650 568 2523
internal_value=0.000237116 0.00274735 0.0214576 -0.00557919 -0.0237349 0.00177678 -0.0731947 0.00227043 0.0042982 0.00585047 -0.0122066 -0.0181911 0.0820295 0.0420017 -0.00095432 0.00588668 -0.00652489 -0.108927 -0.00571358 0.00380073 0.00198008 0.0391061 -0.00189266 -0.000638021 -0.00199782 -0.0441808 -0.065811 -0.00588422 -0.00153535 0.0232336
internal_weight=1781.25 817.599 20.3224 8.90502 6.78324 4.475 2.30824 797.276 489.482 447.404 42.078 39.5654 2.51262 24.0062 307.794 138.145 169.65 1.33353 168.316 423.398 123.608 14.5363 963.652 733.192 693.678 7.52252 6.13994 230.459 686.156 39.5139
internal_count=130184 50385 3818 305 95 42 53 46567 32934 31754 1180 1121 59 1004 13633 6085 7548 91 7457 30750 4734 1351 79799 54098 51070 245 97 25701 50825 3028
is_linear=0
shrinkage=0.05


Tree=203
num_leaves=31
num_cat=0
split_feature=11 10 12 4 4 0 0 2 12 12 3 10 2 3 3 1 3 2 0 12 3 5 12 4 3 2 4 3 4 2
split_gain=2.44817 4.0736 3.97678 3.75178 6.98252 11.3068 3.67992 5.07648 3.22042 4.08065 3.12778 2.79887 2.45382 7.01553 6.57876 5.48078 11.8946 10.4898 5.25169 6.13643 5.06137 6.65542 4.02488 2.36147 2.43884 9.51106 4.75785 2.16959 2.26516 1.8181
threshold=1.0000000180025095e-35 1.5000000000000002 4.5000000000000009 0.76043477654457103 0.8760964870452882 0.47371079027652746 0.49295900762081152 41.728857040405281 3.5000000000000004 4.5000000000000009 95.488464355468764 5.5000000000000009 92.718276977539077 96.590469360351577 98.693367004394545 81.120250701904311 89.417694091796889 81.892700195312514 0.93045547604560863 3.5000000000000004 93.44086074829103 1.0000000180025095e-35 2.5000000000000004 0.75219297409057628 49.675325393676765 30.341388702392582 0.31311275064945226 43.557312011718757 0.79008570313453685 61.651582717895515
decision_type=2 2 2 2 2 2 2 2 2 2 2 2 2 2 2 2 2 2 2 2 2 2 2 2 2 2 2 2 2 2
left_child=1 12 -3 11 5 27 -7 -8 -6 -10 -4 23 14 20 15 17 -17 -1 19 -15 21 -14 -20 24 25 -2 -26 -5 -29 -16
right_child=3 2 10 4 8 6 7 -9 9 -11 -12 -13 13 18 29 16 -18 -19 22 -21 -22 -23 -24 -25 26 -27 -28 28 -30 -31
leaf_value=-0.0028865972710243122 0.0093313089340589864 0.044474463978967822 -0.20847181495880351 -0.055849319123764764 0.0080536695797787904 0.076037487373480539 -0.033896749216434062 0.055747493243486428 -0.013830981389884773 0.016046742678556609 -0.0029835549201421689 -0.060729779730411049 -0.050106661162962786 0.00064466710710308565 0.022257413459001219 0.036650801183993595 -0.013547685711701035 -0.030996747455558162 -0.014403436558046202 0.019710389970671108 0.046133368913949792 0.018876524244977252 -0.0015633978006431336 0.078957494780707058 0.016828000472327131 -0.012877311275502257 0.0010158498529650136 -0.039103584206741836 -0.13430640438070793 -0.098888409188759852
leaf_weight=226.5476590278704 148.48172221990535 9.5138066402578243 0.19284978811629017 4.5643267430132282 67.477844269291381 1.4636386035999738 5.9514579038950597 2.149723546433961 53.000358872232027 14.569653960177673 4.6585152840707451 1.5813990759779688 4.1313476081704748 141.96687749749981 0.35717898485017885 23.539882073033368 23.663436866918346 38.884268224035623 68.328719560347963 60.057273531856481 13.145855208276769 22.752417150739348 571.55673991965887 1.1036144972895261 107.41388662831741 71.386339657066856 85.396038432299974 0.84635742218233678 2.3867271923809312 2.3298146615707083
leaf_count=32196 4291 1957 20 153 2262 32 205 216 1256 766 699 91 316 5596 51 1023 1000 2595 3142 1429 668 1003 20448 37 34461 3167 10797 29 63 106
internal_value=0.00049044 -0.00077913 0.0256884 0.0031997 -0.00351008 -0.0333577 0.00307356 -0.0101088 0.000327238 -0.00738865 -0.0111521 0.00566174 -0.0010967 0.000256793 -0.00488233 -0.00421279 0.0114859 -0.00700457 -0.000715594 0.00631248 0.0207082 0.00827557 -0.00293449 0.00591547 0.00572014 0.00212066 0.00982476 -0.0780468 -0.109384 -0.0827846
internal_weight=1779.4 1211.63 14.3652 567.773 152.41 17.3622 9.56482 8.10118 135.048 67.57 4.85137 415.363 1197.26 881.939 315.322 312.635 47.2033 265.432 841.91 202.024 40.0296 26.8838 639.885 413.782 412.678 219.868 192.81 7.79741 3.23308 2.68699
internal_count=130075 72249 2676 57826 4982 698 453 421 4284 2022 719 52844 69573 32602 36971 36814 2023 34791 30615 7025 1987 1319 23590 52753 52716 7458 45258 245 92 157
is_linear=0
shrinkage=0.05


Tree=204
num_leaves=31
num_cat=0
split_feature=12 9 4 8 9 9 12 4 8 2 4 8 3 4 9 13 8 4 2 3 4 0 12 2 8 2 9 4 3 5
split_gain=2.29991 3.13577 1.91984 8.56563 6.23916 5.10634 4.04383 3.77155 6.01615 7.212 3.67443 10.7638 4.21505 3.47732 5.13493 3.58144 3.43232 3.25813 7.33409 3.65223 3.24851 5.94607 5.46696 2.9233 2.91585 2.85112 2.77229 1.59887 8.38828 8.54765
threshold=1.5000000000000002 0.67424243688583385 0.76043477654457103 58.359212875366218 0.53589746356010448 0.1695402339100838 3.5000000000000004 0.60749301314353954 59.277870178222663 47.690120697021491 0.59417229890823375 92.071350097656264 40.370370864868171 0.63211598992347728 0.31698563694953924 1.0000000180025095e-35 72.982837677001967 0.57735043764114391 37.248718261718757 49.675325393676765 0.88303694128990184 0.47371079027652746 3.5000000000000004 35.388994216918952 52.788888931274421 62.910053253173835 0.44722221791744238 0.11583184450864793 88.303691864013686 1.0000000180025095e-35
decision_type=2 2 2 2 2 2 2 2 2 2 2 2 2 2 2 2 2 2 2 2 2 2 2 2 2 2 2 2 2 2
left_child=1 27 7 5 16 -4 24 10 9 -9 17 12 -12 15 -15 -10 -5 19 -19 -2 21 -6 -22 -13 -7 -11 -18 28 29 -1
right_child=2 -3 3 4 20 6 -8 8 13 25 11 23 -14 14 -16 -17 26 18 -20 -21 22 -23 -24 -25 -26 -27 -28 -29 -30 -31
leaf_value=-0.0036014054019981112 -0.0072291439624005711 0.041727684442271401 -0.030240956985348674 -0.020623356490265941 -0.06860285080584709 0.039083757972838085 -0.0023623432563129971 -0.056483491644427876 0.015976516451796565 0.11265201917216475 0.068898143562884359 -0.075893163156778132 -0.024837934555873815 -0.09656936930574056 0.017906520583654519 0.075214749303970541 -0.025804023656606712 0.057321328538874242 -0.031707708857098775 0.00070322976571700292 0.041222580254462904 0.0056056792384599555 -0.0059169317947736664 -0.18819769714065271 0.0041752486181817856 0.0038231730297883827 -0.075296720814304524 0.0015620373461600046 -0.013450324038329298 0.044265662065365891
leaf_weight=15.561216164584037 165.82183945846919 5.7077317349830983 6.7703777804999836 28.168007128988393 4.8829411300830525 19.150817078887489 17.74171184154693 6.0246412097185393 4.7634573078830709 0.62874632103193917 1.7151847327477279 1.3718557432293894 3.9874133286939468 1.0083044627681363 34.404676384670893 5.4946105433045886 5.1301756771281344 6.9681970649398846 3.4628135227831081 1161.6459952316509 7.6360833540093145 6.0363813082512934 31.616426072781906 1.0031860382878219 8.6992465265793708 14.053406587918289 6.3089275155216455 159.78953412879491 22.187011298461584 23.27724694943754
leaf_count=2397 6107 3363 808 254 41 263 290 761 144 120 48 11 311 41 1039 208 31 154 436 92557 380 286 1525 97 116 785 40 14891 1288 1518
internal_value=0.000430319 0.00513717 -0.000255568 -0.00579442 -0.0151681 0.0102775 0.0162945 0.000301869 0.0119368 -0.0104185 -0.000271918 -0.0338933 0.0033553 0.0220725 0.0146471 0.0477068 -0.0300032 -6.89271e-05 0.0277661 -0.00028765 -0.0034569 -0.0275792 0.00325347 -0.123329 0.0281797 0.00848364 -0.0531004 0.00419136 0.011076 0.025087
internal_weight=1781.02 226.523 1554.5 142.141 89.7789 52.3622 45.5918 1412.35 66.3778 20.7068 1345.98 8.07764 5.7026 45.671 35.413 10.2581 39.6071 1337.9 10.431 1327.47 50.1718 10.9193 39.2525 2.37504 27.8501 14.6822 11.4391 220.815 61.0255 38.8385
internal_count=130310 23457 106853 4034 2557 1477 669 102819 3098 1666 99721 467 359 1432 1080 352 325 99254 590 98664 2232 327 1905 108 379 905 71 20094 5203 3915
is_linear=0
shrinkage=0.05


Tree=205
num_leaves=31
num_cat=0
split_feature=2 3 2 9 8 0 0 9 7 5 8 4 4 12 4 3 2 0 2 12 3 3 0 3 8 8 3 4 4 3
split_gain=2.12843 10.0178 6.55521 6.32633 6.22522 10.7298 6.51811 4.80038 9.44739 7.3862 6.6853 6.40247 12.4106 6.17331 5.16803 4.26544 4.08724 4.01856 10.5024 8.41912 4.45498 4.07049 5.75675 5.23887 3.94794 8.64559 4.3252 4.70468 5.38321 5.18647
threshold=93.44086074829103 99.425289154052749 97.590011596679702 0.8834841549396516 86.685932159423842 0.79644659161567699 0.80858638882637035 0.13423423469066623 1.0000000180025095e-35 1.0000000180025095e-35 37.221672058105476 0.50333333015441906 0.51042118668556224 1.5000000000000002 0.45534290373325353 69.309261322021499 79.008567810058608 0.94167065620422374 92.422504425048842 1.5000000000000002 97.100841522216811 92.40384674072267 0.93335816264152538 91.734970092773452 95.872028350830092 96.014438629150405 85.053192138671889 0.13714733719825747 0.30094340443611151 84.889995574951186
decision_type=2 2 2 2 2 2 2 2 2 2 2 2 2 2 2 2 2 2 2 2 2 2 2 2 2 2 2 2 2 2
left_child=7 24 -3 4 5 -4 -6 8 11 16 -9 -1 -13 14 -11 -15 -10 21 20 -20 -19 23 -23 -12 26 -26 27 29 -29 -2
right_child=1 2 3 -5 6 -7 -8 10 9 13 17 12 -14 15 -16 -17 -18 18 19 -21 -22 22 -24 -25 25 -27 -28 28 -30 -31
leaf_value=-0.035113882110021699 0.046978090579278521 -0.087860196450856853 0.052984038985540195 0.050097612279619133 -0.090147303250276312 0.0012853197337010999 -0.0081857194736225363 0.027838159894687416 -0.0085323039167760628 0.027238114071341565 -0.0018791582573830221 0.66835262075857438 -0.0014937316890832669 -0.045385851938116499 -0.057024386603755001 -0.00024715214301798173 -0.047737716759180877 0.045875745890520535 -0.2618786179334307 -0.027222299157058334 -0.07103415697873082 0.030970524538131528 -0.068208798399644568 -0.085696110285845062 -0.51283794667358684 -0.012970966260133034 0.040342607105786368 -0.05903967047979275 0.017081671243112766 -0.22377347063962355
leaf_weight=43.981164517259458 6.5865368384256753 2.0996745880693188 10.170173548773162 6.4068444571457794 2.4711466297740108 762.03940038506698 131.96243963083543 21.238548592518782 15.90415771584958 30.991085134446621 561.30558868462685 0.069438547972825115 16.565301437964081 5.6177577958442262 1.9331960901617993 76.546107687056065 11.422175537794827 13.858127856874489 0.47623207602009587 1.9368468828033654 0.86576662526931691 16.290646029185158 1.6074750462867076 1.8705052591249103 0.088514163711806204 3.805094244380598 27.400205583908246 3.995776100404326 5.5465150271193124 0.18175729535869312
leaf_count=28797 937 151 844 10912 699 33939 16808 475 302 339 20402 7 3816 275 42 765 78 2485 62 451 46 2665 88 178 26 1318 2876 241 316 21
internal_value=-4.80085e-05 0.00154771 0.000384458 0.000587387 0.000237521 0.0019662 -0.00969233 -0.00191588 -0.00858806 -0.00155148 0.000270988 -0.0251202 0.00130241 0.00399706 0.0222905 -0.0033334 -0.0249198 -0.000707741 0.0231553 -0.0735328 0.0390014 -0.00141151 0.022063 -0.00215754 0.0239102 -0.0243345 0.0282077 0.00782222 -0.0147937 0.0397073
internal_weight=1785.23 962.754 915.15 913.05 906.643 772.21 134.434 822.48 203.03 142.414 619.45 60.6159 16.6347 115.088 32.9243 82.1639 27.3263 598.211 17.137 2.41308 14.7239 581.074 17.8981 563.176 47.6044 3.89361 43.7108 16.3106 9.54229 6.76829
internal_count=130361 69088 63353 63202 52290 34783 17507 61273 34421 1801 26852 32620 3823 1421 381 1040 380 26377 3044 513 2531 23333 2753 20580 5735 1344 4391 1515 557 958
is_linear=0
shrinkage=0.05


Tree=206
num_leaves=31
num_cat=0
split_feature=12 8 9 13 11 9 8 2 1 9 3 1 3 8 2 1 8 9 4 1 1 1 12 4 1 4 4 3 9 8
split_gain=2.55631 2.55128 6.8303 8.54316 6.53363 7.04527 5.64218 4.03192 7.82286 5.44291 4.63772 4.37737 3.3103 2.64157 4.02408 15.6905 2.75399 2.90278 2.09889 2.0866 2.02907 1.86623 1.79287 5.99662 11.7083 8.70965 6.65816 5.74442 4.2735 5.94163
threshold=4.5000000000000009 72.298423767089858 0.37797619402408605 1.0000000180025095e-35 1.0000000180025095e-35 0.31698563694953924 66.862743377685561 93.44086074829103 87.20676422119142 0.41885964572429663 94.826045989990249 52.240802764892585 91.042778015136733 94.923065185546889 26.766168594360355 24.316333770751957 84.237243652343764 0.54772728681564342 0.23861283808946612 73.20508193969728 94.570026397705092 86.391696929931655 3.5000000000000004 0.32200460135936743 71.535182952880874 0.2736185491085053 0.21103239059448245 52.419982910156257 0.56385868787765514 52.198066711425788
decision_type=2 2 2 2 2 2 2 2 2 2 2 2 2 2 2 2 2 2 2 2 2 2 2 2 2 2 2 2 2 2
left_child=22 6 3 21 5 -5 7 8 9 -2 20 -12 -10 16 15 -15 19 -18 -16 -4 -9 -3 -1 25 -25 26 27 -24 29 -27
right_child=1 2 13 4 -6 -7 -8 10 12 -11 11 -13 -14 14 18 -17 17 -19 -20 -21 -22 -23 23 24 -26 28 -28 -29 -30 -31
leaf_value=-0.00039912360055024704 -0.017080957754235706 -0.01809356678907563 -0.0049106722568340545 -0.022031299628244752 0.034826651115204992 -0.094909250896205638 0.042818484726328356 0.052188720775439928 -0.2701136594339148 0.069656138657235189 -0.10092896047679051 0.00744378780704439 -0.087621061157980837 0.0089017286743023512 0.011285858866957797 -0.21690442814162753 -0.024077069315874437 -0.0015626814068835722 0.038042085898049527 0.019043054005780491 0.16836748040736371 0.059199658381313962 -0.029311521845840252 -0.003400296351015992 0.026372720004716049 -0.024661202282686201 0.01764723212465193 -0.0051796229833800137 -0.0024133992595461035 -0.07265189960354039
leaf_weight=904.55922669975553 15.753425753267953 1.089981561060996 15.07644069258822 6.5150756584480387 2.1502689212793493 6.7541735148988664 10.446449389914049 1.1896560707245942 0.31036414336995122 2.0432693314505732 0.93763548415154119 149.17863521244726 1.2465565265010807 5.503045097924768 20.678937888631481 0.89434275776147831 18.673352556710597 61.35838184451859 11.353987583177512 22.901681277478929 0.54937769597745489 2.7544761686003767 27.943649084831122 169.19043815719488 41.028123499127105 20.326745919868703 28.281711026196717 209.89714565785835 10.218337781436274 9.4470942501211521
leaf_count=66179 513 19 882 170 517 238 1173 63 41 71 18 5878 71 431 10302 9 1747 16372 3318 5641 43 86 575 4195 1631 699 809 8109 357 170
internal_value=-0.000790274 0.00298987 -0.00130579 -0.0293989 -0.0460249 -0.0591269 0.00714479 0.00496813 -0.0165248 -0.00712252 0.00770736 0.00676688 -0.124 0.00215359 0.013539 -0.0226655 -0.00155411 -0.00681584 0.0207695 0.00953398 0.0888907 0.0372855 -0.00174099 -0.0040918 0.00241047 -0.00855711 -0.00528766 -0.00801485 -0.0303132 -0.0398884
internal_weight=1778.25 357.36 175.704 19.264 15.4195 13.2692 181.655 171.209 19.3536 17.7967 151.855 150.116 1.55692 156.44 38.4303 6.39739 118.01 80.0317 32.0329 37.9781 1.73903 3.84446 1420.89 516.333 210.219 306.115 266.123 237.841 39.9922 29.7738
internal_count=130327 47603 39732 1030 925 408 7871 6698 696 584 6002 5896 112 38702 14060 440 24642 18119 13620 6523 106 105 82724 16545 5826 10719 9493 8684 1226 869
is_linear=0
shrinkage=0.05


Tree=207
num_leaves=31
num_cat=0
split_feature=13 8 9 3 11 8 10 3 9 5 1 4 3 2 2 10 1 9 1 8 9 9 9 9 8 3 1 1 1 10
split_gain=2.0249 3.56542 13.8134 5.84294 8.6249 4.67727 4.94336 4.33913 3.99516 2.83148 7.7438 8.17191 4.28993 6.55949 5.04204 2.82319 2.46751 6.85167 5.10766 1.78162 1.69568 9.34488 5.1413 8.09818 28.3495 3.50728 3.29151 2.87839 2.85411 3.98319
threshold=1.0000000180025095e-35 27.707540512084964 0.13188406080007556 35.388994216918952 1.0000000180025095e-35 36.930006027221687 1.0000000180025095e-35 53.907203674316413 0.15075758099555972 1.0000000180025095e-35 87.20676422119142 0.35355392098426824 88.303691864013686 58.919960021972663 94.201679229736342 2.5000000000000004 75.905715942382827 0.18898809701204303 75.147060394287124 39.182224273681648 0.64495798945426952 0.62828946113586437 0.6885775923728944 0.69397994875907909 91.159626007080092 42.206478118896491 27.953488349914554 18.350168228149418 22.401432991027836 1.0000000180025095e-35
decision_type=2 2 2 2 2 2 2 2 2 2 2 2 2 2 2 2 2 2 2 2 2 2 2 2 2 2 2 2 2 2
left_child=1 8 3 4 -3 6 -4 -8 9 10 11 -1 13 -11 -14 20 18 -18 -7 -6 21 -2 25 24 -24 26 -22 -27 -23 -30
right_child=15 2 5 -5 19 16 7 -9 -10 12 -12 -13 14 -15 -16 -17 17 -19 -20 -21 22 28 23 -25 -26 27 -28 -29 29 -31
leaf_value=-0.041742362973000005 0.0013763941504624415 0.15245645363151011 -0.046086117084263606 -0.048089026015816508 -0.065092984931334377 -0.0048052754463244994 0.027560261132097086 0.1176781447176608 0.071044607320221581 -0.034455268168579398 0.050309968219118997 0.020439381515094512 -0.024456217146192838 0.021210141096661403 0.0023299780446932625 0.026293980663428973 0.064957724162120159 0.00042188027378011503 -0.081400472100013832 0.013622767139507268 0.026321948393776815 0.051525139951974157 -0.0018615465808154788 0.0034526174458785054 -0.49898719766684291 -0.13202544971548202 -0.032147476303714083 0.044166957983760857 -0.019086275471172684 -0.10807246548885621
leaf_weight=17.897534045565415 717.30717169071431 0.91569487913511993 1.4538422519690346 23.362244561889383 1.3665214705688415 331.9227318228659 4.1649092797888443 1.9663777123205362 2.0974476988194501 5.8917267996293949 4.1467330622253931 7.4969386272714464 18.683298692543758 52.01131238770904 294.3133364894893 11.805778953996194 4.208475431194528 180.84749481828476 2.1908692940487517 1.5166504284716209 6.2953833598294313 0.50168879731790994 1.3648479955736537 60.814135176493437 0.3630715031758881 0.23528991639614005 3.8970112949609756 15.632462073364875 2.0652999794110656 3.2153890542977024
leaf_count=598 33058 15 37 35106 158 15126 150 26 15 632 41 215 174 1051 2131 1858 150 23259 146 534 127 45 149 10590 25 1 18 4263 81 266
internal_value=0.000201615 -0.00136321 -0.00396562 -0.0387375 0.0187723 -0.00217267 0.0368067 0.0564622 0.00221785 0.00185734 -0.0130404 -0.0233851 0.00304391 0.0155461 0.000731065 0.00201909 -0.00274217 0.00188953 -0.00530753 -0.0236857 0.00166602 0.000866052 0.00819461 0.000419864 -0.106318 0.0268533 0.00396646 0.0415543 -0.0624422 -0.0732696
internal_weight=1779.95 956.454 553.916 27.1611 3.79887 526.755 7.58513 6.13129 402.538 400.441 29.5412 25.3945 370.9 57.903 312.997 823.498 519.17 185.056 334.114 2.88317 811.692 723.09 88.6022 62.5421 1.72792 26.0601 10.1924 15.8678 5.78238 5.28069
internal_count=130045 79564 74707 35813 707 38894 213 176 4857 4842 854 813 3988 1683 2305 50481 38681 23409 15272 692 48623 33450 15173 10764 174 4409 145 4264 392 347
is_linear=0
shrinkage=0.05


Tree=208
num_leaves=31
num_cat=0
split_feature=1 3 0 2 0 3 0 12 0 12 12 1 12 0 4 3 1 5 1 8 8 8 8 10 0 2 0 3 4 1
split_gain=2.6083 5.12056 8.39524 10.5766 11.097 10.7146 8.08466 7.62516 6.00715 4.63881 4.41877 4.72421 4.81922 4.63567 4.37544 4.26403 3.72017 5.22911 3.49969 5.25961 4.89103 8.75736 4.5176 3.7559 3.18321 3.06892 3.05868 2.8493 2.81488 3.86693
threshold=74.352157592773452 89.417694091796889 0.82954803109169017 93.44086074829103 0.89234432578086864 96.922348022460952 0.92727673053741466 2.5000000000000004 0.94001582264900219 3.5000000000000004 2.5000000000000004 75.716625213623061 4.5000000000000009 0.73414683341979992 0.17712418735027316 98.437118530273452 76.50690078735353 1.0000000180025095e-35 73.765182495117202 53.368236541748054 76.961540222167983 78.41568756103517 50.753845214843757 1.5000000000000002 0.70836466550827037 75.204917907714858 0.9457288682460786 74.788135528564467 0.15047170221805575 83.43881988525392
decision_type=2 2 2 2 2 2 2 2 2 2 2 2 2 2 2 2 2 2 2 2 2 2 2 2 2 2 2 2 2 2
left_child=18 8 14 4 7 -6 9 -4 10 -5 16 13 -13 -12 28 -8 27 -18 26 22 -21 -22 -20 -23 -16 -26 -1 -2 29 -3
right_child=1 2 3 6 5 -7 15 -9 -10 -11 11 12 -14 -15 24 -17 17 -19 19 20 21 23 -24 -25 25 -27 -28 -29 -30 -31
leaf_value=-0.001557504166503179 0.074623169745478488 -0.06412133480433968 -0.066347144300793456 0.0081383077289636334 -0.0050714094644050411 -0.092078268237109767 0.023665507810293571 -0.23194167969869495 0.043630028515208502 0.034910298393453616 0.34493158288245424 -0.029357233280487449 0.020037427013004538 0.043057823134570482 -0.054659354455538267 -0.00054617853475650094 -0.010591853786557101 0.039646084106008971 -0.049816048180325645 0.081069397021302031 -0.53858434662276733 0.013884278451805092 -0.22190045321522367 -0.23217029508758125 0.29906090428142668 0.06288283823599293 0.045674204422939256 -0.019960499907969057 -0.047265457000023603 0.066174355646947999
leaf_weight=837.08202095628076 0.88908273956621808 0.77798815366986618 4.2614710631023618 44.309904461522819 32.450266962550813 3.9714552808291037 18.672533849559841 0.83069150467053976 14.382405109688987 25.487135770628811 0.13532918028068097 16.573639226029631 7.033745786669896 2.1106030693335924 0.57634196721482922 696.30294322683767 6.8143254925089449 21.592746628084569 5.1087892546202038 1.5618051755009221 0.084714140044525155 1.2888107328035401 0.41215485846623767 0.17630937269132108 0.1397750355390589 8.6239293578037159 3.4418246470740987 7.6253910210798495 1.881901358879986 2.1242534457851434
leaf_count=60843 56 91 171 1597 2824 187 2565 67 2030 2118 12 969 1908 233 42 49070 676 1009 311 40 6 187 12 45 4 1922 407 416 198 232
internal_value=0.000307655 0.00215581 0.00102406 0.000370693 -0.0242247 -0.0145587 0.00167177 -0.0933608 0.0144831 0.0179144 0.0078052 -0.00804774 -0.0146403 0.0612473 0.039247 8.61418e-05 0.0189058 0.0275949 -0.0016894 -0.0333629 0.0186234 -0.0443049 -0.0626627 -0.0157254 0.0591642 0.0666497 -0.0013641 -0.0100841 0.000362978 0.0312467
internal_weight=1766.72 917.568 840.411 826.286 41.5139 36.4217 784.773 5.09216 77.1573 69.797 62.7749 25.8533 23.6074 2.24593 14.1242 714.975 36.9215 28.4071 849.156 8.63258 3.11164 1.54983 5.52094 1.46512 9.34005 8.7637 840.524 8.51447 4.78414 2.90224
internal_count=130248 68397 61088 58599 3249 3011 55350 238 7309 3715 5279 3122 2877 245 2489 51635 2157 1685 61851 601 278 238 323 232 1968 1926 61250 472 521 323
is_linear=0
shrinkage=0.05


Tree=209
num_leaves=31
num_cat=0
split_feature=2 10 1 9 8 0 3 8 3 0 3 0 2 1 4 4 9 0 3 2 10 2 4 0 4 3 9 9 9 9
split_gain=1.96811 10.3314 7.17434 5.75164 8.81877 7.08356 6.65555 5.72876 4.89351 10.128 6.41363 4.75524 4.49903 8.32772 4.09584 3.97331 3.62619 3.18865 3.15042 3.49591 4.69613 3.09606 7.33806 11.3521 3.64355 4.03146 2.75869 2.58713 2.54709 2.51239
threshold=27.842377662658695 1.0000000180025095e-35 30.0684928894043 0.25462962687015539 49.886877059936531 0.36442859470844274 53.907203674316413 60.221162796020515 55.646631240844734 0.57937657833099376 60.158729553222663 0.47371079027652746 44.575162887573249 45.308176040649421 0.41421362757682806 0.81892696022987377 0.90238094329833995 0.78994339704513561 55.245780944824226 49.151567459106452 1.0000000180025095e-35 59.870130538940437 0.41421362757682806 0.57937657833099376 0.38935969769954687 59.491636276245124 0.30901856720447546 0.16064515709877017 0.23904761672019961 0.81534090638160717
decision_type=2 2 2 2 2 2 2 2 2 2 2 2 2 2 2 2 2 2 2 2 2 2 2 2 2 2 2 2 2 2
left_child=1 -1 3 4 5 -3 7 -5 9 18 21 -8 13 14 -12 16 -14 -17 19 20 -2 24 -23 -24 26 -26 -10 -21 -15 -11
right_child=8 2 -4 6 -6 -7 11 -9 10 29 12 -13 15 28 -16 17 -18 -19 -20 27 -22 22 23 -25 25 -27 -28 -29 -30 -31
leaf_value=0.063970288094438971 0.054412849520160511 0.011913178788695416 0.10417144514285342 0.022213176218180912 -0.052118314987696729 -0.039144432113820175 -0.11973761977996134 0.0029465992044355334 0.0084809136279236502 -0.036905926020982846 0.054680414502629185 -0.019648919555807189 0.00012016093383657553 0.13734010067982541 -0.015809410348128019 0.043989247822686733 0.030593742833799675 -0.08870042128387505 -0.070720748769961123 -0.051013400358711082 -0.0032030682715718257 0.046753837772491286 0.61243632783911395 0.0097217427241277632 -0.05005210283116051 0.056736144367646513 0.048690588967872428 0.080478487857180883 0.057766198011700721 -0.0033893724959335107
leaf_weight=7.137278720852918 3.6730407968425416 26.182921153609641 1.7446220819838334 48.511927590094274 11.274269428686237 9.1730987197661289 1.6065447889268387 188.50399576019845 8.2859651567996568 31.078039088301011 2.8304683509486477 4.5409743962227367 1282.0777216264833 1.5272242378850922 7.5782465473312186 0.5755609171756072 9.8370110940886644 2.1221803907246795 1.5794778941344692 0.45278881356352885 95.259240213141311 3.4535762896412048 0.1505172561155631 0.16243882292474154 3.2926632812450398 1.2080686419940319 8.7914528716937621 2.1518462060485035 2.9445858004328329 6.8178453858708954
leaf_count=1193 400 1046 29 905 1108 1669 11 4335 2332 3115 211 116 94781 22 385 68 13391 122 53 197 3523 313 34 17 360 132 147 30 147 76
internal_value=0.000835302 0.00453678 0.00308176 0.00247318 -0.0136124 -0.00133369 0.00555783 0.00689004 8.6215e-05 -0.00877197 0.00102199 -0.0458053 0.000539825 0.027876 0.00335907 0.000225617 0.000352196 -0.0603912 -0.000648627 0.000441394 -0.00106397 0.0259344 0.0677624 0.299599 0.0186332 -0.0213884 0.0291808 0.05762 0.0849425 -0.030876
internal_weight=1774.53 298.676 291.538 289.794 46.6303 35.356 243.163 237.016 1475.85 141.012 1334.84 6.14752 1309.49 14.8805 10.4087 1294.61 1291.91 2.69774 103.116 101.537 98.9323 25.3447 3.76653 0.312956 21.5781 4.50073 17.0774 2.60464 4.47181 37.8959
internal_count=130268 10412 9219 9190 3823 2715 5367 5240 119856 7394 112462 127 109127 765 596 108362 108172 190 4203 4150 3923 3335 364 51 2971 492 2479 227 169 3191
is_linear=0
shrinkage=0.05


Tree=210
num_leaves=31
num_cat=0
split_feature=4 4 0 8 9 0 9 9 8 8 10 8 0 8 11 8 3 2 1 8 2 2 8 0 9 10 2 3 0 0
split_gain=1.70582 7.91775 7.69203 4.63176 7.66194 4.57626 3.28396 4.85054 4.87584 4.39191 3.23544 3.09586 2.95371 2.81959 3.01698 2.73902 2.21551 7.01781 6.74894 5.95578 5.19536 5.49389 5.98967 4.52051 4.00685 7.51578 4.17583 3.96383 9.70265 5.30443
threshold=0.98275861144065868 0.84924244880676281 0.55280381441116344 53.368236541748054 0.29520697891712194 0.76891508698463451 0.23205128312110904 0.2639319002628327 44.081142425537116 39.35298156738282 1.0000000180025095e-35 45.625810623168952 0.79644659161567699 42.37849426269532 1.0000000180025095e-35 48.231122970581062 34.851621627807624 28.778468132019047 30.0684928894043 30.202253341674808 24.316333770751957 25.866189002990726 80.565547943115249 0.39541377127170568 0.2639319002628327 1.0000000180025095e-35 22.431865692138675 56.33012771606446 0.57937657833099376 0.83522135019302379
decision_type=2 2 2 2 2 2 2 2 2 2 2 2 2 2 2 2 2 2 2 2 2 2 2 2 2 2 2 2 2 2
left_child=1 16 -3 6 -5 -4 10 15 9 -9 -2 -10 -7 14 -12 -8 20 18 19 -18 24 22 -22 -23 25 -1 -26 28 -19 -29
right_child=3 2 5 4 -6 12 7 8 11 -11 13 -13 -14 -15 -16 -17 17 27 -20 -21 21 23 -24 -25 26 -27 -28 29 -30 -31
leaf_value=0.076011065692267343 0.065055044972463713 -0.087464560917725878 0.04846756721205342 -0.056539074519757759 0.0024058803112171584 -0.16611130538151531 0.049730159583571465 0.03472513216859105 0.094206328841843268 -0.055984631953557219 0.075294172627691378 0.025167705415051523 -0.013046817745722351 -0.02618884492445462 0.0031521692309348899 0.12967660419213586 0.1288310883376238 0.0010607055100748757 0.10023032017401555 0.010461587317432821 -0.0064504587117945704 -0.080589551555169281 -0.098529573322129901 -0.006512961754788789 0.00024876068661954355 -0.051553146957076301 0.038987632736809864 0.0089459228530737976 -0.030343817748138276 -0.00089700283787351681
leaf_weight=1.3789256326854209 1.9810611508728495 5.1109212022565753 2.3958911758381878 5.8928451002575448 85.51933372777421 0.47834247915307038 3.7460236822516917 2.1723539699451093 1.8366073097567994 3.4593525812961161 1.6418567669461488 14.015085961174917 0.92401546490145847 7.6163128152256823 12.352348496497143 1.5005071456544099 1.0768273121211667 72.112377759636729 2.2272253512055604 80.837260524451267 2.9568145288212682 2.2463481753366095 4.3857695986516774 24.762440773454728 45.415800510236295 7.0998208156088367 8.2147383164265175 154.91660457188846 37.325244515101076 1175.4338647830809
leaf_count=8 73 155 131 239 4282 23 69 48 26 65 38 259 63 530 361 41 12 3287 37 2352 183 67 30 918 598 947 85 24843 3459 86848
internal_value=5.1059e-05 -0.000406619 -0.0474135 0.00531229 -0.00139398 0.00647916 0.0174947 0.0294944 0.0189687 -0.0209946 0.00389862 0.0331667 -0.0652569 -0.00170766 0.0116162 0.0725948 -0.000148167 0.00031698 0.0143526 0.0120177 -0.00749677 -0.0230998 -0.0614499 -0.012674 0.00113294 -0.030807 0.0061825 -0.000503266 -0.00965025 0.000249186
internal_weight=1771.03 1629.3 8.90917 141.734 91.4122 3.79825 50.3215 26.7299 21.4834 5.63171 23.5916 15.8517 1.40236 21.6105 13.9942 5.24653 1620.39 1523.93 84.1413 81.9141 96.4607 34.3514 7.34258 27.0088 62.1093 8.47875 53.6305 1439.79 109.438 1330.35
internal_count=130077 124046 372 6031 4521 217 1510 508 398 113 1002 285 86 929 399 110 123674 120838 2401 2364 2836 1198 213 985 1638 955 683 118437 6746 111691
is_linear=0
shrinkage=0.05


Tree=211
num_leaves=31
num_cat=0
split_feature=4 5 3 5 3 2 10 2 9 9 2 3 4 4 4 0 0 4 2 1 0 10 0 0 1 0 2 4 10 2
split_gain=2.80207 9.51939 13.3818 6.05319 16.8395 9.78324 11.2498 9.52076 8.41523 7.58179 7.29903 7.06767 6.15401 5.95546 5.65941 6.5138 5.32627 6.83951 5.32291 4.86935 4.72622 4.64756 5.82898 4.64433 4.55801 4.2065 4.19709 5.60748 7.29369 3.98581
threshold=0.13714733719825747 1.0000000180025095e-35 97.100841522216811 1.0000000180025095e-35 89.699382781982436 69.028213500976577 1.0000000180025095e-35 92.718276977539077 0.045983087271451957 0.23205128312110904 91.715686798095717 50.373134613037116 0.16843971610069278 0.27622890472412115 0.15047170221805575 0.81691387295722973 0.93548589944839489 0.42163743078708654 97.467948913574233 89.417694091796889 0.98632183670997631 1.5000000000000002 0.76891508698463451 0.97939202189445507 80.901721954345717 0.91250488162040722 93.44086074829103 0.045983087271451957 1.0000000180025095e-35 54.669988632202156
decision_type=2 2 2 2 2 2 2 2 2 2 2 2 2 2 2 2 2 2 2 2 2 2 2 2 2 2 2 2 2 2
left_child=1 -1 26 4 5 6 8 10 -2 -8 11 -5 14 -13 -6 -16 17 19 20 -9 23 29 -23 -4 -18 -19 27 -3 -29 -14
right_child=3 2 18 7 12 -7 9 16 -10 -11 -12 13 21 -15 15 -17 24 25 -20 -21 -22 22 -24 -25 -26 -27 -28 28 -30 -31
leaf_value=-0.013246160174609332 -0.012726538981917626 0.0013852799161275416 -0.094556493005687775 0.075141050966067727 0.053162629894477176 -0.03157130522005229 -0.018849250599633188 0.012763616500143482 0.051417088952104277 0.0023334419678420776 -0.12134734561270979 -0.0059527951111895839 0.0075782757632574631 -0.028122185892864329 -0.18385625271584555 -0.018730370457516889 -0.076641566627483532 -0.0025000501024811579 0.0017555061745911362 -0.14868517743003462 -0.11899772396563493 0.05058073024001139 -0.080089699388643298 0.068170151444073984 -0.0073057723547044866 -0.044027507345587448 0.038019998561465623 0.014423541679844299 0.048438119462635459 0.047943577296968708
leaf_weight=77.883314543068991 7.0336792213638573 51.865093350148527 0.77864396611403153 2.1312610117311115 1.5061806394078292 23.046094005170744 47.908302956842817 122.09629379940452 18.727824987028725 357.19015478304937 1.6385979225306062 62.445382548467023 7.4279088870680416 58.835692646971438 0.8381430602166805 2.0778233921009814 2.4140575914352658 108.35661561174493 533.49919362498622 0.46881992020644148 1.7262720951548542 1.5870262473981704 1.8463596822621182 1.0036691418208645 130.71146803286683 6.4616794579487751 21.893544229926192 70.992240028586821 20.257018168529612 34.615894015791127
leaf_count=7484 3073 4638 52 214 190 2796 5797 6052 2101 7815 88 7493 702 10039 92 158 105 5884 40745 52 134 951 837 62 6053 381 3230 5316 2479 5088
internal_value=0.00109238 0.0033385 0.00517844 -0.000660474 0.0031989 0.000168025 0.00186572 -0.00458406 0.0339039 -0.000171694 -0.0165133 -0.0151214 0.0307691 -0.0167076 -0.0255405 -0.0661929 -0.000557801 0.00393159 0.00135181 0.0121461 -0.0600322 0.0362445 -0.0196894 -0.00292068 -0.00856309 -0.00483711 0.017632 0.014513 0.0219747 0.0408122
internal_weight=1779.26 779.899 702.016 999.365 503.805 453.906 430.86 495.56 25.7615 405.098 125.051 123.412 49.8993 121.281 4.42215 2.91597 370.509 237.383 537.008 122.565 3.50859 45.4772 3.43339 1.78231 133.126 114.818 165.008 143.114 91.2493 42.0438
internal_count=130101 64140 56656 65961 29600 21582 18786 36361 5174 13612 17834 17746 8018 17532 440 250 18527 12369 40993 6104 248 7578 1788 114 6158 6265 15663 12433 7795 5790
is_linear=0
shrinkage=0.05


Tree=212
num_leaves=31
num_cat=0
split_feature=13 12 1 9 9 2 3 4 2 3 1 5 11 3 1 3 9 3 9 3 3 4 3 12 9 4 7 9 4 7
split_gain=2.61889 3.56468 4.56303 4.21957 10.6709 13.0649 5.21323 4.41222 6.73308 3.86907 2.84096 5.2584 5.63951 7.31862 4.82682 4.60913 7.83548 4.39883 7.59908 4.39288 3.359 3.95493 3.17104 2.36183 4.90202 4.9 4.74887 3.1275 2.77805 1.88764
threshold=1.0000000180025095e-35 2.5000000000000004 84.561214447021499 0.2639319002628327 0.23669467866420749 99.397590637207045 71.937500000000014 0.063164893537759795 77.058032989501967 41.728857040405281 87.841831207275405 1.0000000180025095e-35 1.0000000180025095e-35 99.425289154052749 79.337715148925795 88.493064880371108 0.47493734955787664 92.63776016235353 0.04446640424430371 78.319625854492202 87.841831207275405 0.11583184450864793 99.425289154052749 3.5000000000000004 0.61721614003181469 0.26365442574024206 1.0000000180025095e-35 0.62828946113586437 0.25866188108921057 1.0000000180025095e-35
decision_type=2 2 2 2 2 2 2 2 2 2 2 2 2 2 2 2 2 2 2 2 2 2 2 2 2 2 2 2 2 2
left_child=29 10 3 4 6 -6 -3 8 -5 -9 14 15 22 -14 17 -12 -17 19 -19 -2 -16 -22 -13 26 28 -26 27 -4 -25 -1
right_child=1 2 23 7 5 -7 -8 9 -10 -11 11 12 13 -15 20 16 -18 18 -20 -21 21 -23 -24 24 25 -27 -28 -29 -30 -31
leaf_value=-0.0032366245578466651 0.007208995133893073 -0.053081961998648668 0.0037367741374647401 -0.054633220580561005 -0.0097668927027872478 -0.14477672948032105 -0.0048067858801151726 -0.0061244335448430304 0.050991072773241643 0.0088390843980826021 0.045512320008712193 0.038169136872497372 0.027265548117402269 -0.25159303465093774 0.06412371785177727 -0.053313364344485872 -0.27241846076189824 -0.0045196352899555016 0.038974707205449322 -0.014865116850107241 -0.048823600538600326 0.032122842340006889 -0.0052113401151586414 -0.00020642277968066256 0.037627908265170332 -0.22523262051840887 0.02762144444685102 -0.065588049288140798 0.043953627702491727 0.0013137290145143188
leaf_weight=553.07700654688961 134.53427557009854 5.929056411900091 29.618147631641481 7.3572366167209093 3.9966819905675939 3.2482678308151662 98.494756837462774 75.44372369768098 1.8980167485133277 101.07665535753767 0.90468971765949646 6.1251206428423801 0.45513877805205893 0.48709994638920762 6.2795671529165729 3.3468294241465633 0.46469257841818024 16.667983317980543 25.263358152500587 27.074096385877056 1.8344294618000265 8.5054699112733925 13.491794176108669 193.30518631899031 11.721202632921628 0.18001338679459955 30.593892173841596 1.7214554457750626 3.6282506960560559 387.66017267433926
leaf_count=76483 6997 756 1894 211 87 85 2756 1058 446 8140 169 598 66 36 365 234 156 578 1828 1533 90 598 610 11721 8778 55 231 329 102 3146
internal_value=0.000435087 0.00251231 0.00033723 -0.00393778 -0.011619 -0.0702985 -0.00754779 0.000679354 -0.0329724 0.00244377 0.00754789 -0.00832859 0.00259441 -0.116893 0.00937059 -0.0559447 -0.0800262 0.00725508 0.0216854 0.00351094 0.0352794 0.0177619 0.00833364 0.00503342 0.00249035 0.033652 0.0136084 -7.11744e-05 0.000607171 -0.00136151
internal_weight=1754.38 813.647 568.213 297.444 111.669 7.24495 104.424 185.776 9.25525 176.52 245.435 25.2754 20.5592 0.942239 220.159 4.71621 3.81152 203.54 41.9313 161.608 16.6195 10.3399 19.6169 270.768 208.835 11.9012 61.9335 31.3396 196.933 940.737
internal_count=130136 50507 36649 13539 3684 172 3512 9855 657 9198 13858 1869 1310 102 11989 559 390 10936 2406 8530 1053 688 1208 23110 20656 8833 2454 2223 11823 79629
is_linear=0
shrinkage=0.05


Tree=213
num_leaves=31
num_cat=0
split_feature=9 12 5 10 2 10 1 9 8 1 2 4 4 8 1 9 2 9 8 9 9 2 0 8 8 4 8 4 8 8
split_gain=2.55429 5.00734 4.5613 2.17317 1.91229 10.564 6.08869 4.53768 5.25068 4.48949 13.04 11.3336 14.104 4.37141 3.87561 3.6995 3.31255 3.18115 7.98692 3.5806 2.81041 1.82046 3.55673 2.11186 1.70368 1.38191 1.22169 1.00834 1.44091 0.713315
threshold=0.90238094329833995 3.5000000000000004 1.0000000180025095e-35 2.5000000000000004 27.842377662658695 1.0000000180025095e-35 30.0684928894043 0.23205128312110904 60.221162796020515 48.934240341186531 48.331480026245124 1.0000000180025095e-35 0.070598009973764433 37.981754302978523 33.137254714965827 0.61721614003181469 69.028213500976577 0.83666664361953746 93.002056121826186 0.78759399056434642 0.6885775923728944 12.70161294937134 0.41036629676818853 95.093433380126967 66.079193115234389 0.35067567229270941 75.079616546630874 0.59417229890823375 92.193038940429702 95.872028350830092
decision_type=2 2 2 2 2 2 2 2 2 2 2 2 2 2 2 2 2 2 2 2 2 2 2 2 2 2 2 2 2 2
left_child=4 -2 3 21 5 -1 7 13 -9 11 24 14 20 -7 26 -16 -14 19 -19 -12 -13 23 -23 -3 25 -11 -6 29 -29 -5
right_child=1 2 -4 27 9 6 -8 8 -10 10 17 12 16 -15 15 -17 -18 18 -20 -21 -22 22 -24 -25 -26 -27 -28 28 -30 -31
leaf_value=0.064184489551199667 0.050811800008886403 -0.037239531542473968 0.050486890557796461 0.00040051242745497485 0.024769529400665652 0.0087392603027485402 0.099265362677682545 0.016233131277542716 -0.00094662838353171466 0.16010094513478457 -0.00067102083362076588 -0.056158066318687194 -0.004643338054981413 -0.028422567684168044 0.034186743278682069 0.10756660141466386 -0.023355165011562835 0.03380457991284927 -0.067260493526682716 0.025043937333510454 -0.12855422433247315 -0.048195509456438107 -0.0012870931725180257 0.039505823972750931 0.057241359046048962 0.072158777796767923 -0.064489598007067217 -0.096898535447441439 0.022715633002019231 0.06376082033065654
leaf_weight=6.9223111087776479 6.5892072015849399 1.1220251768827427 4.9908749369351417 0.55090601509436909 0.69106062251375788 12.034331459231906 1.586798941658343 60.487766036923858 168.01114337224863 0.90394666712381766 1210.6936931642995 9.107699768355813 147.85735916742124 23.110063578904374 4.4839451181615004 2.784123036719393 28.156089269599761 3.0454175603954337 5.4590692232304718 13.690139764788908 1.5718987960135553 4.5261325309984377 37.70171614427818 4.4577027119230479 3.719532263930887 0.88313986756838858 0.86092888936400414 0.29452943103387985 1.7344036356080321 2.2935607188846916
leaf_count=1037 1940 105 9540 70 87 403 28 1311 3096 17 79532 1157 13767 3006 568 42 2433 1830 1869 4301 28 84 2763 436 236 27 10 10 161 152
internal_value=-0.000266038 0.00951989 0.00480215 0.000474084 -0.000634639 0.00320778 0.00161633 0.00102861 0.00360116 -0.00136392 -0.000252275 -0.00840517 -0.0110218 -0.0156974 0.04698 0.0622958 -0.00763659 -0.000595169 -0.0310696 -0.000383495 -0.0668138 -0.00276825 -0.00631491 0.0240731 0.0765188 0.116642 -0.0247448 0.0322811 0.00535188 0.0514894
internal_weight=1770.32 64.2611 57.6719 52.681 1706.06 272.152 265.23 263.643 228.499 1433.91 1238.39 195.513 186.693 35.1444 8.82006 7.26807 176.013 1232.89 8.50449 1224.38 10.6796 47.8076 42.2278 5.57973 5.50662 1.78709 1.55199 4.8734 2.02893 2.84447
internal_count=130046 15261 13321 3781 114785 8881 7844 7816 4407 105904 87812 18092 17385 3409 707 610 16200 87532 3699 83833 1185 3388 2847 541 280 44 97 393 171 222
is_linear=0
shrinkage=0.05


Tree=214
num_leaves=31
num_cat=0
split_feature=2 10 3 1 9 8 9 8 0 12 8 11 3 9 3 12 11 8 8 9 10 12 8 2 1 1 0 8 1 8
split_gain=1.51391 11.2445 8.31171 5.72905 5.03307 4.86399 6.86093 4.61092 4.09318 3.94616 3.56821 3.29824 3.0962 2.81013 4.87739 4.65088 2.57475 5.63362 11.0344 13.4616 8.01893 6.31868 4.57968 4.23233 4.15654 9.26707 7.58993 6.85588 4.24601 4.0835
threshold=32.071428298950202 1.0000000180025095e-35 49.675325393676765 37.573530197143562 0.23205128312110904 52.788888931274421 0.28869047760963445 37.981754302978523 0.51937815546989452 3.5000000000000004 38.115415573120124 1.0000000180025095e-35 39.077413558959968 0.70777988433837902 39.077413558959968 1.5000000000000002 1.0000000180025095e-35 60.221162796020515 47.466186523437507 0.2639319002628327 1.5000000000000002 2.5000000000000004 98.651679992675795 35.948717117309577 61.620294570922859 63.686313629150398 0.89336994290351879 22.291234970092777 63.028589248657234 90.793510437011733
decision_type=2 2 2 2 2 2 2 2 2 2 2 2 2 2 2 2 2 2 2 2 2 2 2 2 2 2 2 2 2 2
left_child=1 -1 8 4 7 9 -7 11 13 -6 -9 -3 -10 14 -2 -16 24 18 21 -20 22 -18 -19 -22 26 28 27 -4 -26 -27
right_child=2 3 16 -5 5 6 -8 10 12 -11 -12 -13 -14 -15 15 -17 17 20 19 -21 23 -23 -24 -25 25 29 -28 -29 -30 -31
leaf_value=0.0583526327056108 -0.055649640566229543 0.085559537892114818 0.00066193804959340072 0.090871475205485816 0.032063300665908269 -0.045325202751743891 0.0023766008618447583 -0.20875628363503448 -0.064149126748070356 -0.0042938958644757157 -0.026393682967947692 5.8150175982198693e-05 -0.023786837917043429 0.01660226225264624 0.058342199152653942 -0.022614185827808792 0.035675116515349714 0.025063304756725059 -0.068383509865276734 0.00028168939838400141 -0.11855837163521393 -0.0028782986657341515 -0.012506828234932672 -0.0085494001257724172 0.011783988880934397 0.00066340956861085393 0.035620698014530945 -0.021267756193819393 0.050380042058670721 -0.010315553478758616
leaf_weight=8.9519772034109319 5.2874498237797543 1.2470491759886471 65.79401081422111 1.7875506007694628 24.150550464910339 7.7615099641261613 261.70304947611294 0.27113343129167589 5.7634617063449687 10.80132439592853 25.111676509259269 11.806325258192373 27.05653057974996 9.976932115852831 2.7844190980540588 4.8892089872388169 16.245741257313057 71.072120360870031 12.336736932833448 16.937305086379638 0.91122323018498974 30.732478050747886 9.1562582874757918 21.580052120210894 16.711634938299543 901.83741833805107 9.2038836187275574 77.764209203625796 12.422952049833837 93.471664234137279
leaf_count=1274 346 29 1253 21 715 430 5249 20 406 140 3993 445 1779 62 92 316 837 23909 531 1079 19 1579 8825 8643 1502 36336 583 23460 765 5468
internal_value=0.000102985 0.00302874 -0.000629715 0.00159171 0.00112623 0.00327886 0.00100262 -0.0159227 -0.0195493 0.0208277 -0.0283416 0.00822649 -0.0308748 -0.00334473 -0.0186991 0.00676129 0.000148147 0.00573559 -0.00456048 -0.0286554 0.0133787 0.010454 0.0207755 -0.0130064 -0.000701318 0.000445973 -0.00839521 -0.0112172 0.0282413 -0.000367649
internal_weight=1765.53 353.592 1411.94 344.64 342.853 304.416 269.465 38.4362 55.758 34.9519 25.3828 13.0534 32.82 22.938 12.9611 7.67363 1356.18 178.972 76.2523 29.274 102.72 46.9782 80.2284 22.4913 1177.21 1024.44 152.762 143.558 29.1346 995.309
internal_count=130106 12316 117790 11042 11021 6534 5679 4487 3001 855 4013 474 2185 816 754 408 114789 45422 4026 1610 41396 2416 32734 8662 69367 44071 25296 24713 2267 41804
is_linear=0
shrinkage=0.05


Tree=215
num_leaves=31
num_cat=0
split_feature=13 9 9 4 12 4 12 4 9 9 9 4 1 0 1 4 2 12 0 4 3 2 7 4 3 3 4 9 0 0
split_gain=1.61453 3.14402 4.72161 3.92181 7.87589 9.40306 5.26935 7.93909 2.86925 4.13561 5.00214 4.64672 1.99626 4.94802 1.94921 5.45853 7.49079 5.8143 7.33231 4.96722 4.08383 3.67684 5.1724 8.17887 5.01569 4.73087 4.39803 3.8962 4.367 3.716
threshold=1.0000000180025095e-35 0.64852941036224376 0.62828946113586437 0.36788399517536169 4.5000000000000009 0.50333333015441906 3.5000000000000004 0.080540537834167494 0.61721614003181469 0.58578431606292736 0.56385868787765514 0.13100686669349673 27.953488349914554 0.66671696305274974 58.017766952514656 0.32200460135936743 49.151567459106452 3.5000000000000004 0.83714976906776439 0.32037734985351568 64.565757751464858 60.158729553222663 1.0000000180025095e-35 0.15047170221805575 79.277816772460952 73.401363372802749 0.6195238232612611 0.44097222387790685 0.89772999286651622 0.82044851779937755
decision_type=2 2 2 2 2 2 2 2 2 2 2 2 2 2 2 2 2 2 2 2 2 2 2 2 2 2 2 2 2 2
left_child=14 2 8 6 -5 -6 7 -4 9 10 -2 -11 -10 -14 21 16 -16 18 -17 20 -18 25 27 24 -24 29 -25 -23 -29 -1
right_child=1 -3 3 4 5 -7 -8 -9 12 11 -12 -13 13 -15 15 17 19 -19 -20 -21 -22 22 23 26 -26 -27 -28 28 -30 -31
leaf_value=-0.002903357260910617 -4.890492593450825e-05 0.0098470078524419413 -0.24598277364178134 -0.015257066711365086 -0.35281852098842326 -0.065674421229098723 0.024479315592857934 0.052296593835465192 0.066071043602166535 0.033516107676599592 0.028485178487931924 -0.048714607551963586 -0.055799889277434282 0.050737332231889892 0.34443696233342402 0.04137130279537464 0.04517600563469034 0.025242531334406709 -0.0049056180767263584 -0.08405197817766677 -0.0026360035460888925 -0.052009922878644844 0.029604030375157714 -0.036683973949206486 0.1593858961126508 0.034007949585599356 0.010063487909356673 -0.0048153666127489642 -0.13202185250699697 -0.037862318741152319
leaf_weight=259.21695508684206 681.35858694807393 92.733610537005006 0.5044536876957858 1.5994585247244688 0.49045985634438671 0.68094936746638268 2.8440958884602878 0.39994957658927888 2.6644688913947894 2.1788731036940581 15.713405773276461 8.1217746149341092 1.7148904330097137 2.9902085795183666 0.15562138895620492 9.9085031491122191 4.5058580796321612 39.390726129189716 62.873744409982464 1.8609254553157359 506.84033451905998 13.305029318202289 2.3906528651714356 9.9645015196874756 1.0811341553926466 8.4789471088879491 10.162722536362706 11.091814167841218 0.71838831936474967 7.8311445832805466
leaf_count=17543 29321 16583 33 103 26 18 229 39 43 555 1894 378 35 1126 13 1221 603 3810 3340 83 40467 7216 51 213 10 1265 58 830 66 2968
internal_value=-0.000453286 0.00118079 6.65607e-05 -0.0422919 -0.0873976 -0.185899 -0.00895009 -0.114076 0.000452925 0.000129572 0.000594311 -0.0313205 0.0314901 0.0119072 -0.00185375 -0.000222968 -0.00240627 0.00976897 0.00139448 -0.00251144 -0.0022147 -0.0049999 -0.0176626 -0.000854891 0.0700188 -0.00276108 -0.01308 -0.0334557 -0.0125531 -0.00392852
internal_weight=1763.77 813.995 721.262 6.51937 2.77087 1.17141 3.7485 0.904403 714.742 707.373 697.072 10.3006 7.36957 4.7051 949.777 625.536 513.363 112.173 72.7822 513.207 511.346 324.241 48.7142 23.599 3.47179 275.527 20.1272 25.1152 11.8102 267.048
internal_count=130140 50383 33800 448 147 44 301 72 33352 32148 31215 933 1204 1161 79757 49537 41166 8371 4561 41153 41070 30220 8444 332 61 21776 271 8112 896 20511
is_linear=0
shrinkage=0.05


Tree=216
num_leaves=31
num_cat=0
split_feature=8 9 9 8 9 9 8 9 4 4 4 10 9 8 12 3 9 12 0 12 10 0 3 4 2 4 0 0 4 3
split_gain=3.47876 5.35646 3.66955 6.55284 6.53982 6.54551 6.38161 5.72258 5.51118 6.08093 7.29197 6.2375 5.27601 4.20061 4.85925 3.57792 3.51866 8.24527 3.31089 3.2909 3.25919 3.25767 8.71852 12.0664 6.34631 4.39388 2.79599 7.74046 2.75156 3.12495
threshold=95.529048919677749 0.70777988433837902 0.7379862666130067 82.131031036376967 0.61721614003181469 0.58578431606292736 78.41568756103517 0.31698563694953924 0.32037734985351568 0.34654632210731512 0.3364779949188233 1.5000000000000002 0.56385868787765514 81.16794586181642 4.5000000000000009 42.206478118896491 0.73030304908752453 6.5000000000000009 0.52938431501388561 4.5000000000000009 2.5000000000000004 0.50397351384162914 33.647798538208015 0.77032968401908886 19.433517456054691 0.10960961133241655 0.42252655327320104 0.53891530632972728 0.89039039611816417 82.446311950683608
decision_type=2 2 2 2 2 2 2 2 2 2 2 2 2 2 2 2 2 2 2 2 2 2 2 2 2 2 2 2 2 2
left_child=2 18 3 4 5 12 -7 -5 -4 10 11 -10 -1 14 -11 -15 20 -18 -2 -20 -9 22 24 25 -3 -24 -6 -28 29 -23
right_child=1 21 8 7 26 6 -8 16 9 13 -12 -13 -14 15 -16 -17 17 -19 19 -21 -22 28 23 -25 -26 -27 27 -29 -30 -31
leaf_value=-0.00096686642214027774 0.072986324966789862 0.021477642494951821 0.022286413009972365 0.038831532882921911 0.049446248857859108 -0.0097088992559024381 -0.091738295410172463 -0.0092995371955699613 0.017693805463296283 -0.029480313079992944 -0.31570762164486887 -0.12185635968624274 0.029872985089887893 0.020472352532505268 -0.25263259040058522 -0.010405363646206908 -0.024791770012470644 -0.2548714188771547 0.008474064463190838 0.046763497794896913 -0.054628653225813686 -0.014671017623426506 -0.069193393022026803 -0.15594778749759075 -0.035173486642499467 0.065044522528796042 -0.024110533432830848 0.037166268792292817 -0.090400862008862382 0.0089775734848304787
leaf_weight=1274.8663765919191 3.3197136656963293 9.9443982416269154 40.244567938083492 5.9697409491054705 7.4258548146754064 6.1784194992214889 3.8474893813254312 221.41244087494852 1.7609261442557906 0.94252773978223447 0.27117731266480394 1.4685022911216945 14.020750469746416 18.920810421172064 0.32914579802309163 18.608476987115864 1.968101888400269 0.48543856837204646 18.591111100919083 8.0380158908228605 4.0377924194617654 31.674288119305857 0.64380956656532085 0.69756522835814472 9.8306967714452167 11.469071116429403 8.2989492356427963 13.598018313816281 0.94204716524109144 24.990934422145074
leaf_count=74707 43 1245 9243 190 222 280 179 17931 178 82 29 101 1158 1429 52 2844 186 53 713 1289 337 1343 13 20 97 440 64 2191 25 13182
internal_value=-0.000633265 0.00758018 -0.00123325 -0.00177617 -0.000417287 -0.000944429 -0.0411881 -0.00949366 0.00904091 -0.00356051 -0.0666746 -0.0457632 -0.000631385 0.00213362 -0.0872386 0.00516198 -0.0107595 -0.0703136 0.0259016 0.0200317 -0.0101114 0.0014965 0.0141312 0.0462645 -0.00668506 0.0579097 0.0229335 0.0139424 -0.00565029 -0.00424133
internal_weight=1764.8 120.142 1644.66 1562.11 1328.24 1298.91 10.0259 233.874 82.5461 42.3016 3.50061 3.22943 1288.89 38.801 1.27167 37.5293 227.904 2.45354 29.9488 26.6291 225.45 90.1928 32.5855 12.8104 19.7751 12.1129 29.3228 21.897 57.6073 56.6652
internal_count=129866 18410 111456 97498 78801 76324 459 18697 13958 4715 308 279 75865 4407 134 4273 18507 239 2045 2002 18268 16365 1815 473 1342 453 2477 2255 14550 14525
is_linear=0
shrinkage=0.05


Tree=217
num_leaves=31
num_cat=0
split_feature=9 12 8 12 3 4 4 4 1 9 3 4 8 9 8 9 9 12 3 7 3 8 5 1 9 8 8 1 9 3
split_gain=1.44185 4.30329 4.21619 2.95844 2.64513 2.87795 9.24329 3.59343 2.5917 2.93071 2.48914 5.24522 2.14329 20.2304 2.8819 5.17408 2.5352 4.6807 4.1653 4.06872 3.59176 3.09335 2.17258 2.08873 2.00442 1.34088 14.0536 29.788 2.3719 0.047729
threshold=0.81980520486831676 3.5000000000000004 98.421009063720717 5.5000000000000009 36.549165725708015 0.29478609561920172 0.29679679870605474 0.17712418735027316 31.662488937377933 0.86811593174934398 43.557312011718757 0.10960961133241655 29.860438346862797 0.059714796021580703 43.108610153198249 0.10172414034605028 0.070197045803070082 2.5000000000000004 87.841831207275405 1.0000000180025095e-35 87.226108551025405 27.127161979675297 1.0000000180025095e-35 30.848532676696781 0.19756097346544269 95.416343688964858 95.529048919677749 99.438201904296889 0.86515152454376232 45.53429031372071
decision_type=2 2 2 2 2 2 2 2 2 2 2 2 2 2 2 2 2 2 2 2 2 2 2 2 2 2 2 2 2 2
left_child=2 10 12 4 8 7 -7 -6 9 -3 11 -2 16 -14 15 -15 19 21 -19 20 -1 -18 -21 -13 -16 -5 27 -27 -28 -12
right_child=1 3 -4 25 5 6 -8 -9 -10 -11 29 23 13 14 24 -17 17 18 -20 22 -22 -23 -24 -25 -26 26 28 -29 -30 -31
leaf_value=-0.052065585045105049 -0.088351733344419606 0.038199064969446389 0.053527627199962617 0.050305060310357655 -0.0085493435774566598 -0.30649892848877353 -0.016352437145012628 0.043693823713600671 0.055666376688204823 -0.0025418130177286124 0.071478490483244603 0.052540223830369596 -0.050074789154453958 -0.015436497942389811 -0.0096298976303752001 0.011766920847346133 0.015558293293283837 -0.05850435402443404 0.011686026253561263 -0.0099733846399937126 -0.0066629698261369292 0.067049977097278751 0.0024948437382659324 -0.03071665791630426 -0.0011703950875396379 0.050211660722757123 -0.048561397002523793 -2.2081746020749327 0.039179920895189728 0.051575666284273063
leaf_weight=6.3842848861240791 1.1285388136748205 5.4260706766508582 3.6162743053282602 4.0518939295143337 10.536905652668791 0.27730205905391159 27.102279359882232 4.7867393109481773 2.7703744396567336 23.670613166410476 0.31504062184831116 3.2189780152257299 21.413024422588933 21.613221258972771 76.960530573967844 91.388701038449653 6.0815819569397735 2.726017949287777 9.4089691394474357 37.111437987536192 13.710877271194477 5.6047565696935635 596.73805437446572 0.98348779580555845 776.74479875617544 0.042876333420281187 0.96780558302998532 0.022140982619021088 3.7732119079228141 6.8694767288980074
leaf_count=2858 15 208 666 3806 1839 31 2409 481 13 964 6 1014 33694 3749 7314 3752 82 46 153 534 2104 142 4621 16 48643 27 365 33 8307 2384
internal_value=-5.96101e-05 0.00590096 -0.000402155 0.00179958 -0.00144552 -0.0095804 -0.0192911 0.00777017 0.00945557 0.00505572 0.0332407 0.00735471 -0.000519225 -0.00200456 -0.000939777 0.00656388 0.00164625 0.0176685 -0.00408162 0.00106261 -0.0210875 0.0402537 0.00176484 0.0330559 -0.00193301 0.0291184 0.0112562 -0.718859 0.0212689 0.0524484
internal_weight=1765.45 95.9437 1669.5 83.4282 74.5703 42.7032 27.3796 15.3236 31.8671 29.0967 12.5155 5.331 1665.89 988.12 966.707 113.002 677.766 23.8213 12.135 653.945 20.0952 11.6863 633.849 4.20247 853.705 8.85793 4.80603 0.0650173 4.74102 7.18452
internal_count=130276 21918 108358 18483 5945 4760 2440 2320 1185 1172 3435 1045 107692 97152 63458 7501 10540 423 199 10117 4962 224 5155 1030 55957 12538 8732 60 8672 2390
is_linear=0
shrinkage=0.05


Tree=218
num_leaves=31
num_cat=0
split_feature=4 4 1 10 0 8 4 4 5 4 9 9 2 1 0 12 9 12 9 8 12 9 0 1 9 4 0 4 11 1
split_gain=1.69752 5.60531 11.7702 4.83279 4.77518 5.11169 3.73198 6.42975 12.042 5.49902 12.9992 5.40295 4.00151 8.32023 6.98748 2.92503 9.25607 2.90824 4.48704 11.4279 2.96371 3.2616 2.83218 5.17159 2.76468 2.72568 4.69087 3.96336 3.56623 5.12276
threshold=0.73401361703872692 0.98275861144065868 18.350168228149418 1.0000000180025095e-35 0.82336020469665538 42.891986846923835 0.57735043764114391 0.57979625463485729 1.0000000180025095e-35 0.58411949872970592 0.7379862666130067 0.44722221791744238 27.842377662658695 31.662488937377933 0.4524331688880921 2.5000000000000004 0.31698563694953924 3.5000000000000004 0.53589746356010448 61.128803253173835 4.5000000000000009 0.73508772253990184 0.64086258411407482 26.766168594360355 0.31698563694953924 0.56562754511833202 0.39541377127170568 0.5604878067970277 1.0000000180025095e-35 54.457193374633796
decision_type=2 2 2 2 2 2 2 2 2 2 2 2 2 2 2 2 2 2 2 2 2 2 2 2 2 2 2 2 2 2
left_child=6 2 -2 -3 22 -6 25 8 15 10 11 -9 14 -14 -11 16 -8 18 19 -5 21 -19 23 -4 -22 27 -27 -1 29 -29
right_child=1 3 4 17 5 -7 7 9 -10 12 -12 -13 13 -15 -16 -17 -18 20 -20 -21 24 -23 -24 -25 -26 26 -28 28 -30 -31
leaf_value=0.00010610134471620765 -0.059206506131041926 0.062631834286308238 0.016032959956368928 0.012851150540458427 -0.064969175483280225 0.03442137866715235 0.0533692901369478 -0.088126796713831071 -0.11104217180973655 -0.0044558634728617498 -0.46192101770233673 0.092388175878008724 -0.040036632359502576 0.010104223730651347 0.040968887897951445 0.080265607618610582 0.3409144224668974 -0.01978823288111033 0.03780527665897182 -0.036781559481840691 -0.082836063816699473 0.012999171445742631 0.044240946293757091 -0.076378061222325599 0.01751586246498155 -0.12979470412215896 -0.014604680846638763 -0.21246672852124929 0.067194598807741951 0.016524709995992145
leaf_weight=1465.8022408648321 13.384571902279275 3.0156214636954237 8.5211286438570841 47.706350356194889 4.5145152740296899 1.8132239904662126 0.62252183354576185 1.3496871937095414 0.70100726309465144 14.139624708303016 0.19394927864777844 0.59825706965057168 10.028374205881844 47.28135163483239 21.098359849944245 1.8212398427422156 0.50845739691430936 44.188662229222246 9.4067003782838565 15.322702116798608 0.72545894328504701 9.1567872050218266 5.4121113672299535 1.8410762781568326 12.724599148845298 0.97565191984176536 9.3898519830036076 0.27232720807660316 4.1620720375794917 2.3675154779630248
leaf_count=116018 482 1036 226 1334 265 266 29 166 61 420 52 27 356 3729 469 41 23 664 1394 296 11 612 364 123 729 21 613 76 195 120
internal_value=0.000207739 -0.00442526 -0.0222029 9.76259e-06 0.000205743 -0.0364887 0.000728471 0.0101609 0.0752501 0.00764973 -0.071554 -0.0326866 0.0094828 0.0013303 0.0227417 0.119485 0.182642 -0.00134657 0.0055927 0.000785171 -0.00887181 -0.0141602 0.0149254 -0.000385914 0.0121032 0.000102958 -0.0254469 0.000282801 0.0383614 -0.00709814
internal_weight=1759.05 177.734 35.4866 142.247 22.1021 6.32774 1581.31 98.3428 3.65323 94.6896 2.14189 1.94794 92.5477 57.3097 35.238 2.95222 1.13098 139.231 72.4358 63.0291 66.7955 53.3454 15.7743 10.3622 13.4501 1482.97 10.3655 1472.6 6.80191 2.63984
internal_count=130218 7802 1726 6076 1244 531 122416 5373 154 5219 245 193 4974 4085 889 93 52 5040 3024 1630 2016 1276 713 349 740 117043 634 116409 391 196
is_linear=0
shrinkage=0.05


Tree=219
num_leaves=31
num_cat=0
split_feature=4 3 1 0 1 4 4 1 0 2 1 2 8 8 9 2 3 0 2 0 4 4 13 3 5 3 2 2 3 3
split_gain=2.07036 3.70798 7.42827 7.3951 8.41393 6.08908 9.97703 7.63132 5.79538 7.02496 5.59219 4.69368 6.07807 4.32213 3.82677 3.7248 3.59326 3.52558 3.34311 3.19341 2.80693 4.08368 3.9895 3.8292 16.1943 11.8917 9.00705 8.36784 4.94975 4.79728
threshold=0.091966174542903914 79.008567810058608 68.908988952636733 0.90910807251930248 53.410852432250984 0.070598009973764433 0.030776515603065494 48.313756942749031 0.88965913653373729 69.028213500976577 68.908988952636733 96.051948547363295 91.684860229492202 97.793998718261733 0.25462962687015539 71.039428710937514 81.892700195312514 0.47371079027652746 23.90476226806641 0.88965913653373729 0.27823315560817724 0.2736185491085053 1.0000000180025095e-35 85.880397796630874 1.0000000180025095e-35 46.265329360961921 88.998897552490249 76.533164978027358 99.425289154052749 91.734970092773452
decision_type=2 2 2 2 2 2 2 2 2 2 2 2 2 2 2 2 2 2 2 2 2 2 2 2 2 2 2 2 2 2
left_child=1 2 5 4 -3 6 17 -8 9 -4 -5 12 -6 16 -11 -10 -12 -1 -7 -20 21 22 -2 25 29 -22 27 -26 -28 -25
right_child=20 3 8 10 11 18 7 -9 15 14 13 -13 -14 -15 -16 -17 -18 -19 19 -21 23 -23 -24 24 26 -27 28 -29 -30 -31
leaf_value=0.067889546659204825 -0.010290369206303133 0.091312213208798135 0.13469473546330507 0.047747735854096758 -0.02985968315608567 -0.045016867617022893 -0.056323847151191035 -0.0016299882149273068 0.2390806533845391 -0.031921863680733846 0.047944019793599829 0.050645604900698096 -0.14171927812058666 0.042631937824023663 0.038308381167237018 0.068447014671676285 0.00031921916649291622 0.010944615226692704 0.036388917660607339 -0.065700590216903276 0.0020759032201400937 -0.040398331632156226 0.0014595079284331425 0.077231855941144095 0.01089311900045685 -0.01643953289042702 0.067600356133693001 -0.067715125283835595 0.0014392702338123545 0.027886505716814194
leaf_weight=3.1650646744528812 156.98425861490978 1.5032521634857428 1.0908736888377442 6.4953305359813376 25.255766765956658 1.5068885891232664 11.759259940634367 13.935819235004599 0.3361601198266716 4.3647227858600672 3.988230701419524 1.6923242222692341 1.275734876981004 6.1963902854768085 3.4910487306042342 6.5820425075798994 572.00512729887851 19.245956878963625 18.905484133749273 0.79835510859265824 298.69432238847367 8.325763078646558 133.82906076612562 5.9717997520347117 5.4047514731500987 122.19575346131751 2.8561026234237934 9.0613532265851955 276.95386682316894 28.109524200408487
leaf_count=85 16386 97 55 546 1726 52 1110 1625 22 279 370 392 227 6726 563 525 40700 1775 1643 34 10805 614 7470 701 566 14475 245 622 14059 5764
internal_value=-0.000369095 0.00172901 0.0115091 0.000381876 -0.0239496 0.00444531 -0.0053949 -0.0266604 0.0423724 0.0157982 0.00161055 -0.0300886 -0.0352383 0.00109581 -0.000712045 0.0767382 0.000648978 0.0189868 0.026763 0.0322525 -0.00177718 -0.00587168 -0.00488321 -0.000142439 0.00390446 -0.00329963 0.000125627 -0.0383459 0.0021146 0.0365329
internal_weight=1751.98 703.594 85.1817 618.412 29.7271 69.3168 48.1061 25.6951 15.8648 8.94665 588.685 28.2238 26.5315 582.19 7.85577 6.9182 575.993 22.411 21.2107 19.7038 1048.39 299.139 290.813 749.247 328.357 420.89 294.276 14.4661 279.81 34.0813
internal_count=130259 58552 7768 50784 2442 6324 4595 2735 1444 897 48342 2345 1953 47796 842 547 41070 1860 1729 1677 71707 24470 23856 47237 21957 25280 15492 1188 14304 6465
is_linear=0
shrinkage=0.05


Tree=220
num_leaves=31
num_cat=0
split_feature=12 10 1 3 0 2 2 12 12 3 8 8 3 0 0 8 8 0 9 0 2 1 1 2 3 8 11 10 8 3
split_gain=1.67961 2.98677 2.51492 4.41408 4.42981 4.29276 4.43118 3.93438 3.40041 4.55916 3.09255 11.203 2.57876 2.13367 3.58812 3.59903 8.25279 5.28024 2.16486 6.34451 4.99748 1.86252 7.3995 6.26928 5.23589 8.33141 3.75766 10.0434 19.7267 14.1016
threshold=1.5000000000000002 1.5000000000000002 87.20676422119142 92.031745910644545 0.45975114405155187 92.940196990966811 95.861873626708999 2.5000000000000004 2.5000000000000004 92.40384674072267 95.872028350830092 96.69602203369142 96.922348022460952 0.95557281374931347 0.94785329699516307 85.254531860351577 87.730617523193374 0.94849357008934032 0.3717105239629746 0.87294635176658641 66.228069305419936 46.065429687500007 46.247655868530281 45.867485046386726 62.145593643188484 29.108561515808109 1.0000000180025095e-35 1.0000000180025095e-35 45.316349029541023 46.265329360961921
decision_type=2 2 2 2 2 2 2 2 2 2 2 2 2 2 2 2 2 2 2 2 2 2 2 2 2 2 2 2 2 2
left_child=1 21 13 4 -4 8 12 -8 -5 -10 -6 -12 -7 14 18 17 -17 -16 19 -2 -20 26 24 -24 -23 -26 27 29 -29 -1
right_child=2 -3 3 5 10 6 7 -9 9 -11 11 -13 -14 -15 15 16 -18 -19 20 -21 -22 22 23 -25 25 -27 -28 28 -30 -31
leaf_value=0.064979732778762692 -0.011743968364464605 0.048438100882433041 -0.22312887477699275 0.0090481693040194155 0.030986428008581438 0.050503507532190864 -0.012367033891280906 0.0024381709923617565 -0.19141433854475035 -0.043326277144095399 -0.16996251171981697 0.051404893052191147 -0.018662809789910861 0.031497094527412332 -0.065580686085780507 -0.15911135562993439 -0.024214231841039588 0.0017965998342874914 0.0040830749252839032 0.0005689974958552719 -0.0073642385337969185 -0.029047342811168511 0.085244822052902638 0.0041810380260011333 0.26744468849752928 0.01019620206435333 0.012960646914637157 0.07190628707748202 -0.070421572000296404 -0.011779077598971429
leaf_weight=7.5423603194140005 170.81297156400979 3.7570290637231656 0.18141893437132495 2.6367290816415325 21.476134161159283 6.9917245084652659 49.215786187924095 508.57126762058761 0.59307393812923681 4.2032018782338127 0.89074934810923823 1.5948965402858446 1.6693577609985366 4.7059102283092207 3.4763471380429172 1.3981543839327049 5.9965074299834669 17.780112910768366 323.10875361273065 269.97167491754226 135.25159572959819 0.50407482258742575 2.4296664008579674 129.99243806486629 0.75955737556796499 0.53744242127868347 25.766699285974028 3.0014393023448056 12.889367731462697 28.949105787381995
leaf_count=1397 23116 1509 7 127 2838 1129 2300 41259 116 451 111 927 112 492 91 74 519 572 6169 10934 15178 92 77 13546 12 105 1196 85 545 4840
internal_value=0.00012036 0.00424641 -0.00046229 0.00206863 0.0230119 0.00118754 0.00168291 0.00113185 -0.0365632 -0.0616378 0.0248755 -0.0279237 0.0371722 -0.00208539 -0.00225573 -0.0196746 -0.0497201 -0.00922249 -0.00170068 -0.00420253 0.000705236 0.00346463 0.00703751 0.00566839 0.107701 0.160848 -0.00267191 -0.0103615 -0.0435388 0.00408607
internal_weight=1746.66 216.129 1530.53 598.024 24.1432 573.881 566.448 557.787 7.433 4.79628 23.9618 2.48565 8.66108 932.502 927.796 28.6511 7.39466 21.2565 899.145 440.785 458.36 212.372 134.223 132.422 1.80107 1.297 78.149 52.3823 15.8908 36.4915
internal_count=129926 23404 106522 49377 3883 45494 44800 43559 694 567 3876 1038 1241 57145 56653 1256 593 663 55397 34050 21347 21895 13832 13623 209 117 8063 6867 630 6237
is_linear=0
shrinkage=0.05


Tree=221
num_leaves=31
num_cat=0
split_feature=11 9 8 8 0 8 0 3 13 9 12 8 0 12 4 10 2 4 10 9 10 12 13 2 7 9 3 3 0 3
split_gain=1.68352 5.18629 6.77497 9.34049 15.5459 6.61027 5.47994 4.97456 4.98688 4.89393 4.35932 3.745 4.05482 8.14968 3.94208 3.54381 3.2264 5.95052 3.07807 4.47564 7.29603 6.40538 5.6845 3.65511 3.42022 19.922 4.39276 7.54996 6.61217 3.73871
threshold=1.0000000180025095e-35 0.31698563694953924 35.776086807250984 36.21368598937989 0.99772727489471447 36.930006027221687 0.95000949501991283 47.140522003173835 1.0000000180025095e-35 0.17519181966781619 5.5000000000000009 60.221162796020515 0.94482800364494335 7.5000000000000009 0.77032968401908886 1.5000000000000002 23.90476226806641 0.66410258412361156 1.5000000000000002 0.82480818033218395 2.5000000000000004 4.5000000000000009 1.0000000180025095e-35 72.595520019531264 1.0000000180025095e-35 0.04446640424430371 92.40384674072267 96.922348022460952 0.89772999286651622 79.008567810058608
decision_type=2 2 2 2 2 2 2 2 2 2 2 2 2 2 2 2 2 2 2 2 2 2 2 2 2 2 2 2 2 2
left_child=18 2 7 4 -4 9 11 -2 -9 -5 -7 16 14 -14 -13 -10 17 -3 24 -20 21 23 -23 -21 25 -1 28 -28 -27 -26
right_child=1 6 3 5 -6 10 -8 8 15 -11 -12 12 13 -15 -16 -17 -18 -19 19 20 -22 22 -24 -25 29 26 27 -29 -30 -31
leaf_value=-0.044953804577180616 -0.0097797229808130881 0.085796961803488878 -0.039176548751906029 0.011352021633416018 -0.45696877345150133 -0.013683309133044348 0.03289412412678254 0.10388543556700908 0.016353499540347958 0.15393033562688382 0.034539499435384244 0.0057019169772107589 0.050191822661048074 -0.18076313858583995 -0.0068349053702618156 0.1144634595236719 0.00088945553704426945 0.018960131970188945 0.033312673774601322 -0.21443262909501926 0.052350452778946635 -0.37348711545094426 0.050193600194050184 0.050372360459009703 0.013231922053358878 -0.015616283659455475 0.029595320171559743 -0.00070614107499546153 0.0077345179374697405 0.00010286528348749774
leaf_weight=28.229284918226767 12.653080882708307 3.8798197819851366 0.79789661252288968 1.4372427205817069 0.30883886897936463 107.75647546828259 17.275540975162585 2.0666115139756611 16.631645453482637 1.0354564088920595 4.8996489336132063 264.76685351077322 0.68615137856977415 0.86160794585885014 82.160983802779811 0.97433603585522988 17.387251275766175 23.505407212476712 12.423733665782491 0.18824642432446059 0.9746564172382931 0.35393465240485966 0.10198006546124816 0.42343333570170216 59.927430453244597 108.0181334555964 21.827361577743432 353.17890318042191 42.145155688849627 569.78726712288335
leaf_count=36040 336 62 78 119 12 9466 23973 116 414 56 480 18127 446 397 2936 41 774 338 1896 116 353 83 38 223 1098 9450 1554 15270 2206 4038
internal_value=0.000170027 0.00243544 -0.00556982 -0.0112007 -0.155763 -0.00981101 0.00533241 0.0146775 0.0304079 0.0710575 -0.011586 0.00412161 0.00237264 -0.0783764 0.00273289 0.021783 0.0177343 0.0284293 -0.000887573 0.0220368 -0.0465586 -0.136857 -0.278717 -0.0311222 -0.00116787 -0.00403559 -0.00183612 0.00105757 -0.0090626 0.00135231
internal_weight=1756.66 559.085 148.561 116.236 1.10674 115.129 410.524 32.3257 19.6726 2.4727 112.656 393.248 348.476 1.54776 346.928 17.606 44.7725 27.3852 1197.58 14.466 2.04225 1.06759 0.455915 0.61168 1183.11 553.399 525.17 375.006 150.163 629.715
internal_count=130536 58171 11118 10211 90 10121 47053 907 571 175 9946 23080 21906 843 21063 455 1174 400 72365 2709 813 460 121 339 69656 64520 28480 16824 11656 5136
is_linear=0
shrinkage=0.05


Tree=222
num_leaves=31
num_cat=0
split_feature=12 1 3 2 3 2 1 4 3 12 1 1 3 2 9 2 0 12 8 8 12 9 1 4 0 4 1 2 8 9
split_gain=3.05843 3.1684 5.276 4.48524 5.93666 7.77115 5.38693 4.86103 4.6632 4.29999 3.59676 6.55301 4.93763 6.34612 4.71857 6.8452 4.59463 4.86784 8.89696 4.19271 4.15455 8.33532 3.91422 3.34459 3.15698 5.37353 3.66994 3.71271 3.03009 4.4131
threshold=1.5000000000000002 74.352157592773452 83.457714080810561 85.89511871337892 91.734970092773452 92.940196990966811 99.438201904296889 0.030776515603065494 97.402160644531264 3.5000000000000004 63.686313629150398 63.028589248657234 79.277816772460952 80.322582244873061 0.30901856720447546 66.228069305419936 0.910354644060135 9.5000000000000018 87.528800964355483 58.359212875366218 3.5000000000000004 0.3717105239629746 70.659969329833999 0.4205263108015061 0.95790389180183422 0.12060606107115747 79.118217468261733 82.446311950683608 63.191850662231452 0.22902098298072818
decision_type=2 2 2 2 2 2 2 2 2 2 2 2 2 2 2 2 2 2 2 2 2 2 2 2 2 2 2 2 2 2
left_child=24 10 -3 7 6 -6 -5 9 -9 -4 11 14 -13 -14 15 -2 17 22 -19 -16 23 -22 -12 -18 26 28 -1 -28 29 -26
right_child=1 2 3 4 5 -7 -8 8 -10 -11 16 12 13 -15 19 -17 20 18 -20 -21 21 -23 -24 -25 25 -27 27 -29 -30 -31
leaf_value=0.0045402754187803766 -0.019397274276921964 0.021546080826569128 -0.10112889320248555 0.030438990147262993 -0.038081473719578457 0.00049138384089345249 -0.045621993588695141 -0.0049022263621999402 -0.10142415890777944 0.013590060069274016 -0.010586402006925804 -0.033888473597563445 0.130994456640457 0.02959987732404969 0.017049425926222394 0.0027420968368598105 -0.033370959772462266 -0.40973274645154939 0.050806004377881055 -0.0015059697296184969 0.050282583454109589 -0.022112226938959728 -0.034282483165169235 0.0054107631396684485 -0.0033013923156224676 -0.090383002967564172 0.082972783764570304 0.018772650815511206 0.05094933529786886 -0.089356486176905919
leaf_weight=173.96713323806762 86.633402710562223 29.401369174825959 3.0326053215249003 25.12919883106952 13.282350274072085 771.50549501064233 2.5655248448601915 19.723039734657508 1.3361007200146549 1.1179668307740938 70.732916847104207 2.0000072362163328 2.014490081186521 6.5960705512115965 33.374784031650051 58.48228507002932 9.5235186002100836 0.21687493473291297 0.20305795790045522 346.61910071375314 10.199088638008108 6.5163372561801216 23.124978033345542 13.356150041436193 13.172608622000558 2.0706516941136206 2.5432972098278723 19.658489720881335 2.1137117983525959 1.6797913689515542
leaf_count=20338 16753 2835 162 2927 1078 55180 538 1409 45 173 5211 209 328 465 494 5796 521 28 69 9164 298 944 1601 480 513 81 189 1750 538 45
internal_value=-0.000485654 -0.00126746 0.000727662 -3.02443e-06 0.000641438 -0.000161453 0.023393 -0.0207734 -0.0110261 -0.0702291 -0.00385106 -0.00201917 0.0368833 0.0533217 -0.00280525 -0.010475 -0.0111817 -0.0171847 -0.18704 0.000123747 0.00311159 0.0220602 -0.0164247 -0.0107319 0.00509688 -0.0143432 0.0069834 0.026127 -0.0050628 -0.0130341
internal_weight=1751.89 1536.69 867.094 837.692 812.483 784.788 27.6947 25.2097 21.0591 4.15057 669.593 535.72 10.6106 8.61056 525.11 145.116 133.873 94.2778 0.419933 379.994 39.5951 16.7154 93.8579 22.8797 215.206 19.0368 196.169 22.2018 16.9661 14.8524
internal_count=130162 106708 64347 61512 59723 56258 3465 1789 1454 335 42361 33209 1002 793 32207 22549 9152 6909 97 9658 2243 1242 6812 1001 23454 1177 22277 1939 1096 558
is_linear=0
shrinkage=0.05


Tree=223
num_leaves=31
num_cat=0
split_feature=12 8 3 0 0 0 10 8 10 8 13 8 8 4 12 3 3 4 8 11 4 3 11 4 0 4 2 3 3 8
split_gain=1.96907 2.54415 1.81278 5.80422 6.21813 21.3974 1.79564 1.88012 2.59666 1.98286 1.67507 2.66596 3.29825 3.9374 5.40818 2.66948 3.35348 3.02366 2.5336 4.90376 3.71371 1.90583 7.96324 8.60972 8.89666 7.62134 5.79938 6.52681 5.30111 18.8835
threshold=1.5000000000000002 88.784862518310561 99.425289154052749 0.79644659161567699 0.73414683341979992 0.73894333839416515 1.5000000000000002 88.247200012207045 1.0000000180025095e-35 85.254531860351577 1.0000000180025095e-35 96.313285827636733 96.162029266357436 0.71563342213630687 5.5000000000000009 41.444372177124031 30.940170288085941 0.4205263108015061 76.325832366943374 1.0000000180025095e-35 0.40192307531833654 84.680576324462905 1.0000000180025095e-35 0.65419578552246105 0.83624467253685009 0.1651515141129494 70.659969329833999 84.889995574951186 82.972846984863295 56.797428131103523
decision_type=2 2 2 2 2 2 2 2 2 2 2 2 2 2 2 2 2 2 2 2 2 2 2 2 2 2 2 2 2 2
left_child=1 6 -3 4 -4 -6 7 9 -9 -1 21 12 18 14 -14 16 -13 -18 20 -20 -12 22 23 25 -25 -2 -23 -28 -24 -30
right_child=10 2 3 -5 5 -7 -8 8 -10 -11 11 15 13 -15 -16 -17 17 -19 19 -21 -22 26 28 24 -26 -27 27 -29 29 -31
leaf_value=0.0030854362949654067 -0.0073610842664629311 0.050619579515402628 0.050264869279912638 0.05042137218505615 -1.5390916831720012 -0.15326524567715274 0.04059869761119983 0.050860489295878553 -0.085435822076083467 0.051129687846353078 0.00064494405713698194 0.053158343398870503 0.063406143200403095 -0.17039151500339042 -0.26157068995056421 0.03709979189183623 0.0071801854512885815 -0.060958245977958105 -0.012707389320262889 0.0030112216642577726 0.011113104229066412 0.045798895449072355 -0.0014275456167865354 -0.050516748207337349 0.88274820993265013 -0.043466314216660841 0.16685347033754491 -0.00096708950890970168 1.1663409380284664 0.069834108766600816
leaf_weight=202.55681870985427 35.742983216026914 4.9041230662769513 0.20851747204142146 1.1659411100481518 0.031451828101126011 0.24347122924518771 3.2517983571306095 0.48044733208371204 1.2816647822037339 2.1705931092146775 399.76294953924662 2.2777010167483258 0.63562856582575367 0.61627890588715672 0.16031094573554583 10.275058406492461 4.6914942497387528 2.4934463184326887 87.101939688553102 115.29891976689396 107.5090676866821 6.7724846328783306 225.36695428194071 0.048899220302699997 0.05344796268036589 24.727820186526515 0.58002270001452316 509.1429483723623 0.041096127213676392 0.88092785872868262
leaf_count=18669 4946 2405 268 440 22 200 801 65 37 537 16035 150 38 8 110 3243 41 36 5212 16227 3654 1089 10078 69 5 7790 68 37594 19 365
internal_value=0.000225106 0.0046913 0.035369 -0.00997554 -0.155638 -0.311807 0.00373275 0.00315219 -0.0482741 0.00359482 -0.000404555 0.00132764 0.000824512 -0.0755114 -0.00204775 0.0194537 0.000292571 -0.0164664 0.000976417 -0.00375318 0.00286352 -0.00198035 -0.00524815 -0.0213498 0.436855 -0.0221253 -0.000165414 -0.000776124 -0.000938051 0.118707
internal_weight=1750.48 216.295 6.5535 1.64938 0.483441 0.274923 209.741 206.49 1.76211 204.727 1534.18 730.823 711.085 1.41222 0.79594 19.7377 9.46264 7.18494 709.673 202.401 507.272 803.358 286.862 60.5732 0.102347 60.4708 516.495 509.723 226.289 0.922024
internal_count=130221 23444 3335 930 490 222 20109 19308 102 19206 106777 44754 41284 156 148 3470 227 77 41128 21439 19689 62023 23272 12810 74 12736 38751 37662 10462 384
is_linear=0
shrinkage=0.05


Tree=224
num_leaves=31
num_cat=0
split_feature=8 9 9 12 9 8 0 9 1 0 0 12 9 9 3 0 1 9 3 8 4 13 9 4 0 1 8 9 8 13
split_gain=2.08805 13.219 4.16832 3.71228 3.89032 4.83634 3.57573 3.51235 3.22518 7.904 6.06753 2.05494 1.92227 3.54207 2.09472 3.95743 2.05815 1.77691 1.47899 2.37937 1.35731 1.21132 4.32036 3.19121 0.917909 0.868541 0.000109177 0.000108683 6.12968e-05 1.29608e-05
threshold=33.413078308105476 0.056349206715822227 0.18898809701204303 2.5000000000000004 0.69397994875907909 88.247200012207045 0.48091630637645727 0.2788888961076737 55.625879287719734 0.83714976906776439 0.52426299452781688 4.5000000000000009 0.17752101272344592 0.1695402339100838 55.646631240844734 0.58425417542457592 25.19841289520264 0.075498577207326903 53.907203674316413 30.517395019531254 0.2524509876966477 1.0000000180025095e-35 0.16064515709877017 0.60749301314353954 0.90715405344963085 49.151567459106452 36.21368598937989 0.23904761672019961 35.326616287231452 1.0000000180025095e-35
decision_type=2 2 2 2 2 2 2 2 2 2 2 2 2 2 2 2 2 2 2 2 2 2 2 2 2 2 2 2 2 2
left_child=2 -2 12 4 8 20 -7 11 10 -10 -3 18 13 14 16 -16 -1 26 19 -4 -6 22 -19 -23 -13 -20 28 -26 -5 -28
right_child=1 3 7 17 5 6 -8 -9 9 -11 -12 24 -14 -15 15 -17 -18 21 25 -21 -22 23 -24 -25 27 -27 29 -29 -30 -31
leaf_value=0.0010996196946745074 -0.050057399701914064 0.0051298973373102028 0.00064223857149983416 -0.050707451903132132 0.087297405453163696 0.053438930279344279 -0.0012019616713996881 -0.044636885114178161 0.031249220120562089 0.00082219723272477705 -0.01246008924704943 -0.060873307106675635 -0.055627098542178434 0.1118263840449772 0.05520490059171082 0.0016522626486191877 -0.046562585785124587 -0.050780536753878773 0.15046826050576761 0.095590749742638259 0.040625434248357503 -0.0027931365481198571 -0.0043034635155860639 0.010387416735586212 0.050333692762942285 0.079887993719755843 -0.050066235210891354 0.052314251247600363 -0.051733175925316038 -0.050475333371377912
leaf_weight=4.6193261784210318 13.859804618616179 123.30906769477588 1.4578713167575181 0.28986096815788087 2.6178766977391232 3.7211707761962343 15.324340437415229 1.0082159146259071 28.824384645937243 82.239682893734425 81.380999956396408 0.48604733496904362 1.464183154341298 0.72969675564672698 3.4676355141273225 670.07917429688678 4.4440644458518364 5.0763894029660142 0.59687278792262111 1.20535351941362 3.8469110449514119 311.0593063346605 332.90577640735864 53.876758828468155 0.18174376583192497 1.6159628506866281 0.23350148310419139 0.11192463571205735 0.29276183203910477 1.1330978546757251
leaf_count=117 25652 5609 28 43 237 1400 2784 34 2150 5068 6520 4 38 24 353 17285 874 2003 5 24 631 28565 28327 1807 39 58 218 11 24 167
internal_value=-0.000152798 -0.00154716 0.0019847 -0.000904466 0.00337614 0.0221578 0.00947394 0.0413379 0.00185874 0.0087189 -0.00186356 0.056664 0.00160174 0.00172437 0.00160667 0.00192797 -0.0222707 -0.00297694 0.068716 0.0436151 0.059525 -0.00284474 -0.00500154 -0.000847246 -0.0187045 0.0989258 -0.0506498 0.0510885 -0.0512229 -0.0504054
internal_weight=1751.46 1059.99 691.468 1046.13 341.264 25.5103 19.0455 6.66399 315.754 111.064 204.69 5.65578 684.804 683.34 682.61 673.547 9.06339 704.867 4.87606 2.66322 6.46479 702.918 337.982 364.936 0.779716 2.21284 1.94922 0.293668 0.582623 1.3666
internal_count=130099 111205 18894 85553 24399 5052 4184 203 19347 7218 12129 169 18691 18653 18629 17638 991 61154 115 52 868 60702 30330 30372 54 63 452 50 67 385
is_linear=0
shrinkage=0.05


Tree=225
num_leaves=31
num_cat=0
split_feature=12 10 4 0 0 12 9 8 2 8 0 5 2 4 9 2 2 8 9 8 8 13 0 8 4 12 4 0 9 2
split_gain=1.55119 6.04721 4.86201 5.56096 7.61989 9.34369 4.51055 7.03675 4.38288 4.25393 3.94199 3.4115 2.39359 6.16653 10.5596 7.57213 6.01445 5.14208 4.61225 3.63301 5.46978 4.03293 5.73684 4.9258 3.60153 2.62157 5.8736 3.74142 2.51145 2.19762
threshold=3.5000000000000004 1.5000000000000002 0.10960961133241655 0.96847248077392589 0.97152331471443187 2.5000000000000004 0.10172414034605028 28.669276237487797 24.316333770751957 49.886877059936531 0.41036629676818853 1.0000000180025095e-35 18.677325248718265 0.36055555939674383 0.11882352828979494 22.431865692138675 20.144927978515629 87.332859039306655 0.2639319002628327 92.071350097656264 91.572605133056655 1.0000000180025095e-35 0.42252655327320104 50.114154815673835 0.60172414779663097 4.5000000000000009 0.35355392098426824 0.93335816264152538 0.73030304908752453 12.70161294937134
decision_type=2 2 2 2 2 2 2 2 2 2 2 2 2 2 2 2 2 2 2 2 2 2 2 2 2 2 2 2 2 2
left_child=1 2 8 6 5 -5 7 -4 -1 -8 -10 -12 19 16 -15 17 -14 -16 -17 20 21 22 -2 -23 -21 27 -27 -18 -26 -30
right_child=12 -3 3 4 -6 -7 9 -9 10 -11 11 -13 13 14 15 18 25 -19 -20 24 -22 23 -24 -25 28 26 -28 -29 29 -31
leaf_value=-0.073300577912625647 -0.01599554831734783 0.023400108484098767 -0.0038958823428055394 -0.068479404220703338 -0.019292870653171947 -0.38058070581401388 0.011568709997122135 -0.032615104187359904 0.13917402138245538 -0.0013333651295205349 -0.0090773143189933746 0.0078202650897414155 -0.10036797954752275 0.037935442103323898 0.059285478411461159 -0.032959478449330837 0.0026848144459760206 0.0058344075433464726 0.0013500619500368856 0.055018681834511411 -0.12293974236395476 -0.063023371852046178 -0.080264394910865733 0.0098905181674512725 -0.071714081623877421 0.0016885439618898616 -0.079364631909429842 -0.0090127308716657552 0.016718124273709493 -0.034084561630494621
leaf_weight=1.7394819282344531 39.757052662665956 31.206698303802114 183.46881223344826 0.70253479375969508 2.9813434393290663 0.36409314279444516 88.281284415344999 24.134522646076221 0.55706001666840066 231.20088547571504 33.365562582373968 285.1178842572408 1.5675568163278502 25.545814536206308 9.1497555730748008 10.80906584963668 98.498836256942013 8.8532138331793231 104.4527713493444 3.7286074082367131 1.1329083680175234 2.5587074452778351 3.8045340182434293 24.450273748137988 1.1314468085765845 295.59164363083983 2.252168696577427 223.38754348352086 10.093454100191591 2.6976710744202128
leaf_count=108 781 3238 3622 47 122 22 4881 24187 30 10641 4304 14899 34 743 134 500 3427 111 7758 80 40 77 89 430 19 40795 145 8136 900 52
internal_value=0.000306344 0.00178232 0.000990428 -0.00194507 -0.0603252 -0.175015 -0.00149672 -0.00723458 0.0058509 0.00223182 0.00628245 0.00605001 -0.00119281 -0.000304941 0.00848778 0.00284289 -0.00255246 0.0330002 -0.00186743 -0.00894435 -0.0139466 -0.0121968 -0.0216086 0.00298299 0.0113758 -0.00230504 0.00107565 -0.00543322 -0.000312154 0.00600375
internal_weight=1752.58 883.12 851.913 531.133 4.04797 1.06663 527.086 207.603 320.78 319.482 319.041 318.483 869.463 780.108 158.811 133.265 621.298 18.003 115.262 89.3547 71.7035 70.5706 43.5616 27.009 17.6512 619.73 297.844 321.886 13.9226 12.7911
internal_count=130352 66101 62863 43522 191 69 43331 27809 19341 15522 19233 19203 64251 61783 9246 8503 52537 245 8258 2468 1417 1377 870 507 1051 52503 40940 11563 971 952
is_linear=0
shrinkage=0.05


Tree=226
num_leaves=31
num_cat=0
split_feature=13 1 0 0 1 4 4 3 3 4 0 3 1 1 3 4 1 0 1 8 4 4 0 8 9 9 9 9 9 11
split_gain=1.66141 2.21925 8.25722 4.34785 5.44407 3.41678 4.17616 3.5523 9.93915 3.54489 3.31557 3.08647 4.14685 3.05512 2.88934 2.81375 2.52754 2.40847 2.30544 2.28141 2.18902 4.51449 4.11464 2.6305 4.72041 3.56336 5.57563 3.02955 2.63054 2.64029
threshold=1.0000000180025095e-35 76.253131866455092 0.92633250355720531 0.92726847529411327 75.905715942382827 0.30094340443611151 0.37089946866035467 79.277816772460952 83.457714080810561 0.22335600852966311 0.60408368706703197 88.067794799804702 78.08689117431642 43.534002304077156 88.416816711425795 1.0000000180025095e-35 76.50690078735353 0.90910807251930248 58.64367866516114 92.071350097656264 0.98275861144065868 0.84924244880676281 0.55280381441116344 63.191850662231452 0.46410256624221807 0.41885964572429663 0.35857143998146063 0.21240601688623431 0.1695402339100838 1.0000000180025095e-35
decision_type=2 2 2 2 2 2 2 2 2 2 2 2 2 2 2 2 2 2 2 2 2 2 2 2 2 2 2 2 2 2
left_child=1 3 5 4 10 7 -7 9 -9 -3 18 12 -4 -12 15 -13 -8 -6 -1 -16 21 -2 -23 27 25 26 -25 28 29 -22
right_child=20 2 11 -5 17 6 16 8 -10 -11 13 14 -14 -15 19 -17 -18 -19 -20 -21 23 22 -24 24 -26 -27 -28 -29 -30 -31
leaf_value=-0.00085372670998949164 0.00078148172572016354 0.057403213380110535 -0.11395707946499106 0.044936243951602034 0.04169137804489928 0.071087808670949812 0.040521431346253634 -0.056977028880675587 0.015839487393439527 -0.032769310640140346 -0.024119463250467838 -0.19782796917171885 0.029450786257108747 -0.0066855719833227197 -0.0010356109176404037 -0.020704367811360581 -0.011038257861841349 -0.10361106219240437 0.056076442365817353 -0.011677858813204246 0.063325696258266465 -0.090736732913407933 0.0076028805837100423 -0.08386529100513708 0.015988415823705887 -0.084544773131928971 0.03526220023757453 0.039366200961955755 -0.068009970776439957 -0.013988630417654347
leaf_weight=230.63097912062949 763.09327611419576 6.2541140637622439 0.52752196221263048 4.4071390201424938 0.33447030754177776 5.9542388920090152 5.4024328723171475 5.6122262261633287 28.404279311769642 1.3199507396202532 28.936111296869058 0.36948509140347496 11.351274872613429 191.00861004048784 349.20755515356723 0.57030509176547639 4.2443508986470988 1.9356409866595639 1.7921382629137941 58.844950276863528 1.7098580414894993 2.5733512205479192 1.8131494334666056 1.53541350073647 14.860182851421994 2.33129611692857 2.726222975878045 13.116520735282391 1.2491966005181891 3.1177960929926485
leaf_count=11903 48266 486 24 404 101 437 222 426 2324 43 5305 23 1303 26421 18451 34 220 93 248 11082 36 62 120 25 1231 39 35 386 71 121
internal_value=-0.000571648 -0.00200425 0.000380059 -0.00448734 -0.00496644 0.018206 0.0381602 0.010721 0.00382583 0.0416886 -0.00457885 -0.00204229 0.0230822 -0.00897919 -0.002772 -0.0903418 0.0178364 -0.0822027 -0.000414757 -0.00257032 0.00108961 0.000490738 -0.0500883 0.0123974 0.000366222 -0.0348455 -0.00765792 0.0258451 -0.00333949 0.0133945
internal_weight=1745.23 937.108 478.063 459.045 454.638 57.1916 15.601 41.5906 34.0165 7.57406 452.368 420.871 11.8788 219.945 408.992 0.93979 9.64678 2.27011 232.423 408.053 808.126 767.48 4.3865 40.6465 21.4531 6.59293 4.26164 19.1934 6.07685 4.82765
internal_count=129942 79550 35075 44475 44071 4158 879 3279 2750 529 43877 30917 1327 31726 29590 57 442 194 12151 29533 50392 48448 182 1944 1330 99 60 614 228 157
is_linear=0
shrinkage=0.05


Tree=227
num_leaves=31
num_cat=0
split_feature=13 4 8 3 1 0 8 2 0 12 8 0 8 2 1 4 8 8 5 3 4 4 1 8 8 8 12 8 8 9
split_gain=1.669 2.33946 4.83043 3.49022 9.69201 8.03423 8.81895 5.62406 3.36516 3.31602 9.12329 11.0783 7.90572 3.29819 3.35544 2.85648 3.19127 14.5718 7.86006 2.84513 2.45717 2.21222 3.40291 1.84817 5.22214 4.15786 1.55412 7.43916 21.8856 28.7589
threshold=1.0000000180025095e-35 0.31311275064945226 92.193038940429702 49.675325393676765 48.313756942749031 0.47371079027652746 65.176864624023452 48.331480026245124 0.65981218218803417 9.5000000000000018 95.67297744750978 0.93329787254333507 59.277870178222663 25.19841289520264 21.244359016418461 0.31866537034511572 82.131031036376967 84.237243652343764 1.0000000180025095e-35 28.831169128417972 0.45534290373325353 0.16843971610069278 71.039428710937514 91.572605133056655 92.340286254882827 90.793510437011733 9.5000000000000018 92.340286254882827 92.071350097656264 0.79057019948959362
decision_type=2 2 2 2 2 2 2 2 2 2 2 2 2 2 2 2 2 2 2 2 2 2 2 2 2 2 2 2 2 2
left_child=26 2 3 5 8 6 -2 -6 -5 15 12 -12 -11 14 -4 16 18 -18 -3 -7 -14 22 -15 25 -25 -17 -1 28 -28 -30
right_child=1 9 13 4 7 19 -8 -9 -10 10 11 -13 20 21 -16 23 17 -19 -20 -21 -22 -23 -24 24 -26 -27 27 -29 29 -31
leaf_value=-0.0015131056073502301 -0.047540750061891769 -0.15661483484609504 0.051905643271722118 0.060428304067524898 0.085666447379859623 0.049649091536115665 0.048301134675490846 0.0016620702576801247 0.019929305493600481 -0.49352471563118688 0.050106446240463481 -1.1797869806609151 0.05033699432637051 -0.009839723496900328 -0.080708822737893884 -0.00035801704763651851 -0.3894086340748506 -0.016232657645868571 0.024834899802427441 -0.031917742381608716 -0.12834472761766599 0.055560924442638882 0.03971748087701385 -0.050227829790789769 -0.0020729594949683056 0.051048570624273627 -0.054460043472294363 0.050105822316297247 0.050471311397410526 -1.4483847751463088
leaf_weight=941.77697913299926 3.3291395001579067 0.75485349708469618 0.73530428030062767 8.801731921819739 2.0022436865838236 1.1189895125571663 8.6017820695415121 407.10557783151307 12.29332168312976 0.09122130530886241 0.033323292474960908 0.040638663791469298 0.62096356294932775 5.6009521919477292 1.3577633126405997 271.23047967324237 0.33711635787039984 1.167668657217291 2.8510456318035713 23.975666775600985 0.27878578446689062 6.6560048219544106 9.0790946898123348 7.062058482100837 27.76373465184588 3.9913207712816066 1.8950516012409933 1.4857482148072447 0.061505743884481379 0.06671862538496498
leaf_count=74418 228 49 41 320 56 33 68 26957 650 3 31 16 208 243 20 10960 8 89 132 877 47 945 4194 353 3713 359 1592 3690 16 51
internal_value=-0.000211138 0.00145914 0.00362051 0.00250958 0.00377737 -0.0122209 0.0215579 0.0020732 0.0368272 -0.0018945 -0.0899761 -0.625663 -0.0499946 0.0257749 -0.0341208 -0.00159686 -0.0386731 -0.0998351 -0.0131495 -0.0282806 -0.00502723 0.0316507 0.0208097 -0.000985716 -0.0118379 0.000387491 -0.00163686 -0.0348501 -0.0972357 -0.729424
internal_weight=1752.17 806.881 490.658 467.228 430.203 37.0256 11.9309 409.108 21.0951 316.223 1.06493 0.073962 0.990971 23.4291 2.09307 315.158 5.11068 1.50479 3.6059 25.0947 0.899749 21.3361 14.68 310.048 34.8258 275.222 945.286 3.50902 2.02328 0.128224
internal_count=130367 50600 34632 29189 27983 1206 296 27013 970 15968 305 47 258 5443 61 15663 278 97 181 910 255 5382 4437 15385 4066 11319 79767 5349 1659 67
is_linear=0
shrinkage=0.05


Tree=228
num_leaves=31
num_cat=0
split_feature=9 8 8 9 11 10 2 3 1 10 13 3 8 9 13 2 9 2 9 4 4 1 4 3 1 4 1 0 0 4
split_gain=1.71298 7.09033 6.14054 10.6554 5.74346 5.71848 5.85448 3.6959 3.58907 5.90171 4.06088 3.97779 3.40412 3.35392 3.25041 3.13173 2.83123 2.85758 3.04956 2.61824 5.6327 6.07252 5.48687 2.57442 2.41343 4.14517 3.90173 7.61047 4.49884 4.30281
threshold=0.15075758099555972 47.83648872375489 32.843030929565437 0.075498577207326903 1.0000000180025095e-35 1.0000000180025095e-35 40.253164291381843 97.100841522216811 35.75188064575196 1.0000000180025095e-35 1.0000000180025095e-35 84.134246826171889 48.563171386718757 0.1695402339100838 1.0000000180025095e-35 36.51515197753907 0.37797619402408605 12.70161294937134 0.35504202544689184 0.037749288603663451 0.063164893537759795 46.247655868530281 0.084219858050346388 47.140522003173835 45.308176040649421 0.61602565646171581 35.75188064575196 0.86050850152969371 0.83222833275794994 0.11583184450864793
decision_type=2 2 2 2 2 2 2 2 2 2 2 2 2 2 2 2 2 2 2 2 2 2 2 2 2 2 2 2 2 2
left_child=2 8 24 -4 5 6 -5 -7 16 10 -10 -12 -3 14 -11 -15 17 18 -2 -14 21 -21 -22 -19 26 -26 28 -28 -1 -29
right_child=1 12 3 4 -6 7 -8 -9 9 13 11 -13 19 15 -16 -17 -18 23 -20 20 22 -23 -24 -25 25 -27 27 29 -30 -31
leaf_value=0.020689736272157103 0.014826682937054426 -0.033210641848023741 -0.04769236957160157 0.087702463397911712 -0.029722510793346577 0.074477428290926753 -0.0080468770861021194 0.013680978408307939 -0.023623087726729781 0.14134985678463902 0.065987181098315847 0.0064598268412379882 0.0055207893642741125 0.14979300074033103 0.050791699881640555 0.025091848112773926 0.07912685473908708 -0.031918752421618395 -0.059201859750477308 -0.062954506720056466 0.026525989199697383 -0.0084122062891232776 -0.0009033926688227366 0.019796035146870842 0.00035764135186264667 0.033704335549114846 -0.045669429004879032 0.15413908588634842 -0.06353094110499706 0.0025431036792930902
leaf_weight=9.8012724668806204 21.784859309700554 7.5478100087202611 18.112616712620365 1.6466657433775242 18.846846890082816 3.7671142289182153 52.355172161012888 7.4306542291305959 8.8304223112645577 1.186806181387509 3.453538164962084 14.976516613736749 200.51138369296677 0.51300138805527495 6.002299034036696 27.132660345858312 1.1553426302853029 9.7769050109782238 1.4860646976158012 7.2405805301968966 18.784555729071144 17.28752608315699 619.72966565071692 3.1922815060243002 643.46876599620737 9.4561010414181492 12.851222608238457 0.74723132439248674 1.8916664477292204 1.2529293035186126
leaf_count=555 610 359 28762 64 2985 142 6115 103 191 86 38 229 33519 51 152 1381 37 1189 20 216 1517 1974 33415 182 14211 157 1704 21 77 55
internal_value=0.000263434 0.00166636 -0.00147866 -0.012908 -0.00541166 0.00161572 -0.00512721 0.0341339 0.0143116 0.0216813 0.00425646 0.0176144 0.000222109 0.0353174 0.0657414 0.0274058 0.00207421 -0.000382247 0.0100993 0.000514325 -0.000999685 -0.0245128 -9.64431e-05 -0.0191895 0.000239753 0.000840591 -0.0145394 -0.0315489 0.00706464 0.0591772
internal_weight=1752.22 970.592 781.628 102.159 84.0465 65.1996 54.0018 11.1978 99.4907 62.0952 27.2605 18.4301 871.102 34.8348 7.18911 27.6457 37.3955 36.2401 23.2709 863.554 663.042 24.5281 638.514 12.9692 679.469 652.925 26.5443 14.8514 11.6929 2.00016
internal_count=130117 75166 54951 38171 9409 6424 6179 245 4166 2128 458 267 71000 1670 238 1432 2038 2001 630 70641 37122 2190 34932 1371 16780 14368 2412 1780 632 76
is_linear=0
shrinkage=0.05


Tree=229
num_leaves=31
num_cat=0
split_feature=1 1 2 1 9 8 4 0 2 4 1 8 2 8 12 1 12 8 0 2 2 4 4 0 1 1 0 1 9 0
split_gain=1.2868 5.48614 4.72086 6.50559 5.00583 7.00398 6.22392 4.0831 6.10848 7.15536 7.92234 5.33047 4.75103 4.55793 5.58262 5.9461 4.6067 8.76227 4.46216 4.30659 4.16193 3.78326 5.07168 3.04503 6.45801 6.37157 4.18243 3.8488 6.24261 3.6207
threshold=73.20508193969728 69.282051086425795 72.850124359130874 71.33072662353517 0.15075758099555972 76.961540222167983 0.45534290373325353 0.93335816264152538 90.521114349365249 0.36788399517536169 76.845378875732436 63.191850662231452 87.226108551025405 85.78397369384767 3.5000000000000004 91.715686798095717 5.5000000000000009 87.528800964355483 0.89234432578086864 94.201679229736342 88.303691864013686 0.43534001708030706 0.43364779651165014 0.90002673864364635 64.038833618164077 68.042552947998061 0.92377603054046642 63.686313629150398 0.23904761672019961 0.84240257740020763
decision_type=2 2 2 2 2 2 2 2 2 2 2 2 2 2 2 2 2 2 2 2 2 2 2 2 2 2 2 2 2 2
left_child=1 23 -3 4 6 -6 -4 8 9 11 -11 12 -2 14 15 -10 19 -18 -13 -15 -9 22 -5 29 27 26 -26 -25 -29 -1
right_child=7 2 3 21 5 -7 -8 20 13 10 -12 18 -14 16 -16 -17 17 -19 -20 -21 -22 -23 -24 24 25 -27 -28 28 -30 -31
leaf_value=0.0011173383218465317 -0.0053423774069674074 0.012687605317186086 -0.046703757296682288 -0.014783859059252724 -0.12172096193943611 -0.034650053745736417 0.038306416916734441 0.023432209567803331 0.0044379512633471677 0.051422021374641247 -0.31524990318846613 -0.021093988488712915 -0.05160194382302502 -0.098377110564065326 0.030394058353907735 0.059177442111242595 -0.20411943752756195 -0.018908266725738296 0.041946964131666799 0.0078646931068565903 -0.00090236557072601487 0.015313812208296532 -0.12245454417517621 0.038178767394509316 -0.079140327680291528 0.01482778019066178 0.021839801978241868 0.36575937260765712 0.015554015074894316 -0.007595047394360295
leaf_weight=566.76704490480915 44.083015361815342 11.579938912778742 6.9743918476888229 15.366840317736209 3.9681311568710935 5.5259187776173349 3.1146157392358873 18.02176951662841 66.607233178685419 0.23958038519776792 0.3825049235165352 3.9289562049016231 6.3499118250183519 0.99313267850084841 49.011111306841485 5.3602614763367447 0.77821565928752434 3.5592458120372612 9.8295344509970146 24.118984617300157 701.8722306838099 11.072563670881207 1.1775027220573981 11.376544229424326 3.6472004702664007 13.72136649560707 1.4264546678459735 0.23782757528533771 0.27369031982379965 151.02676488037105
leaf_count=40792 2074 908 531 1087 105 550 150 1563 2631 42 18 624 349 144 2389 367 175 2111 1403 3196 52661 670 54 901 270 596 165 25 18 13648
internal_value=0.000250933 -0.00121153 -0.0159202 -0.0229387 -0.0449827 -0.0710422 -0.0204599 0.0015134 0.00755566 -0.00527666 -0.174036 -0.00364121 -0.0111668 0.0130846 0.0173787 0.00851504 -0.00455562 -0.0521384 0.0239446 0.00366305 -0.000293176 -0.00730743 -0.0224471 -5.6418e-05 0.0153686 -0.00287468 -0.0507498 0.0442113 0.17838 -0.000715783
internal_weight=1742.39 807.257 58.7799 47.2 19.5831 9.49405 10.089 935.136 215.242 64.8135 0.622085 64.1914 50.4329 150.428 120.979 71.9675 29.4496 4.33746 13.7585 25.1121 719.894 27.6169 16.5443 748.477 30.6831 18.795 5.07366 11.8881 0.511518 717.794
internal_count=130217 60470 4055 3147 1336 655 681 69747 15523 4510 60 4450 2423 11013 5387 2998 5626 2286 2027 3340 54224 1811 1141 56415 1975 1031 435 944 43 54440
is_linear=0
shrinkage=0.05


Tree=230
num_leaves=31
num_cat=0
split_feature=2 10 1 1 2 4 4 4 1 9 8 2 9 1 9 8 8 9 0 0 1 1 1 0 2 8 4 2 0 8
split_gain=1.55127 9.01731 4.35876 3.79288 19.6586 6.0191 6.51062 4.47039 4.32081 4.59917 4.24837 3.79049 3.65988 3.81842 3.24024 6.79566 4.44663 6.16343 5.66061 2.7834 2.57125 2.45978 2.92973 2.76177 2.39648 2.29626 1.93793 1.78573 2.02096 1.66737
threshold=28.778468132019047 1.0000000180025095e-35 30.0684928894043 47.413022994995124 46.709957122802741 1.0000000180025095e-35 0.070598009973764433 0.64785373210906994 46.247655868530281 0.76696833968162548 65.176864624023452 51.89995193481446 0.86811593174934398 51.471860885620124 0.23669467866420749 43.341543197631843 60.221162796020515 0.45643940567970281 0.39541377127170568 0.36442859470844274 51.89995193481446 35.75188064575196 41.728857040405281 0.47371079027652746 99.397590637207045 70.632461547851577 0.15047170221805575 66.228069305419936 0.85554790496826183 74.310997009277358
decision_type=2 2 2 2 2 2 2 2 2 2 2 2 2 2 2 2 2 2 2 2 2 2 2 2 2 2 2 2 2 2
left_child=1 -1 14 5 10 21 27 12 11 -10 20 -8 13 -6 15 19 17 -16 -18 -3 -5 23 -23 -2 -9 -17 -14 28 -7 -24
right_child=3 2 -4 4 7 6 8 24 9 -11 -12 -13 26 -15 16 25 18 -19 -20 -21 -22 22 29 -25 -26 -27 -28 -29 -30 -31
leaf_value=0.062361403083560613 0.0680857628667485 0.016901048175248564 0.073987518754825454 0.09302600303827066 -0.021400936854657146 -0.053774607325701655 -0.009538782623789167 -0.024575359940024997 -0.035862841240766212 -0.21708319819188568 0.058278176280482222 0.0079747770743234178 0.0083411712913587701 -2.3090711127351826e-05 0.012547238292796857 -0.03929714566362507 -0.0090697508190405972 0.099079872194543617 0.0075726835441952941 -0.027931861028176831 0.20076574972333036 0.093074734301743664 -0.039278953368230979 -0.03118372830358709 0.051221752967942985 0.11291760180530186 0.050212432015855013 -0.19018052969297464 0.030541680161996272 0.057787622162140374
leaf_weight=6.3625420291136825 1.0601251331390806 15.597407704291983 2.1009735536063081 1.171374706711503 21.257102697185474 8.1939978377340541 121.70094125671312 1.2516165356792033 6.4606247352639903 0.37017094571638143 4.1472837007313501 41.40626053485903 5.7439459882516513 1202.7507726032636 57.551220143941464 15.577641547424715 92.239566721982555 2.1341033845965276 114.54144896895741 4.4495769211061988 1.0503194027696734 2.6996126143785659 0.86599373929493573 2.0662155881000217 6.2510047266332549 0.2517741974443205 5.3255410062483861 0.22147174111160062 0.77817368127580344 0.90452019215445034
leaf_count=1222 26 535 37 26 4592 888 7468 106 1129 66 208 6064 8808 82812 1293 2401 3456 61 1127 742 20 212 231 148 505 2 5865 38 45 39
internal_value=0.000246965 0.00344966 0.00221847 -0.000446378 0.000547329 -0.00709289 -0.00894152 9.82261e-05 -0.00672438 -0.0456834 0.0881668 -0.0050928 -0.000135518 -0.000394356 0.00171974 -0.012387 0.00361904 0.0156413 0.000148932 0.00695005 0.143961 0.0364995 0.0602937 0.00247802 0.038577 -0.0368761 0.0284855 -0.0499238 -0.0464617 0.0103104
internal_weight=1746.48 310.806 304.444 1435.68 1248.95 186.728 179.132 1242.58 169.938 6.8308 6.36898 163.107 1235.08 1224.01 302.343 35.8764 266.466 59.6853 206.781 20.047 2.22169 7.59647 4.47013 3.12634 7.50262 15.8294 11.0695 9.19364 8.97217 1.77051
internal_count=130172 10876 9654 119296 102942 16354 15698 102688 14727 1195 254 13532 102077 87404 9617 3680 5937 1354 4583 1277 46 656 482 174 611 2403 14673 971 933 270
is_linear=0
shrinkage=0.05


Tree=231
num_leaves=31
num_cat=0
split_feature=4 1 4 8 8 8 12 1 1 1 3 10 3 8 12 8 8 3 3 10 2 10 8 3 12 2 3 8 1 2
split_gain=1.65596 5.91041 2.86377 2.9064 4.94518 2.681 2.34307 2.16688 5.01863 4.26562 2.51349 9.00491 7.26446 2.04128 5.60479 5.85886 4.87602 4.12746 3.43908 5.142 4.25442 3.40277 3.48094 2.37691 2.16658 5.37405 3.62047 1.98533 4.18102 1.92913
threshold=0.37965516746044164 76.253131866455092 0.36899313330650335 65.176864624023452 94.600204467773452 58.359212875366218 3.5000000000000004 72.377109527587905 72.065574645996108 75.147060394287124 46.265329360961921 1.0000000180025095e-35 87.026645660400405 56.797428131103523 2.5000000000000004 63.191850662231452 52.198066711425788 21.637426376342777 55.646631240844734 1.0000000180025095e-35 16.108108520507816 1.5000000000000002 79.319980621337905 81.165538787841811 4.5000000000000009 87.585617065429702 84.29276275634767 47.087102890014656 75.716625213623061 93.063350677490249
decision_type=2 2 2 2 2 2 2 2 2 2 2 2 2 2 2 2 2 2 2 2 2 2 2 2 2 2 2 2 2 2
left_child=2 7 13 5 -5 -4 -6 8 10 29 11 -2 -12 16 21 23 18 -17 20 -20 -1 22 -15 -16 26 -26 -18 -11 -29 -9
right_child=1 -3 3 4 6 -7 -8 9 -10 27 12 -13 -14 14 15 17 24 -19 19 -21 -22 -23 -24 -25 25 -27 -28 28 -30 -31
leaf_value=0.10586547019430421 0.072060132239721991 0.041062329647550952 -0.033382682498707704 0.02803350135200023 0.055676366800471999 -0.12447310822858249 -0.10648088862831323 -0.1017357847176536 -0.08103446598002717 0.0040552524011390617 -0.014227063079723379 0.0035633961645575325 0.004568154119215303 0.0023089169847474991 -0.0086915130337045059 -0.09808973560061135 -0.0057571302915540769 -0.0018770376422687517 -0.0016635028842171464 0.014526703666804858 -0.027261461953921869 0.057129725932060726 0.021503705577139456 0.030364063980148771 -0.1039243188756571 0.026348386376726481 -0.044002160187535319 -0.10586798503543471 -0.0031127846983670863 0.022176432531870474
leaf_weight=0.62179438595194625 4.8883879508284727 9.9590836202769406 6.1916850309426064 4.51643617132504 0.27245640856563103 0.92897201084997494 1.2214940476551417 0.31705183962185302 1.8468084500200337 4.88425998824823 81.698531058151275 260.1117222285684 138.67150899399712 52.172197378080455 4.8233615407662027 1.1184071716852475 10.851562712094168 336.37840273065376 623.05878327191749 53.231854244615533 17.227845155473915 4.1724628879092043 43.157994684399455 20.255971561768092 0.93906116625293989 5.0432292241021059 14.399084023432806 1.6157856181962413 2.5558792492884095 33.779698783015192
leaf_count=72 1180 496 735 198 30 20 130 49 104 190 8882 8430 10965 1766 195 19 1001 43502 36987 2445 4565 692 3454 920 25 311 392 149 183 2060
internal_value=0.000601838 0.00290049 -0.000432683 -0.0236548 0.00194915 -0.0452665 -0.0769078 0.0021839 0.00123277 0.0129227 0.00154579 0.00482694 -0.00239986 -0.000175889 0.0024215 -0.000463262 -0.00183048 -0.00219587 -0.00096091 -0.000389147 -0.022624 0.0129332 0.0109988 0.0228527 -0.0211564 0.00589902 -0.0275662 -0.0175806 -0.0429123 0.0210242
internal_weight=1740.91 540.329 1200.58 13.131 6.01039 7.12066 1.49395 530.37 487.217 43.1527 485.37 265 220.37 1187.45 462.079 362.576 725.373 337.497 694.14 676.291 17.8496 99.5027 95.3302 25.0793 31.2329 5.98229 25.2506 9.05592 4.17166 34.0968
internal_count=130147 32688 97459 1113 358 755 160 32192 29561 2631 29457 9610 19847 96346 50548 44636 45798 43521 44069 39432 4637 5912 5220 1115 1729 336 1393 522 332 2109
is_linear=0
shrinkage=0.05


Tree=232
num_leaves=31
num_cat=0
split_feature=4 4 0 8 9 9 8 8 9 9 12 9 9 8 8 8 9 12 8 2 9 2 4 0 0 2 2 9 4 4
split_gain=1.902 7.75373 8.03842 4.1728 7.55739 4.12775 5.19563 6.2169 3.03256 2.7546 4.58542 3.95855 11.3372 4.79847 2.35557 9.7976 2.62001 1.98917 4.89254 5.56083 2.70594 2.22807 2.13121 1.95475 4.20471 4.65236 4.55805 4.10639 2.88006 5.63466
threshold=0.98275861144065868 0.77032968401908886 0.47371079027652746 53.368236541748054 0.60434782505035411 0.29520697891712194 72.982837677001967 84.787616729736342 0.45643940567970281 0.27525253593921667 3.5000000000000004 0.2639319002628327 0.25462962687015539 49.886877059936531 86.685932159423842 86.900657653808608 0.73508772253990184 2.5000000000000004 96.162029266357436 36.51515197753907 0.50757575035095226 22.431865692138675 0.85239651799201976 0.39541377127170568 0.42252655327320104 25.866189002990726 24.316333770751957 0.54006412625312816 0.66410258412361156 0.60996279120445263
decision_type=2 2 2 2 2 2 2 2 2 2 2 2 2 2 2 2 2 2 2 2 2 2 2 2 2 2 2 2 2 2
left_child=1 23 -3 9 5 -5 8 -8 -7 11 -11 12 13 -2 -6 -16 -17 18 -4 -20 21 -19 -22 28 25 26 -25 -27 29 -1
right_child=3 2 17 4 14 6 7 -9 -10 10 -12 -13 -14 -15 15 16 -18 20 19 -21 22 -23 -24 24 -26 27 -28 -29 -30 -31
leaf_value=-0.016136362196726581 0.017204842347750424 -0.065528365168705804 -0.015040497018322999 -0.052152889945268323 0.042467912421371566 -0.0049231121719525654 -0.038934483583766562 0.058941834555297168 0.025110609394755769 0.055289618481529093 0.0031113395925484386 -0.048138329629664967 0.24430037529260901 -0.05137482106518465 -0.26503642816919504 -0.023974584573960105 0.025734015996465482 -0.091725918209598467 0.05061174803648405 -0.3331855703474792 0.055777849078276633 0.0096655820580061596 -0.0058102327306070439 0.013991865084953554 0.0002514766355529945 0.099164308753308006 -0.088529203701067399 0.023350730896217579 -0.055166994854420628 0.057481902046390171
leaf_weight=20.202332692744683 24.748051264970865 8.960738065827174 8.6915641962987138 5.2674815668142392 9.1808781918225595 28.645932394079864 15.609276330273135 1.8105936904321414 11.894879189261699 10.2188802313176 7.1612581461668006 2.7685624968435141 0.52677064394811068 2.8437498218263491 0.31522149998636706 3.2747755306481876 13.912501393264391 0.98577391233993639 0.14898499395349141 0.25750118865107652 3.2736455184931401 1.203145507868612 2.4603641101857647 14.662892826716417 1513.5138120684351 3.0303259977954431 1.1707203602418292 4.3500709412037395 3.5261789375435901 2.9829594760958562
leaf_count=558 957 261 546 230 605 468 245 63 304 287 45 54 9 161 22 264 2310 27 34 29 168 27 98 370 121349 146 50 75 129 81
internal_value=0.000381265 -0.0001079 -0.0271981 0.00600795 -0.000358269 -0.00977528 -0.005924 -0.0287614 0.00388893 0.0178669 0.0337902 0.0089068 0.0145235 0.0101367 0.021956 0.0111966 0.0162628 -0.00701905 -0.0229698 -0.192516 0.0112976 -0.0359958 0.0293515 0.000342293 0.000575384 0.0216936 0.00641157 0.0544791 -0.0130676 -0.00666483
internal_weight=1727.6 1589.42 25.9817 138.179 89.9115 63.2282 57.9607 17.4199 40.5408 48.2673 17.3801 30.8871 28.1186 27.5918 26.6834 17.5025 17.1873 17.021 9.09805 0.406486 7.92293 2.18892 5.73401 1563.44 1536.73 23.214 15.8336 7.3804 26.7115 23.1853
internal_count=129972 123948 1190 6024 4511 1310 1080 308 772 1513 332 1181 1127 1118 3201 2596 2574 929 609 63 320 54 266 122758 121990 641 420 221 768 639
is_linear=0
shrinkage=0.05


Tree=233
num_leaves=31
num_cat=0
split_feature=1 0 0 4 0 9 9 2 12 3 9 0 2 2 9 1 0 3 8 0 12 1 9 8 4 4 3 8 0 0
split_gain=2.64508 4.56229 8.26738 7.05037 2.91808 2.77942 4.16942 2.73823 3.73858 4.41935 4.37553 3.4463 2.57941 2.56645 6.2998 2.30016 3.10114 4.72643 4.17086 3.34052 2.19726 3.70383 4.51583 2.29969 1.96036 5.25955 5.14873 1.87953 1.63844 1.61811
threshold=87.20676422119142 0.95175111293792736 0.952578365802765 1.0000000180025095e-35 0.95557281374931347 0.12060606107115747 0.13188406080007556 95.861873626708999 2.5000000000000004 90.366767883300795 0.41421568393707281 0.97342556715011608 92.940196990966811 90.366767883300795 0.44722221791744238 86.70682525634767 0.89772999286651622 95.311355590820327 30.517395019531254 0.95352423191070568 8.5000000000000018 84.028984069824233 0.7379862666130067 59.277870178222663 0.063164893537759795 0.077935222536325469 90.787876129150405 38.405298233032234 0.98895621299743663 0.84336599707603466
decision_type=2 2 2 2 2 2 2 2 2 2 2 2 2 2 2 2 2 2 2 2 2 2 2 2 2 2 2 2 2 2
left_child=4 5 3 -3 15 29 -7 11 10 -10 -9 12 -4 14 -8 20 18 -18 -17 -19 24 23 -23 -22 26 -26 -1 -15 -13 -2
right_child=1 2 7 -5 -6 6 13 8 9 -11 -12 28 -14 27 -16 16 17 19 -20 -21 21 22 -24 -25 25 -27 -28 -29 -30 -31
leaf_value=-0.0054757313180959838 0.0086357227016885894 -0.30036150013152585 0.01490533996875117 -0.022560687680034022 0.035167611683913587 -0.13567731739252198 -0.10959971650469519 -0.014668515935589023 -0.10474783753088966 0.0028768349874892943 0.028595829990237617 0.039718265711543514 -0.03843705385805684 0.13235421089566696 0.050586364910372987 -0.16250683500335339 0.052525178430379987 -0.13476875291807239 0.047501434498383142 -0.023061963874766118 -0.16760312425064494 -0.16532047488696938 0.050229848014369451 -0.0038541971996996663 0.022602475347431494 -0.0011677515102021857 -0.05845614196046979 0.017232495025682245 0.13578465953868205 0.048445720490369111
leaf_weight=80.967575552116614 3.4209241349017274 0.4161782075825603 11.525264610325396 0.50618091275100596 5.4262528232211471 0.48838550224900501 1.317636469641003 56.835745454023709 0.95566015133954252 500.0952599690936 6.5137669011892276 7.5192138127604258 2.8209983794367863 0.36305626414832737 1.1490318540745645 0.83901426568627158 1.8824129240092586 0.78746535199752532 0.32918508339207619 4.4585420956427697 0.22493126476183434 0.91683788137743227 0.3306035003188299 4.5856312081450596 23.837140526564326 980.50604416694114 4.8610597968654465 15.128131275341728 0.47168443590635423 10.054754226526709
leaf_count=6806 94 46 1415 71 562 4 96 2236 188 40527 711 1212 465 27 426 5 145 47 93 157 17 177 220 2228 1977 65893 299 3496 79 336
internal_value=5.18179e-05 0.00266896 0.00166898 -0.147907 -0.00140909 0.021078 0.00846771 0.00190411 0.00122459 0.00267156 -0.01022 0.0190738 0.00441628 0.0123879 -0.0349813 -0.00158878 -0.0278165 -0.0154416 -0.103329 -0.03983 -0.00139028 -0.0314194 -0.108194 -0.0115107 -0.00122341 -0.000603588 -0.00847637 0.0199305 0.0453888 0.0383396
internal_weight=1729.53 619.582 587.66 0.922359 1109.95 31.9219 18.4462 586.738 564.4 501.051 63.3495 22.3372 14.3463 17.9579 2.46667 1104.53 8.29662 7.12842 1.1682 5.24601 1096.23 6.058 1.24744 4.81056 1090.17 1004.34 85.8286 15.4912 7.9909 13.4757
internal_count=130055 51429 46950 117 78626 4479 4049 46833 43662 40715 2947 3171 1880 4045 522 78064 447 349 98 204 77617 2642 397 2245 74975 67870 7105 3523 1291 430
is_linear=0
shrinkage=0.05


Tree=234
num_leaves=31
num_cat=0
split_feature=12 8 9 9 9 9 1 1 4 8 9 8 8 1 8 3 13 8 1 9 8 8 9 8 2 2 12 1 9 8
split_gain=2.17114 4.2453 8.23555 4.67624 6.03213 4.0924 3.60526 6.16748 4.37485 4.25973 3.91155 3.84359 4.64492 3.41801 5.45128 3.2731 3.16256 3.14203 2.35262 1.88582 7.40461 8.85074 8.51575 7.31142 6.65163 8.71214 8.7625 6.3623 6.06084 6.37897
threshold=4.5000000000000009 76.325832366943374 0.17752101272344592 0.56385868787765514 0.59545454382896434 0.29520697891712194 91.010101318359389 85.053192138671889 0.25866188108921057 72.298423767089858 0.042572464793920524 31.605799674987797 36.21368598937989 78.319625854492202 65.176864624023452 90.366767883300795 1.0000000180025095e-35 1.0000000180025095e-35 94.494949340820327 0.33974359929561621 72.982837677001967 52.198066711425788 0.1123737394809723 75.766986846923842 88.748241424560561 74.352157592773452 2.5000000000000004 1.0000000180025095e-35 0.1695402339100838 1.0000000180025095e-35
decision_type=2 2 2 2 2 2 2 2 2 2 2 2 2 2 2 2 2 2 2 2 2 2 2 2 2 2 2 2 2 2
left_child=19 6 -3 5 -5 -4 7 13 9 -9 17 -12 -13 14 -2 -7 -6 18 -8 20 21 28 -23 24 25 -21 -27 -22 29 -1
right_child=1 2 3 4 16 15 10 8 -10 -11 11 12 -14 -15 -16 -17 -18 -19 -20 23 27 22 -24 -25 -26 26 -28 -29 -30 -31
leaf_value=-0.00024036497591635488 -0.017163714937924002 -0.46594131952513795 0.028634413121970299 0.056596006022289806 -0.0053989848395107204 0.017021386961574618 0.055315402027203135 -0.0097886480755394883 -0.098761917515391262 -0.10709214958827518 0.067597622080234704 -0.065499209630052513 0.024299701770844739 0.024028861959362716 0.028126320744520261 -0.0236305238361329 0.012967581637010953 -0.050182646650239464 0.0073679254913204366 0.01047832619978737 -0.14496752169573829 0.05245390138879609 -0.018682902039783473 -0.0021100828346282451 0.036868773480683348 0.022985065187727444 -0.088549306381253717 0.035394772320632144 0.010121104943945948 -0.012404317255938687
leaf_weight=518.11113967793062 20.684817893605217 0.095794290304182961 5.0082239528419441 5.1493372857221393 65.894328738213517 5.6084902797883833 2.6477393805980673 13.239890045297214 1.8995574126893195 1.2291980635200168 4.9392196419648817 1.5020951241021965 34.859680655863485 19.892766060860595 9.7879962163278815 42.269737330381759 36.377259767868964 2.3097435536619733 75.782950947061181 101.51016614468244 0.50362940621562557 4.3756660311337319 109.15377594297752 357.95415505194251 21.867394389031688 2.8641578986280356 4.571888591744937 16.772461685701273 105.92942017335008 136.0912779042701
leaf_count=3898 744 1 150 1637 19002 469 36 465 14 96 100 94 3836 923 499 4217 12693 1633 992 1985 17 496 3892 18645 1457 165 130 507 4242 47048
internal_value=-1.75928e-05 0.00350449 -0.00247641 -0.00219946 0.00379251 -0.0143701 0.00858648 -0.000757774 -0.0274208 -0.0180549 0.0136961 0.0262118 0.0205901 0.00790763 -0.00261636 -0.0188685 0.00113387 0.00729393 0.00898658 -0.00090897 -0.00227813 -0.00291912 -0.0159411 0.00158677 0.0117027 0.00665147 -0.0455894 0.0301369 -0.000974216 -0.00277079
internal_weight=1728.88 349.179 160.403 160.307 107.421 52.8865 188.776 66.7342 16.3686 14.4691 122.041 41.301 36.3618 50.3656 30.4728 47.8782 102.272 80.7404 78.4307 1379.71 890.937 873.661 113.529 488.768 130.814 108.946 7.43605 17.2761 760.132 654.202
internal_count=130083 47601 38169 38168 33332 4836 9432 2741 575 561 6691 4030 3930 2166 1243 4686 31695 2661 1028 82482 60100 59576 4388 22382 3737 2280 295 524 55188 50946
is_linear=0
shrinkage=0.05


Tree=235
num_leaves=31
num_cat=0
split_feature=7 1 2 4 1 4 0 11 3 0 12 1 3 12 2 3 4 2 0 10 3 12 12 10 0 12 1 0 0 0
split_gain=1.0739 4.60825 5.67749 5.30069 4.74409 7.61401 5.75158 2.51415 5.30898 6.36431 7.73304 7.06797 14.0426 6.64284 6.077 7.03408 4.24567 4.25477 3.49189 3.47286 3.26515 2.39894 2.32648 5.26333 3.72738 9.90478 2.62448 2.98357 2.57469 5.06761
threshold=1.0000000180025095e-35 55.036231994628913 49.151567459106452 0.68801230192184459 35.388994216918952 0.41421362757682806 0.83624467253685009 1.0000000180025095e-35 92.40384674072267 0.89336994290351879 2.5000000000000004 96.178188323974624 88.067794799804702 2.5000000000000004 91.010101318359389 97.617694854736342 0.81892696022987377 92.031745910644545 0.79644659161567699 1.5000000000000002 97.402160644531264 2.5000000000000004 5.5000000000000009 1.5000000000000002 0.99772727489471447 2.5000000000000004 90.054946899414077 0.45975114405155187 0.96002480387687694 0.95906403660774242
decision_type=2 2 2 2 2 2 2 2 2 2 2 2 2 2 2 2 2 2 2 2 2 2 2 2 2 2 2 2 2 2
left_child=7 2 -2 4 5 -4 -6 8 9 10 19 13 -13 -11 15 20 17 -16 -12 -1 -10 -17 24 28 26 -26 -9 -28 29 -24
right_child=1 -3 3 -5 6 -7 -8 22 14 11 18 12 -14 -15 16 21 -18 -19 -20 -21 -22 -23 23 -25 25 -27 27 -29 -30 -31
leaf_value=-0.014478105319132789 -0.045422783783640452 -5.8721891096020054e-05 0.021174928288011929 -0.017095178898915462 -0.00050995435521669153 0.20839438623145595 0.04312857156490664 0.00026398025495379373 0.037850802998073377 0.030919675042778302 0.027758112318538326 0.021684356763399009 -0.20780308360746347 -0.0086027681785218676 -0.091320543380765895 -0.012558231049776306 -0.095545924046692321 -0.0013750992374595076 -0.060530430342524991 0.046625701133535175 0.22611482029254623 -0.14015892621324133 0.014888585980905972 -0.015969545366823615 -0.1914774062289864 -0.014910085363082817 -0.11386674047592182 0.050057947945177865 0.043257129826522321 -0.27199407824839139
leaf_weight=97.103880127586308 3.3918660613708189 580.56006117677316 1.2756051272153848 7.1712322439998379 12.789088917430492 0.9456617604009806 18.434419326018542 491.10480183783511 13.713315040222364 19.31466504301352 1.227999493581591 1.6057713188638438 1.1397544275969265 23.649936060901382 1.3194100703985885 0.76775813564017947 1.2087927320389997 375.73690709932271 12.726275657507356 2.3824131843284695 0.23424149186757937 0.70803487907687668 19.362049232513531 11.854838974853918 0.86745642661116917 9.4132215387653542 0.29766031040344287 4.114557760200114 10.559187139435382 0.15516752078838081
leaf_count=29268 154 4287 30 44 387 24 206 22490 1579 2505 54 223 72 1693 84 118 103 29905 832 598 41 50 8116 6659 46 1519 12 1804 17199 120
internal_value=-0.000532245 0.00112375 0.0167231 0.0219129 0.0302771 0.10088 0.0252543 -0.00147201 -0.00385072 -0.0115571 -0.017904 0.00419434 -0.0735831 0.00916448 -0.000735388 0.0300289 -0.00198977 -0.00168984 -0.0527609 -0.0130148 0.0410126 -0.0737767 0.000928885 0.0122465 -9.36256e-06 -0.0298084 0.000608889 0.0389991 0.0233681 0.0126078
internal_weight=1725.14 624.568 44.0079 40.616 33.4448 2.22127 31.2235 1100.57 552.839 159.151 113.441 45.7101 2.74553 42.9646 393.688 15.4233 378.265 377.056 13.9543 99.4863 13.9476 1.47579 547.729 41.9312 505.798 10.2807 495.517 4.41222 30.0764 19.5172
internal_count=130222 5132 845 691 647 54 593 125090 67125 35245 30752 4493 295 4198 31880 1788 30092 29989 886 29866 1620 168 57965 32094 25871 1565 24306 1816 25435 8236
is_linear=0
shrinkage=0.05


Tree=236
num_leaves=31
num_cat=0
split_feature=13 12 4 4 9 0 3 3 1 2 1 9 1 8 4 9 9 0 2 0 2 9 8 0 8 12 12 8 8 8
split_gain=2.42752 3.38759 2.61592 5.51442 4.35547 6.25331 2.94259 2.38113 2.37337 5.53239 3.10075 4.40754 3.54917 2.7683 6.34672 3.93045 2.23726 5.21031 3.9068 1.86532 8.02864 9.58051 5.7935 5.6306 3.6717 1.6099 1.2296 5.68153 7.70881 14.6454
threshold=1.0000000180025095e-35 2.5000000000000004 0.18274582922458651 0.17316342145204547 0.80476191639900219 0.36442859470844274 45.53429031372071 69.631092071533217 47.413022994995124 47.690120697021491 89.417694091796889 0.15504807978868487 88.998897552490249 77.509689331054702 0.059714796021580703 0.45643940567970281 0.44097222387790685 0.39541377127170568 16.108108520507816 0.83872959017753612 92.718276977539077 0.75499999523162853 85.254531860351577 0.82140633463859569 47.466186523437507 1.5000000000000002 9.5000000000000018 92.340286254882827 87.10666656494142 87.730617523193374
decision_type=2 2 2 2 2 2 2 2 2 2 2 2 2 2 2 2 2 2 2 2 2 2 2 2 2 2 2 2 2 2
left_child=26 8 3 4 7 -6 -5 -3 13 25 12 -12 -11 16 -15 -16 18 -18 -2 23 21 -21 -22 24 -4 -10 -1 28 -28 -30
right_child=1 2 19 6 5 -7 -8 -9 9 10 11 -13 -14 14 15 -17 17 -19 -20 20 22 -23 -24 -25 -26 -27 27 -29 29 -31
leaf_value=-0.0021564297857568433 0.020551557301151366 -0.016113557653201882 -0.039930174868593363 -0.060615310235551327 -0.26352852413183725 0.060800886818926148 0.076245515595697241 0.0022975796890107596 0.066430498775978855 0.012323513957155972 0.0082801524528801455 -0.038424491161901962 0.17102649041392073 -0.088360060618867572 0.059891070019758443 0.0090887221456993732 -0.092871542308434252 0.006319390827976056 -0.0074570328242025002 -0.032817250196781944 0.0009832534905976941 -0.25834981360967696 -0.027173984740030233 0.055610045895137766 0.00051655725053321294 0.16879613338473945 0.050169912295002228 0.050105683250329117 -0.61120429141757504 -0.092737313975735536
leaf_weight=926.03160496527562 15.965085468349569 18.809231528663076 5.9191947642248115 0.44169416232034509 0.15373425185680289 4.467474535733345 3.543999520043144 264.74424924333289 1.6600352618261234 113.6305688544744 14.995464758307209 7.6175379964115555 0.35338305642653622 1.305108653265054 5.7110114981769611 11.421428605564868 2.2480153002543366 3.220617180923 56.551716536836466 17.952829866902906 113.28516265455983 0.4835628806904414 21.780808549854555 4.4716294303652822 107.76301176557899 0.49970811413368199 0.76834815744950891 1.3520194128068395 0.15112673434487067 1.3796621285437138
leaf_count=74279 650 488 375 18 1 1584 249 21659 62 6809 472 1211 23 23 74 1007 147 64 3119 978 3921 133 2834 618 3741 26 801 3658 81 745
internal_value=-0.000533612 0.00148749 -0.00061519 0.00266888 0.00186103 0.0500114 0.0610786 0.0010763 0.00652844 0.0107156 0.00946017 -0.00745303 0.0128155 0.000502996 0.0179267 0.0260234 -0.00361638 -0.0344555 -0.00129074 -0.00414714 -0.00778212 -0.0387327 -0.0035574 0.000575341 -0.00158942 0.0901152 -0.00227061 -0.0312295 -0.079059 -0.143923
internal_weight=1728.68 798.996 563.817 292.16 288.175 4.62121 3.98569 283.553 235.18 138.757 136.597 22.613 113.984 96.423 18.4375 17.1324 77.9854 5.46863 72.5168 271.656 153.502 18.4364 135.066 118.154 113.682 2.15974 929.683 3.65116 2.29914 1.53079
internal_count=129850 50286 36599 23999 23732 1585 267 22147 13687 8603 8515 1683 6832 5084 1104 1081 3980 211 3769 12600 7866 1111 6755 4734 4116 88 79564 5285 1627 826
is_linear=0
shrinkage=0.05


Tree=237
num_leaves=31
num_cat=0
split_feature=12 8 8 4 12 13 4 5 4 0 4 1 1 9 9 8 8 8 0 0 9 0 4 1 0 4 4 0 8 4
split_gain=2.70399 4.32468 7.61823 7.2585 6.04734 6.84866 5.30907 7.10478 7.7321 6.78185 7.80881 6.88868 4.20938 3.77633 3.51469 3.21303 4.16003 4.02494 3.18969 3.11965 2.8652 2.5661 3.81682 2.70531 2.47396 2.10219 1.92 1.42527 6.3972 4.86461
threshold=3.5000000000000004 80.565547943115249 79.557674407958999 0.5604878067970277 2.5000000000000004 1.0000000180025095e-35 0.077935222536325469 1.0000000180025095e-35 0.059714796021580703 0.94400435686111461 0.2674796879291535 81.302967071533217 90.787876129150405 0.43167701363563543 0.54772728681564342 91.93930816650392 97.533905029296889 89.294017791748061 0.55772042274475109 0.86667668819427501 0.72474747896194469 0.50397351384162914 0.53001201152801525 27.953488349914554 0.4524331688880921 0.61602565646171581 0.084219858050346388 0.93548589944839489 28.13657379150391 0.32037734985351568
decision_type=2 2 2 2 2 2 2 2 2 2 2 2 2 2 2 2 2 2 2 2 2 2 2 2 2 2 2 2 2 2
left_child=1 2 6 4 24 -6 7 12 -9 11 -11 -8 -1 21 -5 17 20 18 -15 -19 -17 -3 23 -23 -4 -24 -18 28 -2 -29
right_child=27 13 3 14 5 -7 9 8 -10 10 -12 -13 -14 15 -16 16 26 19 -20 -21 -22 22 25 -25 -26 -27 -28 29 -30 -31
leaf_value=-0.027241433875105959 0.018594008155924525 0.065708922736321063 0.100116922260533 -0.079897458140335095 0.051822121022903747 -0.16607738743217332 -0.0013876206312153333 0.007965928472832326 0.042131430127467319 -0.018966570544125982 -0.12534839649422311 0.023311598973658941 0.032130243906002935 -0.0091763397313895621 -0.23577435916038239 -0.018415195886530161 -0.010762806932409524 0.065146188821376447 0.017297955537439708 0.016512791932645675 0.011275297886553884 0.13324323458539319 -0.10966228484779575 0.025041746464270015 -0.0070608107340073591 0.0030513586646683907 0.038046846954984705 -0.0024323433790253645 -0.0010320095925981782 -0.082540627660509874
leaf_weight=19.775590399105571 47.198436224920442 4.0393613906344426 0.77287545945728142 0.77558670681901254 0.52779580664355275 1.1383886768016964 426.53114542485855 202.74231957183656 18.032989614643157 20.644753901928201 1.8822802781651251 30.230722544343735 3.5161891782627199 17.091718614770798 0.67754562525078654 27.549279305094387 2.7022165146190655 6.224448810782631 34.029345130416914 7.01216752709297 11.52501792507246 0.59773892164230957 0.78989094478310906 17.217835954506882 1.7749200608814133 0.86854048632085323 7.9200420513589052 465.35076993129042 345.16476052099461 1.9028550508955948
leaf_count=2790 401 52 6 20 27 58 39111 9173 1279 829 67 1169 251 689 38 806 462 793 2836 782 2207 4 31 808 145 13 1429 43023 20594 54
internal_value=0.00109401 0.00306494 0.00153058 -0.0562154 -0.0229862 -0.0970536 0.00198299 0.0079857 0.0107566 -0.00107375 -0.0278555 0.000247094 -0.0182785 0.0111961 -0.152577 0.00743471 -0.0021154 0.0148092 0.00844659 0.0393824 -0.00965794 0.0294411 0.0219184 0.0286721 0.0254516 -0.0506328 0.0256301 -0.000892911 0.00132886 -0.00275858
internal_weight=1726.21 866.591 729.023 5.66711 4.21398 1.66618 723.356 244.067 220.775 479.289 22.527 456.762 23.2918 137.568 1.45313 114.054 49.6966 64.3577 51.1211 13.2366 39.0743 23.5134 19.474 17.8156 2.5478 1.65843 10.6223 859.617 392.363 467.254
internal_count=129947 65875 54963 294 236 85 54669 13493 10452 41176 896 40280 3041 10912 58 10004 4904 5100 3525 1575 3013 908 856 812 151 44 1891 64072 20995 43077
is_linear=0
shrinkage=0.05


Tree=238
num_leaves=31
num_cat=0
split_feature=9 5 0 4 4 1 1 10 1 4 9 8 0 10 8 8 8 9 2 8 9 1 8 4 0 0 8 9 9 0
split_gain=1.79826 4.5702 3.90556 4.22501 8.36271 3.04502 4.06291 3.40107 3.19142 2.35924 2.12265 5.00269 5.58338 18.9648 3.19502 2.95016 8.18308 6.15561 3.08907 2.10412 3.34762 3.75721 2.45973 2.95463 1.96653 2.71495 1.72169 5.96754 5.79962 4.66849
threshold=0.90238094329833995 1.0000000180025095e-35 0.45975114405155187 0.56562754511833202 0.58411949872970592 21.244359016418461 43.534002304077156 2.5000000000000004 95.861873626708999 0.19821428507566455 0.86515152454376232 97.533905029296889 0.99772727489471447 4.5000000000000009 97.793998718261733 95.529048919677749 95.258533477783217 0.87689393758773815 26.766168594360355 98.219570159912124 0.81534090638160717 1.0000000180025095e-35 98.894992828369155 0.30495168268680578 0.57937657833099376 0.69426971673965465 91.809112548828139 0.54772728681564342 0.77525252103805553 0.57937657833099376
decision_type=2 2 2 2 2 2 2 2 2 2 2 2 2 2 2 2 2 2 2 2 2 2 2 2 2 2 2 2 2 2
left_child=10 2 3 9 -5 24 7 -7 -8 -2 19 15 14 -14 -13 16 18 -18 -12 26 21 -21 23 -22 -4 -26 28 -28 -1 -30
right_child=1 -3 5 4 -6 6 8 -9 -10 -11 11 12 13 -15 -16 -17 17 -19 -20 20 22 -23 -24 -25 25 -27 27 -29 29 -31
leaf_value=0.00062601874395464257 0.0034010379835420694 0.051658640288828696 0.054834889704715221 -0.24917700879318505 0.0085910964694273975 -0.022931768876509526 0.036574911736122338 0.04325882429617843 -0.14630164885529209 0.061377040192429171 -0.057661883587701218 -0.11378714379351372 -0.7767938419244742 0.061480416781210356 0.051035581267852376 0.053073266359937102 -0.42866592274411675 0.050228820461721439 0.017040008744351662 -0.15011697365712617 -0.13286507766427477 0.049182715831092343 0.051513757869569216 0.050629713893868604 -0.094744027263834199 0.051721140281411754 0.023412742861499507 -0.008733220089021082 0.0041611176858945501 0.051162636464172309
leaf_weight=1487.9876978828688 2.3307143157580885 5.7439717756860764 3.2269556780520352 0.32609930100443207 8.9625372324226174 25.104070608766055 5.458808755473 2.1033214213239253 0.24946824955986802 7.1008220181465731 2.1386572742630943 0.92132276194752083 0.12086603748321056 0.15272824652493 0.43183248232526239 1.6428420654410727 0.20774232747498889 0.099116060402593575 3.9213625700431294 0.24566233778022972 0.78297091182321288 6.3259814563643886 0.51131131961301424 0.30477306075044908 0.60912159504368879 0.65838574338704348 16.410093373386189 120.08349959901534 10.875194216845559 10.274466506540191
leaf_count=95518 35 10020 80 20 1287 303 3107 38 155 186 213 38 45 2 108 480 30 43 1573 23 34 1138 85 49 11 44 726 10693 481 3445
internal_value=0.000809832 0.00917954 0.00483254 0.0234771 -0.000458455 -0.00449729 -0.00976847 -0.0178148 0.0285827 0.0470501 0.000498507 -0.0229 -0.102839 -0.308845 -0.0611873 -0.00666459 -0.0220787 -0.273982 -0.00932323 0.000634847 0.0259453 0.0417325 -0.0389351 -0.081452 0.0341068 -0.0186651 0.000509178 -0.00486844 0.000995555 0.0269944
internal_weight=1725.31 61.8743 56.1303 18.7202 9.28864 37.4101 32.9157 27.2074 5.70828 9.43154 1663.44 9.63647 1.62675 0.273594 1.35316 8.00972 6.36688 0.306858 6.06002 1653.8 8.1707 6.57164 1.59906 1.08774 4.49446 1.26751 1645.63 136.494 1509.14 21.1497
internal_count=130010 15286 5266 1528 1307 3738 3603 341 3262 221 114724 2532 193 47 146 2339 1859 73 1786 112192 1329 1161 168 83 135 55 110863 11419 99444 3926
is_linear=0
shrinkage=0.05


Tree=239
num_leaves=31
num_cat=0
split_feature=8 8 8 1 1 3 8 3 2 2 3 5 1 3 3 2 5 3 12 12 12 3 1 3 1 1 3 8 2 2
split_gain=0.999207 3.1624 3.45744 6.66511 9.50823 3.20569 4.35883 3.32398 2.71712 6.21294 13.8797 10.714 9.2444 5.87665 6.61148 5.54479 4.17742 4.86121 4.80846 3.68829 2.69928 2.67964 3.67776 17.105 2.87294 8.17308 2.76138 2.62118 2.57958 2.42052
threshold=85.421901702880874 80.565547943115249 81.839324951171889 31.662488937377933 73.20508193969728 28.831169128417972 82.385261535644545 30.940170288085941 94.474967956542983 81.892700195312514 88.303691864013686 1.0000000180025095e-35 89.699382781982436 90.070423126220717 96.922348022460952 95.861873626708999 1.0000000180025095e-35 75.716625213623061 2.5000000000000004 6.5000000000000009 2.5000000000000004 94.826045989990249 94.570026397705092 93.127067565917983 74.543037414550795 69.614067077636733 84.889995574951186 96.69602203369142 23.90476226806641 18.677325248718265
decision_type=2 2 2 2 2 2 2 2 2 2 2 2 2 2 2 2 2 2 2 2 2 2 2 2 2 2 2 2 2 2
left_child=1 8 3 28 -5 6 -4 -7 9 13 11 -11 -12 19 -15 -10 17 -17 -18 -1 21 22 24 26 25 -2 -24 -22 -3 -9
right_child=20 2 5 4 -6 7 -8 29 15 10 12 -13 -14 14 -16 16 18 -19 -20 -21 27 -23 23 -25 -26 -27 -28 -29 -30 -31
leaf_value=-0.0013592394425798349 0.0034273946476263196 0.040791157685710955 -0.056785775686824316 -0.033482196153064012 0.042114949398507392 -0.063138480537417996 0.052940849659816394 -0.06805233117740872 0.058965301437327602 -0.046703946921769095 -0.0458349517326909 0.024320218560297688 0.005112481919823034 0.039790782656924283 -0.028095500288041114 -0.055516666399825269 -0.0074027463117079806 0.031371965599662877 0.0030948635896175126 -0.078226844023596143 -0.0067460887104566188 0.025210732330068899 0.050799604242026758 -0.55534832582987692 0.040842330609777433 -0.14007142613689941 -0.087391268923710588 0.0036980426979572704 0.10551320514584767 0.0039852613448729387
leaf_weight=445.8511867281195 28.252708690095464 3.330333907215393 1.0679338340996753 7.2073514887597439 9.8354433681961364 1.9833086957223702 5.935099608002929 1.1887394073419262 4.2562709312478537 6.6924431725492459 35.050572986416228 25.701758432282077 11.935781057771235 16.742631024419101 4.5642656520940355 1.7603820129879775 135.00732029452047 18.81273848102137 568.13130802400701 1.5660340005415481 228.61778970206069 16.172917624069669 0.72496664227219187 0.16507138981978631 4.6125950634086612 1.0283862135838706 0.7210423432989046 81.487514078784443 2.8629982732236385 61.185678807916702
leaf_count=41490 2650 77 39 306 1333 10 265 11 302 724 2124 1193 680 962 240 83 5470 1232 22638 105 24607 2531 203 39 896 132 112 14340 19 5454
internal_value=9.86855e-05 0.0007156 0.00953647 0.0262881 0.0101451 0.00408189 0.036208 0.00058612 6.16971e-05 -0.00259726 -0.0155329 0.00964706 -0.032893 -0.000406545 0.0252485 0.00206369 0.00172904 0.0239372 0.00107925 -0.00162829 -0.00223859 0.0083411 0.000656754 -0.073154 0.00416522 -0.00161245 -0.0181083 -0.00400165 0.0707103 0.00261236
internal_weight=1732.45 1370.67 94.5969 23.2361 17.0428 71.3608 7.00303 64.3577 1276.07 548.105 79.3806 32.3942 46.9864 468.724 21.3069 727.968 723.712 20.5731 703.139 447.417 361.783 51.6777 35.5048 1.61108 33.8937 29.2811 1.44601 310.105 6.19333 62.3744
internal_count=130267 84757 7514 1735 1639 5779 304 5475 77243 47518 4721 1917 2804 42797 1202 29725 29423 1315 28108 41595 45510 6563 4032 354 3678 2782 315 38947 96 5465
is_linear=0
shrinkage=0.05


Tree=240
num_leaves=31
num_cat=0
split_feature=9 8 9 13 8 12 4 4 9 8 8 9 12 8 4 9 8 0 12 4 2 1 0 4 0 1 12 2 13 1
split_gain=1.58559 4.79037 13.0253 4.07784 2.98003 5.35178 4.46743 6.48768 3.68879 2.94237 2.89989 3.55362 2.84906 4.42307 2.49667 2.37576 2.96759 2.34109 5.27036 4.02989 4.55132 3.23212 4.99903 2.74896 2.92491 5.75293 2.35364 2.2928 2.28701 2.02395
threshold=0.17519181966781619 29.519198417663578 0.059714796021580703 1.0000000180025095e-35 43.108610153198249 1.5000000000000002 0.47871376574039465 0.52206358313560497 0.23904761672019961 43.341543197631843 42.702480316162116 0.23669467866420749 4.5000000000000009 34.687978744506843 0.056349206715822227 0.11651583760976793 42.524209976196296 0.92633250355720531 3.5000000000000004 0.44562648236751562 78.629974365234389 76.253131866455092 0.92225828766822826 0.24283374845981601 0.95557281374931347 87.007671356201186 2.5000000000000004 66.228069305419936 1.0000000180025095e-35 60.922586441040046
decision_type=2 2 2 2 2 2 2 2 2 2 2 2 2 2 2 2 2 2 2 2 2 2 2 2 2 2 2 2 2 2
left_child=1 17 -3 15 5 -2 10 27 -9 29 28 -12 14 -14 -5 -4 -17 18 21 20 -20 22 -1 24 25 -19 -26 -8 -7 -6
right_child=4 2 3 12 9 6 7 8 -10 -11 11 -13 13 -15 -16 16 -18 23 19 -21 -22 -23 -24 -25 26 -27 -28 -29 -30 -31
leaf_value=-0.0014812087164522887 0.055927613404889422 -0.050069443314517376 -0.042963787425390518 -0.014900925098699905 0.0049334142693096715 -0.008586087074052005 -0.054640593965136 0.018600160540831752 -0.031185490505091146 0.00055015222050173779 0.0088546688909861247 0.20070963679042786 0.08490001677043886 0.0086604657127306289 0.0027374661707054741 0.017190622517276828 -0.030184150596608558 -0.00071719075921177736 -0.02188902295060784 -0.0038487418531141602 0.042931965507450515 0.014232300071978777 -0.11280253950766597 -0.011507711723332471 -0.01169169208746455 0.051053602068342079 -3.8420553464399367e-06 -0.18290950252676813 0.027493879789227807 -0.15267944000263758
leaf_weight=162.32639350995305 6.4102161184564457 17.94074455313239 9.3504613837576489 32.244747010525316 0.33127985766623069 6.1269392709946304 0.72453505417797781 8.333292603841981 6.7217091761413039 888.72988683744916 0.47745024843606998 0.48810626636259258 2.1894559571519521 14.510544721619224 53.102278820064384 5.7171609248907753 7.8366265052463859 16.507879406999567 3.1387216335278962 10.127498927060513 19.732728716218844 36.785668357857503 1.0147880455479015 68.584884610929294 50.939077704504598 7.9505480954539953 278.9541518765036 0.67106421524658799 15.511990953498753 0.52882950336788781
leaf_count=4725 346 34188 6858 610 38 267 28 197 86 72126 39 28 40 191 2205 704 1763 160 55 73 182 447 9 589 555 155 2950 14 657 19
internal_value=-0.000298777 -0.00193445 -0.0102303 -0.00451015 0.00109882 0.0135846 0.00663477 -0.0131881 -0.00362798 0.000460695 0.021061 0.105841 -0.000230854 0.0186559 -0.00392645 -0.023576 -0.0102009 -0.000127592 0.0038954 0.0224093 0.0340364 0.000842639 -0.00217281 -0.00234509 -0.000571666 0.0161116 -0.00180857 -0.116318 0.017278 -0.0919732
internal_weight=1734.01 798.954 142.892 124.951 935.055 45.4653 39.0551 16.4506 15.055 889.59 22.6045 0.965557 102.047 16.7 85.347 22.9042 13.5538 656.062 233.126 32.9989 22.8715 200.127 163.341 422.937 354.352 24.4584 329.893 1.3956 21.6389 0.860109
internal_count=130304 56459 46559 12371 73845 1662 1316 325 283 72183 991 67 3046 231 2815 9325 2467 9900 5491 310 237 5181 4734 4409 3820 315 3505 42 924 57
is_linear=0
shrinkage=0.05


Tree=241
num_leaves=31
num_cat=0
split_feature=12 9 9 0 2 2 4 2 0 1 2 9 0 2 0 13 4 9 2 9 9 9 9 9 10 0 10 12 11 4
split_gain=3.30665 1.83797 3.63237 9.64588 19.1277 1.89334 3.37548 3.71012 2.00362 1.73664 2.76333 1.15448 4.88495 9.18475 4.71724 3.90709 5.63273 3.75033 3.11587 2.76838 1.95974 6.14906 5.49824 7.59495 5.76393 7.40045 4.54842 3.84955 8.81351 3.34771
threshold=1.5000000000000002 0.60434782505035411 0.57518798112869274 0.84857577085495006 93.063350677490249 93.063350677490249 0.89039039611816417 93.44086074829103 0.73894333839416515 34.330356597900398 44.575162887573249 0.33974359929561621 0.6839854121208192 16.108108520507816 0.69718578457832348 1.0000000180025095e-35 0.52086955308914196 0.1695402339100838 35.948717117309577 0.18350168317556384 0.58578431606292736 0.56385868787765514 0.61721614003181469 0.62828946113586437 1.5000000000000002 0.92829528450965892 2.5000000000000004 5.5000000000000009 1.0000000180025095e-35 0.57002803683280956
decision_type=2 2 2 2 2 2 2 2 2 2 2 2 2 2 2 2 2 2 2 2 2 2 2 2 2 2 2 2 2 2
left_child=1 2 -1 9 -5 -3 7 -7 -9 -4 -11 12 13 17 15 -14 -17 -2 -16 -19 21 27 24 26 25 -22 -24 -13 -29 -23
right_child=11 5 3 4 -6 6 -8 8 -10 10 -12 20 14 -15 18 16 -18 19 -20 -21 22 29 23 -25 -26 -27 -28 28 -30 -31
leaf_value=0.0052735496995114069 -0.042564341089028034 0.043155306169967773 0.053036806285892371 -0.84026544800898995 0.050377472117921686 -0.20246830263361165 -0.21482584162292662 -0.073763049097102559 0.050466804748135946 -0.14394223564456607 0.050699174069912062 0.0030162056443825518 -0.038441535862774934 -0.031595181799860865 -0.12572833514249551 0.054752923210219864 0.27867016027704511 0.085601271048934613 -0.0012165442895657429 0.0042341871036077824 -0.060887098362079263 0.035459995133626722 0.036944327588239054 -0.0021206429883050882 0.023142941983377654 0.016117038518173459 -0.20904972238869962 -0.037699478044333781 0.029681721527315005 -0.0017433743669298396
leaf_weight=200.02365984583594 4.3302418524399391 6.1439292774521146 0.51903338817646616 0.11212168511701737 0.13038583984598517 0.19215390620229378 0.18363906070590008 0.4002016612212177 1.7173489056731339 0.45340071618556976 0.30502282248926349 242.12192511372268 0.98563861140428244 38.619708595790144 0.5027783818077286 3.2684619646752258 0.30725874518975604 1.0738045080797736 784.41310887878353 39.470009863027371 11.99680780380732 21.567974658624738 15.18385753658367 303.97615123400465 4.4923627288371781 4.2168143744347608 0.19026543578365895 16.729468303150501 6.8360779415233983 8.4024722317699325
leaf_count=19170 780 2697 88 14 39 19 5 397 959 2 66 6813 960 9098 10 215 26 101 37573 669 227 2512 1866 39786 443 461 37 733 4467 97
internal_value=-0.000219165 0.00565635 0.00468841 -0.072314 -0.361405 0.0282423 -0.00850524 0.00789882 0.0269883 -0.017434 -0.0656613 -0.00103771 -0.00221801 -0.0137192 -0.00100167 0.0496984 0.0739939 0.0016653 -0.0012963 0.0063892 0.00058311 0.00356038 -0.00200545 -0.000386542 -0.0269739 -0.04086 0.0339 0.00113857 -0.018153 0.0250297
internal_weight=1718.87 210.181 201.544 1.51996 0.242508 8.63727 2.49334 2.3097 2.11755 1.27746 0.758424 1508.69 872.971 83.4938 789.477 4.56136 3.57572 44.8741 784.916 40.5438 635.714 295.658 340.056 319.35 20.706 16.2136 15.3741 265.687 23.5655 29.9704
internal_count=130330 23456 19379 209 53 4077 1380 1375 1356 156 68 106874 49432 10648 38784 1201 241 1550 37583 770 57442 14622 42820 41689 1131 688 1903 12013 5200 2609
is_linear=0
shrinkage=0.05


Tree=242
num_leaves=31
num_cat=0
split_feature=9 8 9 12 9 8 12 9 0 4 4 0 8 8 9 1 0 8 8 9 3 0 0 1 0 1 4 3 9 9
split_gain=1.70741 7.06741 14.1728 4.15115 4.24784 3.62185 3.30421 6.51496 3.76805 2.75708 5.90273 5.52802 6.61955 9.20136 3.89337 4.94685 3.89307 3.05168 8.64252 4.78906 2.66145 4.44933 4.51351 3.77943 3.80493 3.03069 2.6563 2.78087 2.56066 3.93899
threshold=0.16064515709877017 1.0000000180025095e-35 0.04446640424430371 4.5000000000000009 0.080540537834167494 46.188034057617195 2.5000000000000004 0.12701612710952762 0.89234432578086864 0.39208073914051061 0.35355392098426824 0.83714976906776439 43.341543197631843 40.68782043457032 0.23669467866420749 61.938297271728523 0.92381352186203014 37.53172683715821 36.626689910888679 0.18898809701204303 79.008567810058608 0.75075361132621776 0.79644659161567699 78.319625854492202 0.91250488162040722 76.253131866455092 0.37089946866035467 86.72955703735353 0.1695402339100838 0.18350168317556384
decision_type=2 2 2 2 2 2 2 2 2 2 2 2 2 2 2 2 2 2 2 2 2 2 2 2 2 2 2 2 2 2
left_child=1 20 -3 6 -5 9 8 -8 -4 10 17 28 13 -13 16 -16 -12 18 -2 -19 23 26 -23 24 25 -1 -22 -28 -11 -30
right_child=5 2 3 4 -6 -7 7 -9 -10 11 14 12 -14 -15 15 -17 -18 19 -20 -21 21 22 -24 -25 -26 -27 27 -29 29 -31
leaf_value=0.0082560057709471484 0.010603193449540881 -0.04609198598828558 -0.0067830018009631763 0.068209925665982746 0.0062492168803833653 0.00080797626892789532 -0.004723468233264215 -0.041133598981451081 0.023179560687781414 -0.038612815807589046 0.021644358192237371 -0.025961557258725471 0.05115886983317447 -0.17596047820959412 0.30125933679401951 0.051360210227681863 0.17682764048058863 0.05570841202038404 -0.12414388872857929 0.0099756968330734948 -0.070133147051854777 0.049434028628133564 -3.694818831451158e-05 0.061889239876981895 -0.071132487993988497 0.087644199063002304 -0.05903883609610884 0.051962333761572492 0.069668022421990786 0.0092433582375628705
leaf_weight=53.913739295676351 8.7010209775035019 24.139738361925993 47.785278984534671 3.3010782549681634 17.069929441873683 869.02284749029059 36.114153253285622 18.620569914346561 13.445416699862106 2.3605283506913137 1.8959015998407265 3.9716178233502424 1.6066656254115512 1.3768123663030563 0.41632119752466668 0.37769245357776526 0.51364256627857674 8.3926886388217117 1.3785164148430329 18.006074300064938 3.595891178585588 4.6492835460230699 553.49812552309595 3.4384743873961261 1.4830037243664254 1.2295996975153674 1.0786746041849258 1.1831216057762501 3.0115601837169406 25.829329244414112
leaf_count=1064 343 36189 8479 95 567 71693 3217 767 1053 146 87 81 39 32 11 34 10 327 75 871 36 55 3869 40 9 9 20 26 142 839
internal_value=0.000304228 -0.00142071 -0.0107791 -0.00452663 0.0162898 0.00173347 -0.00818334 -0.0171101 -0.000203636 0.0120661 0.0212936 0.00246966 -0.0378397 -0.0645748 0.0863667 0.182389 0.0547248 0.0155789 -0.00782534 0.024515 0.000985754 -7.98132e-05 0.000375138 0.0109914 0.00790073 0.0100262 -0.0434296 -0.000975302 0.011455 0.0155529
internal_weight=1731.41 784.546 160.476 136.336 20.371 946.861 115.965 54.7347 61.2307 77.8384 39.6819 38.1565 6.9551 5.34843 3.20356 0.794014 2.40954 36.4783 10.0795 26.3988 624.07 564.005 558.147 60.0648 56.6263 55.1433 5.85769 2.2618 31.2014 28.8409
internal_count=130225 55495 50367 14178 662 74730 13516 3984 9532 3037 1758 1279 152 113 142 45 97 1616 418 1198 5128 4006 3924 1122 1082 1073 82 46 1127 981
is_linear=0
shrinkage=0.05


Tree=243
num_leaves=31
num_cat=0
split_feature=12 10 8 8 9 3 1 9 5 1 9 2 4 8 9 3 9 2 2 8 5 2 4 8 4 8 2 8 3 8
split_gain=1.78136 2.13719 1.8084 2.45933 1.91584 1.74448 2.34684 1.66979 1.55724 1.5343 9.13602 7.07581 4.12849 3.54831 4.90743 6.66324 4.48978 3.25439 9.04211 4.42405 3.7686 4.12797 3.2647 3.00849 2.99562 2.07832 2.03841 7.98708 2.40721 1.41003
threshold=1.5000000000000002 1.5000000000000002 88.784862518310561 88.247200012207045 0.62828946113586437 99.425289154052749 20.144927978515629 0.59545454382896434 1.0000000180025095e-35 53.694938659667976 0.30901856720447546 53.694938659667976 0.62593284249305736 43.108610153198249 0.1695402339100838 73.765182495117202 0.17752101272344592 69.028213500976577 69.631092071533217 53.368236541748054 1.0000000180025095e-35 36.51515197753907 0.39314988255500799 72.982837677001967 0.98275861144065868 49.886877059936531 54.415584564208991 95.872028350830092 57.359306335449226 88.473194122314467
decision_type=2 2 2 2 2 2 2 2 2 2 2 2 2 2 2 2 2 2 2 2 2 2 2 2 2 2 2 2 2 2
left_child=1 2 3 4 7 -4 -7 -1 -8 10 13 25 26 14 15 -2 -16 20 -19 -20 21 -12 -22 24 -15 -11 27 -13 -28 -5
right_child=9 -3 5 29 -6 6 8 -9 -10 11 17 12 -14 23 16 -17 -18 18 19 -21 22 -23 -24 -25 -26 -27 28 -29 -30 -31
leaf_value=0.0040517353993319623 -0.049117949042645825 0.044682921550433574 0.050539360837902558 -0.10173095573435423 0.051439681506367435 -0.15974188798346176 -0.065015192428404242 -0.043560325083250313 0.050396516091978906 0.22630513362350932 0.0031890832283377434 -0.022707227037089581 0.086905263693786733 -0.041684426449807944 0.083886811110341006 0.00098167139470149473 0.0028665917386873456 -0.17085203365344603 -0.15434273062197734 -0.0037593529336025357 0.039949316425523677 -0.013714170438012466 -0.026777641910111196 0.041097395066483716 -0.01337014931529259 0.064582220720829822 0.050156334017457962 -0.53926221741516789 0.00073494403013173518 -0.0092990112084275125
leaf_weight=194.91618541642674 12.312717501401496 3.3429048671969204 3.918865414649189 0.85526951128849649 2.1154446083819485 0.22904306050622825 0.43004584794107348 1.8590473275689863 0.91235454723937426 0.21279451112786718 288.01662360725459 0.64195959495555044 1.393673022292204 23.266772595947259 1.8641422629589239 14.397006477433022 20.669952023890801 0.97463312867330287 0.51382624264806409 9.6147865811362845 10.743164174666161 41.298036775027867 2.2101995457196599 1.5329234784003336 15.608027918846345 2.9907919496763498 2.4696239261902511 0.084707735106348991 1064.7716237021741 0.79715298698283732
leaf_count=18448 6197 1556 1911 34 585 7 390 185 298 28 4085 164 65 6329 54 2372 609 29 22 1081 271 929 44 22 684 394 117 17 83066 68
internal_value=0.000701593 0.00502457 0.00438111 0.00360604 0.00411073 0.032692 -0.0118158 0.00360192 0.0134237 0.00010438 -0.00237096 0.00112682 0.000904536 -0.0166261 -0.00761543 -0.0221134 0.00956902 0.00124563 -0.0253952 -0.0113985 0.00210986 0.00106931 0.0285639 -0.0276072 -0.0303164 0.0753245 0.000792307 -0.0829221 0.000849306 -0.0571404
internal_weight=1724.96 209.376 206.033 200.543 198.891 5.49031 1.57144 196.775 1.3424 1515.59 443.023 1072.57 1069.36 89.6515 49.2438 26.7097 22.5341 353.371 11.1032 10.1286 342.268 329.315 12.9534 40.4077 38.8748 3.20359 1067.97 0.726667 1067.24 1.65242
internal_count=130061 23482 21926 19320 19218 2606 695 18633 688 106579 22728 83851 83429 16267 9232 8569 663 6461 1132 1103 5329 5014 315 7035 7013 422 83364 181 83183 102
is_linear=0
shrinkage=0.05


Tree=244
num_leaves=31
num_cat=0
split_feature=3 3 2 10 11 3 9 12 0 2 0 3 3 0 8 0 9 10 9 0 3 0 11 0 12 0 13 0 0 8
split_gain=1.72174 13.8769 8.16743 7.98963 8.44638 7.02313 5.85178 5.86116 5.69968 5.07163 4.46725 7.27167 3.71803 3.63437 3.29272 3.16336 2.77948 2.32385 3.94801 4.56594 2.26924 4.99202 3.78541 2.24325 1.71756 1.26321 2.94875 2.31543 1.90873 1.26123
threshold=39.077413558959968 38.196554183959968 18.677325248718265 1.0000000180025095e-35 1.0000000180025095e-35 30.940170288085941 0.27525253593921667 3.5000000000000004 0.42252655327320104 28.778468132019047 0.57937657833099376 59.491636276245124 44.636014938354499 0.47371079027652746 63.191850662231452 0.45975114405155187 0.39565217494964605 2.5000000000000004 0.72474747896194469 0.49845199286937719 49.675325393676765 0.59273442625999462 1.0000000180025095e-35 0.43343253433704382 7.5000000000000009 0.48091630637645727 1.0000000180025095e-35 0.58425417542457592 0.53891530632972728 81.501609802246108
decision_type=2 2 2 2 2 2 2 2 2 2 2 2 2 2 2 2 2 2 2 2 2 2 2 2 2 2 2 2 2 2
left_child=1 3 23 -1 5 14 8 -8 -6 10 11 12 -4 -13 -5 -3 -7 20 19 -19 21 -11 -22 -2 -20 26 -25 28 -27 -29
right_child=2 15 9 4 6 16 7 -9 -10 17 -12 13 -14 -15 -16 -17 -18 18 24 -21 22 -23 -24 25 -26 27 -28 29 -30 -31
leaf_value=0.061917898520332006 -0.078732741406437032 -0.17157369095532859 0.026957341811700637 -0.041559905089623379 -0.0085737052773197271 -0.063720900970443181 0.011780621473165706 -0.0050391930614761965 -0.051965159375096472 -0.0028989078001718221 0.059407437371634092 -0.12681908610607359 -0.0052311706908905698 0.00071294816313303489 0.029890043405499458 -0.062455376836594079 -0.15636964498349659 -0.21651714545443046 0.053899813266495115 -0.0034314312566192939 -0.00096719557334301099 -0.041886757218440672 0.0070125325052510113 -0.069836084282263927 -0.00049648858380019851 -0.048401309172276551 0.061984482204283355 -0.049610332763792626 -0.15487102931865382 0.052735162295152738
leaf_weight=4.7440149473768534 3.3735541514179186 0.74467022906173852 26.34399188606767 5.5071864859055477 32.208430785074597 1.6858175385277721 85.584098618259304 131.18609837628901 9.8924388886225625 41.558926290999807 5.3719509253278366 1.37772412635968 13.603879622678503 0.93964247594703909 2.2800535901769763 6.1456913663569139 1.5573261720710432 0.26604310993570734 6.4482057924433303 4.5667905869195238 1144.6187150207479 10.231595748162361 170.7963479990176 0.7196182816114739 1.8725755026243858 2.6595726466330238 1.033556170121301 0.48158161976607494 0.50010887440294016 0.80286879881168716
leaf_count=1171 89 26 736 177 1781 21 1973 2258 2244 1930 230 18 349 35 695 315 24 8 1417 710 68889 828 43053 33 1034 116 28 16 19 42
internal_value=-0.000589299 -0.00416491 0.000110955 -0.00240664 -0.00353727 -0.0463871 -0.00171145 0.00160152 -0.0187694 0.000419494 0.0164594 0.0110007 0.0159958 -0.0751076 -0.0206398 -0.0742482 -0.10821 -0.000134056 0.0207817 -0.0151616 -0.000335282 -0.0106012 6.89096e-05 -0.0459239 0.041658 -0.0280641 0.00787664 -0.0422425 -0.0652532 0.0143626
internal_weight=1719.1 281.536 1437.57 274.645 269.901 11.0304 258.871 216.77 42.1009 1428 47.6372 42.2652 39.9479 2.31737 7.78724 6.89036 3.24314 1380.36 13.1536 4.83283 1367.21 51.7905 1315.42 9.57086 8.32078 6.19731 1.75317 4.44413 3.15968 1.28445
internal_count=130265 10685 119580 10344 9173 917 8256 4231 4025 119237 1368 1138 1085 53 872 341 45 117869 3169 718 114700 2758 111942 343 2451 254 61 193 135 58
is_linear=0
shrinkage=0.05


Tree=245
num_leaves=31
num_cat=0
split_feature=8 9 8 9 0 1 10 13 9 8 8 2 3 3 2 9 4 1 8 9 3 1 4 4 3 8 8 8 0 9
split_gain=1.901 5.16977 3.52946 8.05123 3.20658 3.4923 2.84341 5.66502 3.84854 1.98521 5.89434 3.28859 2.6464 4.40909 4.22433 2.06088 1.97456 1.9492 1.90356 1.96313 3.37607 3.06307 1.67226 7.38667 1.96147 1.52332 6.01101 2.62381 0.52804 0.719794
threshold=97.793998718261733 0.81534090638160717 97.361461639404311 0.7379862666130067 0.94667077064514171 62.889245986938484 1.5000000000000002 1.0000000180025095e-35 0.76696833968162548 98.894992828369155 98.31455230712892 88.998897552490249 37.617923736572273 39.077413558959968 30.341388702392582 0.93541666865348827 0.22792208194732669 42.94755935668946 96.911758422851577 0.90238094329833995 41.444372177124031 30.848532676696781 0.46998800337314611 0.39811320602893835 39.077413558959968 82.131031036376967 81.16794586181642 83.291034698486342 0.99772727489471447 0.70777988433837902
decision_type=2 2 2 2 2 2 2 2 2 2 2 2 2 2 2 2 2 2 2 2 2 2 2 2 2 2 2 2 2 2
left_child=2 -2 18 28 5 17 8 -8 -6 10 -3 12 14 -14 -11 16 -12 -5 19 25 21 -21 23 24 -20 26 -1 -27 -4 -30
right_child=1 9 3 4 6 -7 7 -9 -10 11 15 -13 13 -15 -16 -17 -18 -19 22 20 -22 -23 -24 -25 -26 27 -28 -29 29 -31
leaf_value=-0.00032516461248505277 0.043108355970776391 0.054086288461389867 0.055282988964377645 -0.056585469634249132 -0.2655614952023696 0.053658899014725529 -0.68042253209124548 0.050159617867160514 -0.042905913897718889 0.0051870720785396566 -0.029500389821181552 0.050281986942557644 -0.098360930611646497 -0.0043128322676147012 0.06953754455365134 0.051806854544359307 -0.13972317964215453 -0.15733598467480819 -0.078830747564084619 0.016349887384412141 0.055685142073594922 -0.087629837623862492 0.063650576529651726 -0.14142278823051715 0.029808295360084489 -0.020415167726667703 0.029839642322517786 -0.0025400076603691361 0.052244789442385933 -0.027488502926691694
leaf_weight=1266.5970573456798 9.1037291246757359 1.176178110064938 1.380051062005804 2.1462606028071614 0.31386865365493566 0.60326622184948053 0.068332378155901097 0.043378068468882702 0.50848869182664203 15.915094027928719 0.60305425891419906 3.680473075961344 1.309481836855414 25.788834780527395 3.0369799613254136 0.24058264520135697 1.2455058413324875 0.61838516352872819 0.4375111699337112 2.7981892537791277 4.101794390786381 0.94830371439456929 1.8383507667022048 0.72843762029515424 8.2508619046711811 21.931890374529758 16.733490506871021 320.99974676265992 0.52538915452896617 0.61366757229552604
leaf_count=78156 1477 267 62 88 30 125 19 43 95 843 78 9381 9 1717 25 62 117 33 6 451 2428 4 160 33 694 1585 1323 30920 26 38
internal_value=-0.000287356 0.00830086 -0.000610157 -0.0365023 -0.0780707 -0.0553372 -0.160039 -0.396732 -0.127887 0.0023216 -0.0354444 0.00480132 0.00116638 -0.00885755 0.0154989 -0.0858498 -0.103765 -0.079121 -0.000461361 -0.000602503 0.0243441 -0.00996922 0.0200307 0.0115153 0.0243377 -0.000722895 6.81577e-05 -0.0036832 0.0344858 0.00928842
internal_weight=1714.29 62.0999 1652.19 6.82109 4.30198 3.36791 0.934068 0.11171 0.822357 52.9962 3.26532 49.7309 46.0504 27.0983 18.9521 2.08914 1.84856 2.76465 1645.37 1634.11 7.84829 3.74649 11.2552 9.41681 8.68837 1626.26 1283.33 342.932 2.51911 1.13906
internal_count=130295 13976 116319 559 433 246 187 62 125 12499 524 11975 2594 1726 868 257 195 121 115760 114867 2883 455 893 733 700 111984 79479 32505 126 64
is_linear=0
shrinkage=0.05


Tree=246
num_leaves=31
num_cat=0
split_feature=9 7 9 12 0 11 0 1 4 9 0 0 3 5 12 1 1 4 10 3 1 3 0 12 11 3 9 4 12 4
split_gain=1.58494 2.58 17.2823 5.42067 10.457 5.74395 4.66868 4.59176 4.13613 2.32571 2.28549 5.62927 3.00693 8.27937 3.32694 2.04743 7.35058 2.02263 5.20661 2.52216 5.07654 5.16762 4.55376 3.06346 2.51263 8.96983 6.42481 7.18851 5.11091 5.02616
threshold=0.41421568393707281 1.0000000180025095e-35 0.042572464793920524 2.5000000000000004 0.99772727489471447 1.0000000180025095e-35 0.89099425077438366 76.253131866455092 0.32200460135936743 0.40454545617103582 0.59682920575141918 0.68592891097068798 82.807880401611342 1.0000000180025095e-35 2.5000000000000004 46.065429687500007 33.549783706665046 0.76043477654457103 1.5000000000000002 49.675325393676765 18.350168228149418 39.077413558959968 0.69426971673965465 3.5000000000000004 1.0000000180025095e-35 35.388994216918952 0.50757575035095226 0.70074626803398143 3.5000000000000004 0.045983087271451957
decision_type=2 2 2 2 2 2 2 2 2 2 2 2 2 2 2 2 2 2 2 2 2 2 2 2 2 2 2 2 2 2
left_child=1 2 -1 4 6 -6 -4 9 -9 -5 15 -12 13 -13 -14 16 -3 24 19 20 21 -19 23 -21 25 -2 27 28 -26 -28
right_child=17 10 3 7 5 -7 -8 8 -10 -11 11 12 14 -15 -16 -17 -18 18 -20 22 -22 -23 -24 -25 26 -27 29 -29 -30 -31
leaf_value=-0.045888483376853688 -0.11641903246416241 0.14228203853417609 0.003552119232125628 -0.014097264836987526 -0.031881810335484755 -0.15896913840534851 0.024069596172989791 -0.0037784241138395787 0.022970679528716804 -0.10813434423799012 -0.033977588754213785 -0.053859263064473042 -0.0060526109545556948 0.016406941758732193 0.0028670948601634992 0.075349802557696757 -0.052769253668491847 -0.0098260511558314542 0.016456981244850188 -0.12512499174946981 0.065082962119902957 -0.13336238902822437 0.026622850633043302 -0.040646446419310846 0.0034588783000767866 0.00077790176922089445 0.026706285786895757 0.094324839746825151 0.036852939351488506 0.00056076759186431591
leaf_weight=22.890323191531934 1.6436664250359161 0.69042502995580379 182.40831239522959 100.06696866787388 10.179454872908533 0.97417685692198652 32.695672583329724 141.88490016949072 16.090468313886959 0.66185182449407776 11.218715775525196 4.4915680559352031 141.82017088192515 62.903014459647238 397.6924959179014 1.9636910716071723 1.6078956825658677 47.919767344697902 20.875354691263055 1.4445145963109087 2.2332471560221157 0.86175060458481212 1.93195807513257 4.1742166937328875 26.106778837478487 243.48778075326845 20.416246052787756 3.3146951673552385 20.419439734905609 184.44040365928231
leaf_count=35899 112 13 14763 4504 462 21 1430 6806 496 15 336 75 1017 863 2748 45 55 2435 1711 42 18 5 248 56 691 14779 20142 29 3699 16547
internal_value=0.000301161 -0.000788762 -0.00343334 -0.00142945 0.00422308 -0.0429818 0.00667076 -0.00637304 -0.00105391 -0.0147151 0.00136915 0.00111755 0.00176629 0.011724 0.000522397 0.037858 0.00582496 0.00242776 -0.00498325 -0.0126255 -0.0086336 -0.0120084 -0.0395961 -0.062365 0.00360563 -7.93239e-06 0.00708348 0.0231833 0.0181149 0.00316646
internal_weight=1709.51 1130.24 507.852 484.962 226.258 11.1536 215.104 258.704 157.975 100.729 622.388 618.126 606.907 67.3946 539.513 4.26201 2.29832 579.27 79.4408 58.5655 51.0148 48.7815 7.55069 5.61873 499.829 245.131 254.698 49.8409 46.5262 204.857
internal_count=130062 69548 64396 28497 16676 483 16193 11821 7302 4519 5152 5039 4703 938 3765 113 68 60514 4515 2804 2458 2440 346 98 55999 14891 41108 4419 4390 36689
is_linear=0
shrinkage=0.05


Tree=247
num_leaves=31
num_cat=0
split_feature=12 0 0 2 13 1 1 2 4 4 4 0 9 4 0 0 0 0 0 12 9 9 1 2 0 1 0 0 9 4
split_gain=2.25592 2.0499 4.07177 4.69405 3.49043 2.24896 6.01718 4.76795 3.03811 3.0373 4.57505 2.77295 2.69672 3.06595 2.24562 2.07224 2.42446 2.02377 1.43015 1.40244 1.5607 5.95415 5.93923 3.05056 2.71979 4.09472 2.49562 1.61571 1.41662 1.38376
threshold=1.5000000000000002 0.95790389180183422 0.96672847867012035 93.063350677490249 1.0000000180025095e-35 46.065429687500007 46.247655868530281 50.31645584106446 0.28708791732788091 1.0000000180025095e-35 0.070598009973764433 0.65200337767601024 0.080540537834167494 0.55217784643173229 0.85643821954727184 0.97437036037445079 0.97654297947883617 0.4524331688880921 0.55772042274475109 4.5000000000000009 0.78759399056434642 0.78416147828102123 76.253131866455092 79.205974578857436 0.4524331688880921 71.535182952880874 0.45975114405155187 0.44306187331676489 0.81101191043853771 0.72046512365341198
decision_type=2 2 2 2 2 2 2 2 2 2 2 2 2 2 2 2 2 2 2 2 2 2 2 2 2 2 2 2 2 2
left_child=1 5 3 -3 15 9 12 8 -8 17 18 -9 13 -7 -12 -4 -17 -1 -11 20 21 29 23 -23 27 26 -26 28 -22 -2
right_child=19 2 4 -5 -6 6 7 11 -10 10 14 -13 -14 -15 -16 16 -18 -19 -20 -21 24 22 -24 -25 25 -27 -28 -29 -30 -31
leaf_value=-0.044625192107143136 -0.0010137421932141688 0.052046012085437465 0.060095556831550434 -0.11031010237982644 0.05497548968332322 0.10052455635877525 0.074922788368227008 -0.015153812135955942 0.0030941587523135579 0.014043787807438785 -0.0015173083131937814 0.010001212098706407 0.023582588733963232 0.28920895467064195 0.040230679918927641 -0.13109715940572778 -0.012393916259124936 0.076943394239374796 -0.093350720823853817 0.0022685712882005728 -0.037164080319962933 -0.068865639599425849 0.051567781646473833 -0.20439249427117093 -0.065722193178726004 0.029665679979675924 -0.0044779443098450266 0.06736684957633203 0.021186436875544341 -0.0067664476842923997
leaf_weight=0.41472086677094866 967.70013876925805 0.58682850352488736 0.94801185715186953 1.8445725592027884 2.3240122189963577 0.90699387709901091 4.3841309861600157 12.454769813884921 2.2163630474242382 0.37731677376723327 69.924407159771363 91.010833499462024 0.73684534576022986 0.28230549319414422 3.3766466207889598 0.44557216588873316 12.435959121306951 1.9615245837630935 1.7374624621588735 349.96291947366262 1.1124621252529383 0.90317160414997422 0.60576491081155825 0.76851730328053236 1.738937492831609 9.3164082767470955 38.276091202904354 1.7862742974539276 16.005532338735065 117.19373489973805
leaf_count=9 50880 84 62 73 335 138 581 2658 385 43 8260 9519 47 28 169 23 596 228 244 47497 44 25 54 23 31 2856 1689 35 893 2544
internal_value=0.000170514 0.00504652 -0.0108013 -0.0711248 -0.00172151 0.00659844 0.0111348 0.0096016 0.0508036 6.77813e-05 -0.00168594 0.00697315 0.098745 0.145313 0.000405832 -0.0112493 -0.0164999 0.0557263 -0.0741895 -0.000504409 -0.00134432 -0.0018047 -0.0825653 -0.131171 0.00599078 -0.000188671 -0.00713944 0.0221163 0.0173944 -0.00163517
internal_weight=1713.74 208.369 18.585 2.4314 16.1536 189.784 111.992 110.066 6.60049 77.7921 75.4158 103.466 1.92614 1.1893 73.3011 13.8295 12.8815 2.37625 2.11478 1505.37 1155.41 1087.17 2.27745 1.67169 68.2357 49.3314 40.015 18.9043 17.118 1084.89
internal_count=130053 23482 1173 157 1016 22309 13356 13143 966 8953 8716 12177 213 166 8429 681 619 237 287 106571 59074 53526 102 48 5548 4576 1720 972 937 53424
is_linear=0
shrinkage=0.05


Tree=248
num_leaves=31
num_cat=0
split_feature=8 8 10 2 4 13 4 2 2 4 4 4 13 3 0 11 0 0 10 3 0 0 0 12 10 3 10 0 3 2
split_gain=1.66627 3.8713 3.70197 3.24641 3.12737 7.12967 3.26519 3.72073 3.21002 2.5075 3.82405 8.12782 3.03953 3.03123 2.47967 3.71423 1.93748 1.45689 1.28721 2.28009 1.25402 2.19877 2.98694 1.1634 1.51385 1.71397 1.11452 3.89791 3.3323 0.81233
threshold=97.793998718261733 97.361461639404311 1.5000000000000002 96.051948547363295 0.37965516746044164 1.0000000180025095e-35 0.3442887961864472 29.459980010986332 29.459980010986332 0.53907206654548656 0.57247900962829601 0.56562754511833202 1.0000000180025095e-35 39.077413558959968 0.97152331471443187 1.0000000180025095e-35 0.45975114405155187 0.42252655327320104 5.5000000000000009 37.617923736572273 0.47371079027652746 0.89099425077438366 0.99772727489471447 1.5000000000000002 1.5000000000000002 56.562757492065437 1.0000000180025095e-35 0.92942363023757946 71.039428710937514 24.316333770751957
decision_type=2 2 2 2 2 2 2 2 2 2 2 2 2 2 2 2 2 2 2 2 2 2 2 2 2 2 2 2 2 2
left_child=1 18 20 4 5 6 8 -8 -2 12 11 -11 -6 -14 17 -16 -12 -4 23 -20 -3 -22 -23 24 25 -1 28 -28 -25 -7
right_child=3 2 14 -5 9 29 7 -9 -10 10 16 -13 13 -15 15 -17 -18 -19 19 -21 21 22 -24 26 -26 -27 27 -29 -30 -31
leaf_value=-0.0049236442838862466 0.015730441485430693 0.056060027654109439 -0.22014870584721821 0.035122786517646713 0.054401212877146166 0.00060895667960177494 -0.16315985113302792 -0.025879459970111336 -0.029876648715838658 -0.0082845689731486215 -0.0033534171275656551 -0.23244407995545657 -0.066256967891865179 0.033150535524830951 -0.50812325883369647 0.050099829190967886 0.033825710735213781 -0.065249710795511048 0.06580959595430666 -0.071994330523266523 -0.074527139092144562 0.053785578786186339 -0.042365419739089111 -0.024833701915748501 0.039004256824593554 0.00555718952435865 -0.00058311764900812596 0.011802668771094255 -0.0012964901078433883 0.051067683166051585
leaf_weight=52.625681486169924 5.523744801757867 0.48075161641463537 0.18454263068269916 9.3681973920174624 6.6733172839158232 0.97399211695301247 0.84449471905827467 1.1877837018691932 12.795537660160333 2.0021635815646763 7.7678246824507351 0.50673864645068523 1.234582828517887 2.0242304355633678 0.089070443529635557 0.04477924297680147 6.3839588995906524 0.85552883823402226 0.38158354446932108 1.4069086594245162 1.7171552108338799 1.3182225967757406 2.0856733769396669 15.288242239366808 2.936373150219878 150.74285598012648 434.82920338393888 74.389228444073524 916.61862890298289 4.4049605277687078
leaf_count=4789 44 39 30 10128 402 51 5 41 1877 173 848 15 40 43 8 55 226 77 24 92 78 110 154 6870 1270 16192 22641 25049 38656 90
internal_value=-5.24526e-05 -0.000353029 -0.0380694 0.00801596 0.00316263 -0.00926446 -0.0227955 -0.0829251 -0.0161249 0.0151868 0.00333226 -0.0535595 0.0350721 -0.00450943 -0.118803 -0.32137 0.0134183 -0.0927338 -0.000198073 -0.0425932 -0.0211508 -0.0283992 -0.00512914 -0.000152048 0.00335972 0.00284506 -0.000654777 0.00122626 -0.00168263 0.0419309
internal_weight=1717.69 1655.99 6.77572 61.6915 52.3233 25.7305 20.3516 2.03228 18.3193 26.5928 16.6607 2.5089 9.93213 3.25881 1.17392 0.13385 14.1518 1.04007 1649.22 1.78849 5.6018 5.12105 3.4039 1647.43 206.305 203.369 1441.13 509.218 931.907 5.37895
internal_count=130117 116134 551 13983 3855 2108 1967 46 1921 1747 1262 188 485 83 170 63 1074 107 115583 116 381 342 264 115467 22251 20981 93216 47690 45526 141
is_linear=0
shrinkage=0.05


Tree=249
num_leaves=31
num_cat=0
split_feature=9 8 8 8 1 3 9 4 0 12 2 12 9 0 5 8 8 4 0 9 8 2 9 3 8 10 9 2 10 1
split_gain=1.43685 6.02675 6.8998 5.12351 4.23446 4.36027 6.61853 5.9924 5.94365 4.73932 3.99662 3.91053 3.83448 3.75945 5.40699 9.9785 13.3288 3.53854 3.43922 3.09229 3.46058 6.11408 5.60035 2.84601 2.59612 4.96714 5.79331 5.20002 3.51034 3.48042
threshold=0.47493734955787664 88.473194122314467 88.247200012207045 83.960041046142592 30.848532676696781 42.997200012207038 0.8441295623779298 0.24283374845981601 0.41036629676818853 4.5000000000000009 32.071428298950202 1.5000000000000002 0.70294117927551281 0.56228029727935802 1.0000000180025095e-35 91.385021209716811 94.293117523193374 0.43364779651165014 0.53891530632972728 0.41885964572429663 75.766986846923842 87.841831207275405 0.44722221791744238 41.728857040405281 75.766986846923842 2.5000000000000004 0.61721614003181469 75.716625213623061 1.5000000000000002 18.350168228149418
decision_type=2 2 2 2 2 2 2 2 2 2 2 2 2 2 2 2 2 2 2 2 2 2 2 2 2 2 2 2 2 2
left_child=1 2 19 12 5 7 9 8 -5 -7 18 -12 24 -3 15 -15 -17 -8 -6 -1 21 -21 -22 -9 28 26 -26 -27 29 -2
right_child=3 13 -4 4 10 6 17 23 -10 -11 11 -13 -14 14 -16 16 -18 -19 -20 20 22 -23 -24 -25 25 27 -28 -29 -30 -31
leaf_value=-0.00035312002040209528 -0.010781666656905499 0.097762777480372223 -0.15991658023865318 0.023275939707998072 0.0037176044471467148 -0.058912825653636307 0.076978692967752463 -0.00083481689791945932 -0.053226433872746726 0.016841242027393368 0.042435563892506974 0.0010363218852924099 0.036454240103595159 0.021402991863473188 0.025860987975436685 -0.48246391347499773 0.051852624897295002 -0.007301838555574063 0.072673446616467074 -0.011039304179130663 -0.014592089711269147 0.035429434206630459 -0.074383343965382751 0.037269749971689213 -0.0044912405076005506 -0.026616355259947034 0.027241612361472201 -0.19239591767508196 0.047300570796686044 0.021353608968823441
leaf_weight=1134.42524082612 12.398994729504919 1.6397312576009451 0.68351679429178958 3.3774981400638344 3.4557893353048703 12.887530624459034 1.5896237953566004 72.645403625778272 10.225366687984204 2.4585018884390584 5.8532717850357576 223.9057218799062 13.286030543138621 0.90629113488831226 19.815369663061571 0.28088449715869501 0.19969846296589822 5.7513021109043621 3.7928837392246351 32.11620700507774 31.540833182138158 9.0798986925656191 4.4715507764776694 5.2547632324276483 49.311945178706083 2.0607065614312883 20.305559017695487 0.61395331003586751 8.0744458966946677 26.293429725628812
leaf_count=69287 269 21 20 43 27 132 26 3429 80 34 2537 39187 1414 74 885 35 22 232 30 650 1592 1059 179 54 3501 54 2060 130 690 1922
internal_value=0.000282273 -0.000622275 -0.00110169 0.00259285 -0.000566625 -0.00847633 -0.0280983 -0.00361133 -0.0342314 -0.0467767 0.00324426 0.002091 0.010977 0.0248221 0.019181 -0.076261 -0.260437 0.0109485 0.0397989 -0.0010121 -0.0106944 -0.000797282 -0.0220162 0.00173553 0.00813393 0.00219545 0.00476438 -0.0646701 0.0173136 0.0110559
internal_weight=1718.7 1235.16 1212.32 483.543 351.198 114.19 22.687 91.503 13.6029 15.346 237.008 229.759 132.345 22.842 21.2022 1.38687 0.480583 7.34093 7.24867 1211.63 77.2085 41.1961 36.0124 77.9002 119.059 72.2922 69.6175 2.67466 46.7669 38.6924
internal_count=129675 73824 72787 55851 45811 4030 424 3606 123 166 41781 41724 10040 1037 1016 131 57 258 57 72767 3480 1709 1771 3483 8626 5745 5561 184 2881 2191
is_linear=0
shrinkage=0.05


end of trees

feature_importances:
addr_jaccard=1195
addr_token_sort=1130
blocking_hits=825
name_sort_ratio=703
name_partial_ratio=675
name_len_diff=674
name_set_ratio=613
name_jw=597
source_is_s3=415
num_common=310
num_exact_first=150
first_word_match=111
is_addr_empty_c=102

parameters:
[boosting: gbdt]
[objective: binary]
[metric: binary_logloss]
[tree_learner: serial]
[device_type: cpu]
[data_sample_strategy: bagging]
[data: ]
[valid: ]
[num_iterations: 250]
[learning_rate: 0.05]
[num_leaves: 31]
[num_threads: 0]
[seed: 42]
[deterministic: 0]
[force_col_wise: 0]
[force_row_wise: 0]
[histogram_pool_size: -1]
[max_depth: 6]
[min_data_in_leaf: 20]
[min_sum_hessian_in_leaf: 0.001]
[bagging_fraction: 0.85]
[pos_bagging_fraction: 1]
[neg_bagging_fraction: 1]
[bagging_freq: 1]
[bagging_seed: 400]
[bagging_by_query: 0]
[feature_fraction: 0.85]
[feature_fraction_bynode: 1]
[feature_fraction_seed: 30056]
[extra_trees: 0]
[extra_seed: 12879]
[early_stopping_round: 0]
[early_stopping_min_delta: 0]
[first_metric_only: 0]
[max_delta_step: 0]
[lambda_l1: 0]
[lambda_l2: 0]
[linear_lambda: 0]
[min_gain_to_split: 0]
[drop_rate: 0.1]
[max_drop: 50]
[skip_drop: 0.5]
[xgboost_dart_mode: 0]
[uniform_drop: 0]
[drop_seed: 17869]
[top_rate: 0.2]
[other_rate: 0.1]
[min_data_per_group: 100]
[max_cat_threshold: 32]
[cat_l2: 10]
[cat_smooth: 10]
[max_cat_to_onehot: 4]
[top_k: 20]
[monotone_constraints: ]
[monotone_constraints_method: basic]
[monotone_penalty: 0]
[feature_contri: ]
[forcedsplits_filename: ]
[refit_decay_rate: 0.9]
[cegb_tradeoff: 1]
[cegb_penalty_split: 0]
[cegb_penalty_feature_lazy: ]
[cegb_penalty_feature_coupled: ]
[path_smooth: 0]
[interaction_constraints: ]
[verbosity: -1]
[saved_feature_importance_type: 0]
[use_quantized_grad: 0]
[num_grad_quant_bins: 4]
[quant_train_renew_leaf: 0]
[stochastic_rounding: 1]
[linear_tree: 0]
[max_bin: 255]
[max_bin_by_feature: ]
[min_data_in_bin: 3]
[bin_construct_sample_cnt: 200000]
[data_random_seed: 175]
[is_enable_sparse: 1]
[enable_bundle: 1]
[use_missing: 1]
[zero_as_missing: 0]
[feature_pre_filter: 1]
[pre_partition: 0]
[two_round: 0]
[header: 0]
[label_column: ]
[weight_column: ]
[group_column: ]
[ignore_column: ]
[categorical_feature: ]
[forcedbins_filename: ]
[precise_float_parser: 0]
[parser_config_file: ]
[objective_seed: 16083]
[num_class: 1]
[is_unbalance: 0]
[scale_pos_weight: 1]
[sigmoid: 1]
[boost_from_average: 1]
[reg_sqrt: 0]
[alpha: 0.9]
[fair_c: 1]
[poisson_max_delta_step: 0.7]
[tweedie_variance_power: 1.5]
[lambdarank_truncation_level: 30]
[lambdarank_norm: 1]
[label_gain: ]
[lambdarank_position_bias_regularization: 0]
[eval_at: ]
[multi_error_top_k: 1]
[auc_mu_weights: ]
[num_machines: 1]
[local_listen_port: 12400]
[time_out: 120]
[machine_list_filename: ]
[machines: ]
[gpu_platform_id: -1]
[gpu_device_id: -1]
[gpu_device_id_list: ]
[gpu_use_dp: 0]
[num_gpu: 1]

end of parameters

pandas_categorical:null
